const uint8_t AGENCYB50pt7bBitmaps[] PROGMEM = {
  0x00, 0xFF, 0xFF, 0xFF, 0xFF, 0xFF, 0xFF, 0xFF, 0xFF, 0xFF, 0xFF, 0xFF,
  0xFF, 0xFF, 0xFF, 0xFF, 0xFF, 0xFF, 0xFF, 0xFF, 0xFF, 0xFF, 0xFF, 0xFF,
  0xFF, 0xFF, 0xFF, 0xFF, 0xFF, 0xFF, 0xFF, 0xFF, 0xFF, 0xFF, 0xFF, 0xFF,
  0xFF, 0xFF, 0xFF, 0xFF, 0xFF, 0xFF, 0xFF, 0xFF, 0xFF, 0x7F, 0xEF, 0xFD,
  0xFF, 0xBF, 0xF7, 0xFC, 0xFF, 0x9F, 0xF3, 0xFE, 0x7F, 0xCF, 0xF9, 0xFF,
  0x3F, 0xE7, 0xFC, 0xFF, 0x9F, 0xF3, 0xFE, 0x7F, 0xCF, 0xF9, 0xFF, 0x3F,
  0xE7, 0xFC, 0xFF, 0x9F, 0xF3, 0xFE, 0x7F, 0xC0, 0x00, 0x00, 0x00, 0x00,
  0x00, 0x00, 0x00, 0x07, 0xFF, 0xFF, 0xFF, 0xFF, 0xFF, 0xFF, 0xFF, 0xFF,
  0xFF, 0xFF, 0xFF, 0xFF, 0xFF, 0xFF, 0xFF, 0xFF, 0x80, 0xFF, 0xE0, 0xFF,
  0xFF, 0xFC, 0x1F, 0xFF, 0xFF, 0x83, 0xFF, 0xFF, 0xF0, 0x7F, 0xFF, 0xFE,
  0x0F, 0xFE, 0xFF, 0x81, 0xFF, 0xDF, 0xF0, 0x1F, 0xF3, 0xFE, 0x03, 0xFE,
  0x7F, 0xC0, 0x7F, 0xCF, 0xF8, 0x0F, 0xF9, 0xFF, 0x01, 0xFF, 0x3F, 0xE0,
  0x3F, 0xE7, 0xFC, 0x07, 0xFC, 0xFF, 0x80, 0xFF, 0x9F, 0xF0, 0x1F, 0xF3,
  0xFE, 0x03, 0xFE, 0x3F, 0x80, 0x7F, 0xC7, 0xF0, 0x07, 0xF0, 0xFE, 0x00,
  0xFE, 0x1F, 0xC0, 0x1F, 0xC3, 0xF8, 0x03, 0xF8, 0x7F, 0x00, 0x7F, 0x0F,
  0xE0, 0x0F, 0xE0, 0x00, 0x00, 0xFF, 0xC0, 0x3F, 0xF0, 0x00, 0x00, 0x7F,
  0xE0, 0x1F, 0xF8, 0x00, 0x00, 0x3F, 0xF0, 0x0F, 0xFC, 0x00, 0x00, 0x3F,
  0xF8, 0x0F, 0xFC, 0x00, 0x00, 0x1F, 0xF8, 0x07, 0xFE, 0x00, 0x00, 0x0F,
  0xFC, 0x03, 0xFF, 0x00, 0x00, 0x07, 0xFE, 0x01, 0xFF, 0x80, 0x00, 0x03,
  0xFF, 0x00, 0xFF, 0xC0, 0x00, 0x01, 0xFF, 0x80, 0x7F, 0xE0, 0x00, 0x00,
  0xFF, 0xC0, 0x3F, 0xF0, 0x00, 0x00, 0xFF, 0xC0, 0x3F, 0xF0, 0x00, 0x00,
  0x7F, 0xE0, 0x1F, 0xF8, 0x00, 0x00, 0x3F, 0xF0, 0x0F, 0xFC, 0x00, 0x00,
  0x1F, 0xF8, 0x07, 0xFE, 0x00, 0x00, 0x0F, 0xFC, 0x03, 0xFF, 0x00, 0x00,
  0x07, 0xFE, 0x01, 0xFF, 0x80, 0x00, 0x03, 0xFF, 0x00, 0xFF, 0xC0, 0x00,
  0x03, 0xFF, 0x00, 0xFF, 0xC0, 0x00, 0x01, 0xFF, 0x80, 0x7F, 0xE0, 0x03,
  0xFF, 0xFF, 0xFF, 0xFF, 0xFF, 0xF1, 0xFF, 0xFF, 0xFF, 0xFF, 0xFF, 0xF8,
  0xFF, 0xFF, 0xFF, 0xFF, 0xFF, 0xFC, 0x7F, 0xFF, 0xFF, 0xFF, 0xFF, 0xFE,
  0x3F, 0xFF, 0xFF, 0xFF, 0xFF, 0xFF, 0x1F, 0xFF, 0xFF, 0xFF, 0xFF, 0xFF,
  0x8F, 0xFF, 0xFF, 0xFF, 0xFF, 0xFF, 0xC7, 0xFF, 0xFF, 0xFF, 0xFF, 0xFF,
  0xE3, 0xFF, 0xFF, 0xFF, 0xFF, 0xFF, 0xF0, 0x00, 0xFF, 0xC0, 0x3F, 0xF0,
  0x00, 0x00, 0x7F, 0xE0, 0x1F, 0xF8, 0x00, 0x00, 0x3F, 0xF0, 0x0F, 0xF8,
  0x00, 0x00, 0x3F, 0xF0, 0x0F, 0xFC, 0x00, 0x00, 0x1F, 0xF8, 0x07, 0xFE,
  0x00, 0x00, 0x0F, 0xFC, 0x03, 0xFF, 0x00, 0x00, 0x07, 0xFE, 0x01, 0xFF,
  0x80, 0x00, 0x03, 0xFF, 0x00, 0xFF, 0xC0, 0x00, 0x01, 0xFF, 0x80, 0x7F,
  0xE0, 0x00, 0x01, 0xFF, 0x80, 0x7F, 0xE0, 0x00, 0x00, 0xFF, 0xC0, 0x3F,
  0xF0, 0x00, 0x00, 0x7F, 0xE0, 0x1F, 0xF8, 0x00, 0x00, 0x3F, 0xF0, 0x0F,
  0xFC, 0x00, 0x00, 0x1F, 0xF8, 0x07, 0xFE, 0x00, 0x00, 0x0F, 0xFC, 0x03,
  0xFF, 0x00, 0x00, 0x07, 0xFE, 0x01, 0xFF, 0x80, 0x00, 0x07, 0xFE, 0x01,
  0xFF, 0x80, 0x00, 0x03, 0xFF, 0x00, 0xFF, 0xC0, 0x00, 0x01, 0xFF, 0x80,
  0x7F, 0xE0, 0x01, 0xFF, 0xFF, 0xFF, 0xFF, 0xFF, 0xF8, 0xFF, 0xFF, 0xFF,
  0xFF, 0xFF, 0xFC, 0x7F, 0xFF, 0xFF, 0xFF, 0xFF, 0xFE, 0x3F, 0xFF, 0xFF,
  0xFF, 0xFF, 0xFF, 0x1F, 0xFF, 0xFF, 0xFF, 0xFF, 0xFF, 0x8F, 0xFF, 0xFF,
  0xFF, 0xFF, 0xFF, 0xC7, 0xFF, 0xFF, 0xFF, 0xFF, 0xFF, 0xE3, 0xFF, 0xFF,
  0xFF, 0xFF, 0xFF, 0xF1, 0xFF, 0xFF, 0xFF, 0xFF, 0xFF, 0xF8, 0x00, 0xFF,
  0xC0, 0x3F, 0xF0, 0x00, 0x00, 0x7F, 0xE0, 0x1F, 0xF8, 0x00, 0x00, 0x7F,
  0xE0, 0x1F, 0xF8, 0x00, 0x00, 0x3F, 0xF0, 0x0F, 0xFC, 0x00, 0x00, 0x1F,
  0xF8, 0x07, 0xFE, 0x00, 0x00, 0x0F, 0xFC, 0x03, 0xFF, 0x00, 0x00, 0x07,
  0xFE, 0x01, 0xFF, 0x80, 0x00, 0x03, 0xFF, 0x00, 0xFF, 0xC0, 0x00, 0x01,
  0xFF, 0x80, 0x7F, 0xE0, 0x00, 0x01, 0xFF, 0x80, 0x7F, 0xE0, 0x00, 0x00,
  0xFF, 0xC0, 0x3F, 0xF0, 0x00, 0x00, 0x7F, 0xE0, 0x1F, 0xF8, 0x00, 0x00,
  0x3F, 0xF0, 0x0F, 0xFC, 0x00, 0x00, 0x1F, 0xF8, 0x07, 0xFE, 0x00, 0x00,
  0x0F, 0xFC, 0x03, 0xFF, 0x00, 0x00, 0x0F, 0xFE, 0x03, 0xFF, 0x80, 0x00,
  0x07, 0xFE, 0x01, 0xFF, 0x80, 0x00, 0x03, 0xFF, 0x00, 0xFF, 0xC0, 0x00,
  0x01, 0xFF, 0x80, 0x7F, 0xE0, 0x00, 0x00, 0x00, 0x1F, 0xFF, 0x00, 0x00,
  0x03, 0xFF, 0xE0, 0x00, 0x00, 0x7F, 0xFC, 0x00, 0x00, 0x0F, 0xFF, 0x80,
  0x00, 0x01, 0xFF, 0xF0, 0x00, 0x00, 0x3F, 0xFE, 0x00, 0x00, 0x07, 0xFF,
  0xC0, 0x00, 0xFF, 0xFF, 0xFF, 0xF8, 0x7F, 0xFF, 0xFF, 0xFF, 0xCF, 0xFF,
  0xFF, 0xFF, 0xFB, 0xFF, 0xFF, 0xFF, 0xFF, 0xFF, 0xFF, 0xFF, 0xFF, 0xFF,
  0xFF, 0xFF, 0xFF, 0xFF, 0xFF, 0xFF, 0xFF, 0xFF, 0xFF, 0xFF, 0xFF, 0xFF,
  0xFF, 0xFF, 0xFF, 0xFF, 0xFF, 0xFF, 0xFF, 0xFF, 0xFF, 0xFF, 0xFC, 0x00,
  0x1F, 0xFF, 0xFF, 0x80, 0x03, 0xFF, 0xFF, 0xF0, 0x00, 0x7F, 0xFF, 0xFE,
  0x00, 0x0F, 0xFF, 0xFF, 0xC0, 0x01, 0xFF, 0xFF, 0xF8, 0x00, 0x3F, 0xFF,
  0xFF, 0x00, 0x07, 0xFF, 0xFF, 0xE0, 0x00, 0xFF, 0xFF, 0xFC, 0x00, 0x1F,
  0xFF, 0xFF, 0x80, 0x03, 0xFF, 0xFF, 0xF0, 0x00, 0x7F, 0xFF, 0xFE, 0x00,
  0x0F, 0xFF, 0xFF, 0xC0, 0x01, 0xFF, 0xFF, 0xF8, 0x00, 0x00, 0x07, 0xFF,
  0x80, 0x00, 0x00, 0xFF, 0xF8, 0x00, 0x00, 0x0F, 0xFF, 0x80, 0x00, 0x01,
  0xFF, 0xF8, 0x00, 0x00, 0x1F, 0xFF, 0x80, 0x00, 0x01, 0xFF, 0xF8, 0x00,
  0x00, 0x1F, 0xFF, 0x80, 0x00, 0x01, 0xFF, 0xF8, 0x00, 0x00, 0x1F, 0xFF,
  0x80, 0x00, 0x01, 0xFF, 0xF8, 0x00, 0x00, 0x1F, 0xFF, 0x80, 0x00, 0x01,
  0xFF, 0xF8, 0x00, 0x00, 0x1F, 0xFF, 0x80, 0x00, 0x01, 0xFF, 0xF8, 0x00,
  0x00, 0x1F, 0xFF, 0x80, 0x00, 0x01, 0xFF, 0xFC, 0x00, 0x00, 0x1F, 0xFF,
  0xC0, 0x00, 0x01, 0xFF, 0xFC, 0x00, 0x00, 0x1F, 0xFF, 0xC0, 0x00, 0x01,
  0xFF, 0xFC, 0x00, 0x00, 0x1F, 0xFF, 0xC0, 0x00, 0x01, 0xFF, 0xF8, 0x00,
  0x00, 0x1F, 0xFF, 0x80, 0x00, 0x01, 0xFF, 0xF8, 0x00, 0x00, 0x1F, 0xFF,
  0x00, 0x00, 0x01, 0xFF, 0xFF, 0xFC, 0x00, 0x1F, 0xFF, 0xFF, 0x80, 0x03,
  0xFF, 0xFF, 0xF0, 0x00, 0x7F, 0xFF, 0xFE, 0x00, 0x0F, 0xFF, 0xFF, 0xC0,
  0x01, 0xFF, 0xFF, 0xF8, 0x00, 0x3F, 0xFF, 0xFF, 0x00, 0x07, 0xFF, 0xFF,
  0xE0, 0x00, 0xFF, 0xFF, 0xFC, 0x00, 0x1F, 0xFF, 0xFF, 0x80, 0x03, 0xFF,
  0xFF, 0xF0, 0x00, 0x7F, 0xFF, 0xFE, 0x00, 0x0F, 0xFF, 0xFF, 0xC0, 0x01,
  0xFF, 0xFF, 0xF8, 0x00, 0x3F, 0xFF, 0xFF, 0xFF, 0xFF, 0xFF, 0xFF, 0xFF,
  0xFF, 0xFF, 0xFF, 0xFF, 0xFF, 0xFF, 0xFF, 0xFF, 0xFF, 0xFF, 0xFF, 0xFF,
  0xFF, 0xFF, 0xFF, 0xFF, 0xFF, 0xFF, 0xFF, 0xFF, 0xFF, 0xFF, 0xFF, 0xFF,
  0xDF, 0xFF, 0xFF, 0xFF, 0xF3, 0xFF, 0xFF, 0xFF, 0xFE, 0x1F, 0xFF, 0xFF,
  0xFF, 0x00, 0x03, 0xFF, 0xE0, 0x00, 0x00, 0x7F, 0xFC, 0x00, 0x00, 0x0F,
  0xFF, 0x80, 0x00, 0x01, 0xFF, 0xF0, 0x00, 0x00, 0x3F, 0xFE, 0x00, 0x00,
  0x07, 0xFF, 0xC0, 0x00, 0x00, 0xFF, 0xF8, 0x00, 0x1F, 0xFF, 0xFC, 0x00,
  0x00, 0x00, 0xFC, 0x03, 0xFF, 0xFF, 0xF8, 0x00, 0x00, 0x0F, 0xE0, 0x1F,
  0xFF, 0xFF, 0xC0, 0x00, 0x00, 0x7E, 0x01, 0xFF, 0xFF, 0xFF, 0x00, 0x00,
  0x07, 0xF0, 0x0F, 0xFF, 0xFF, 0xF8, 0x00, 0x00, 0x7F, 0x00, 0x7F, 0xFF,
  0xFF, 0xC0, 0x00, 0x03, 0xF8, 0x03, 0xFC, 0x01, 0xFE, 0x00, 0x00, 0x3F,
  0x80, 0x1F, 0xE0, 0x0F, 0xF0, 0x00, 0x01, 0xFC, 0x00, 0xFF, 0x00, 0x7F,
  0x80, 0x00, 0x1F, 0xC0, 0x07, 0xF8, 0x03, 0xFC, 0x00, 0x00, 0xFC, 0x00,
  0x3F, 0xC0, 0x1F, 0xE0, 0x00, 0x0F, 0xE0, 0x01, 0xFE, 0x00, 0xFF, 0x00,
  0x00, 0x7E, 0x00, 0x0F, 0xF0, 0x07, 0xF8, 0x00, 0x07, 0xF0, 0x00, 0x7F,
  0x80, 0x3F, 0xC0, 0x00, 0x7F, 0x00, 0x03, 0xFC, 0x01, 0xFE, 0x00, 0x03,
  0xF8, 0x00, 0x1F, 0xE0, 0x0F, 0xF0, 0x00, 0x3F, 0x80, 0x00, 0xFF, 0x00,
  0x7F, 0x80, 0x01, 0xFC, 0x00, 0x07, 0xF8, 0x03, 0xFC, 0x00, 0x1F, 0xC0,
  0x00, 0x3F, 0xC0, 0x1F, 0xE0, 0x00, 0xFC, 0x00, 0x01, 0xFE, 0x00, 0xFF,
  0x00, 0x0F, 0xE0, 0x00, 0x0F, 0xF0, 0x07, 0xF8, 0x00, 0x7E, 0x00, 0x00,
  0x7F, 0x80, 0x3F, 0xC0, 0x07, 0xF0, 0x00, 0x03, 0xFC, 0x01, 0xFE, 0x00,
  0x7F, 0x00, 0x00, 0x1F, 0xE0, 0x0F, 0xF0, 0x03, 0xF8, 0x00, 0x00, 0xFF,
  0x00, 0x7F, 0x80, 0x3F, 0x80, 0x00, 0x07, 0xF8, 0x03, 0xFC, 0x01, 0xFC,
  0x00, 0x00, 0x3F, 0xC0, 0x1F, 0xE0, 0x1F, 0xC0, 0x00, 0x01, 0xFE, 0x00,
  0xFF, 0x00, 0xFC, 0x00, 0x00, 0x0F, 0xF0, 0x07, 0xF8, 0x0F, 0xE0, 0x00,
  0x00, 0x7F, 0x80, 0x3F, 0xC0, 0x7E, 0x00, 0x00, 0x03, 0xFC, 0x01, 0xFE,
  0x07, 0xF0, 0x00, 0x00, 0x1F, 0xE0, 0x0F, 0xF0, 0x7F, 0x00, 0x00, 0x00,
  0xFF, 0xFF, 0xFF, 0x83, 0xF8, 0x00, 0x00, 0x07, 0xFF, 0xFF, 0xFC, 0x3F,
  0x80, 0x00, 0x00, 0x3F, 0xFF, 0xFF, 0xE1, 0xFC, 0x00, 0x00, 0x00, 0xFF,
  0xFF, 0xFE, 0x1F, 0xC0, 0x00, 0x00, 0x07, 0xFF, 0xFF, 0xF0, 0xFC, 0x00,
  0x00, 0x00, 0x0F, 0xFF, 0xFE, 0x0F, 0xE0, 0xFF, 0xFF, 0xE0, 0x00, 0x00,
  0x00, 0x7E, 0x1F, 0xFF, 0xFF, 0xC0, 0x00, 0x00, 0x07, 0xF0, 0xFF, 0xFF,
  0xFE, 0x00, 0x00, 0x00, 0x7F, 0x0F, 0xFF, 0xFF, 0xF8, 0x00, 0x00, 0x03,
  0xF8, 0x7F, 0xFF, 0xFF, 0xC0, 0x00, 0x00, 0x3F, 0x83, 0xFF, 0xFF, 0xFE,
  0x00, 0x00, 0x01, 0xFC, 0x1F, 0xE0, 0x0F, 0xF0, 0x00, 0x00, 0x1F, 0xC0,
  0xFF, 0x00, 0x7F, 0x80, 0x00, 0x00, 0xFC, 0x07, 0xF8, 0x03, 0xFC, 0x00,
  0x00, 0x0F, 0xE0, 0x3F, 0xC0, 0x1F, 0xE0, 0x00, 0x00, 0x7E, 0x01, 0xFE,
  0x00, 0xFF, 0x00, 0x00, 0x07, 0xF0, 0x0F, 0xF0, 0x07, 0xF8, 0x00, 0x00,
  0x7F, 0x00, 0x7F, 0x80, 0x3F, 0xC0, 0x00, 0x03, 0xF8, 0x03, 0xFC, 0x01,
  0xFE, 0x00, 0x00, 0x3F, 0x80, 0x1F, 0xE0, 0x0F, 0xF0, 0x00, 0x01, 0xFC,
  0x00, 0xFF, 0x00, 0x7F, 0x80, 0x00, 0x1F, 0xC0, 0x07, 0xF8, 0x03, 0xFC,
  0x00, 0x00, 0xFC, 0x00, 0x3F, 0xC0, 0x1F, 0xE0, 0x00, 0x0F, 0xE0, 0x01,
  0xFE, 0x00, 0xFF, 0x00, 0x00, 0x7E, 0x00, 0x0F, 0xF0, 0x07, 0xF8, 0x00,
  0x07, 0xF0, 0x00, 0x7F, 0x80, 0x3F, 0xC0, 0x00, 0x7F, 0x00, 0x03, 0xFC,
  0x01, 0xFE, 0x00, 0x03, 0xF8, 0x00, 0x1F, 0xE0, 0x0F, 0xF0, 0x00, 0x3F,
  0x80, 0x00, 0xFF, 0x00, 0x7F, 0x80, 0x01, 0xFC, 0x00, 0x07, 0xF8, 0x03,
  0xFC, 0x00, 0x1F, 0xC0, 0x00, 0x3F, 0xC0, 0x1F, 0xE0, 0x00, 0xFC, 0x00,
  0x01, 0xFE, 0x00, 0xFF, 0x00, 0x0F, 0xE0, 0x00, 0x0F, 0xF0, 0x07, 0xF8,
  0x00, 0x7E, 0x00, 0x00, 0x7F, 0x80, 0x3F, 0xC0, 0x07, 0xF0, 0x00, 0x03,
  0xFC, 0x01, 0xFE, 0x00, 0x7F, 0x00, 0x00, 0x1F, 0xE0, 0x0F, 0xF0, 0x03,
  0xF8, 0x00, 0x00, 0xFF, 0x00, 0x7F, 0x80, 0x3F, 0x80, 0x00, 0x07, 0xFF,
  0xFF, 0xFC, 0x01, 0xFC, 0x00, 0x00, 0x3F, 0xFF, 0xFF, 0xE0, 0x1F, 0xC0,
  0x00, 0x01, 0xFF, 0xFF, 0xFF, 0x00, 0xFC, 0x00, 0x00, 0x07, 0xFF, 0xFF,
  0xF0, 0x0F, 0xE0, 0x00, 0x00, 0x3F, 0xFF, 0xFF, 0x80, 0x7E, 0x00, 0x00,
  0x00, 0x7F, 0xFF, 0xF0, 0x0F, 0xFF, 0xFF, 0xFF, 0xC0, 0x0F, 0xFF, 0xFF,
  0xFF, 0xF8, 0x07, 0xFF, 0xFF, 0xFF, 0xFF, 0x01, 0xFF, 0xFF, 0xFF, 0xFF,
  0xE0, 0xFF, 0xFF, 0xFF, 0xFF, 0xF8, 0x3F, 0xFF, 0xFF, 0xFF, 0xFE, 0x0F,
  0xFF, 0xFF, 0xFF, 0xFF, 0x83, 0xFF, 0xFF, 0xFF, 0xFF, 0xE0, 0xFF, 0xFF,
  0xFF, 0xFF, 0xF8, 0x3F, 0xFF, 0xFF, 0xFF, 0xFE, 0x0F, 0xFE, 0x00, 0x03,
  0xFF, 0x83, 0xFF, 0x80, 0x00, 0xFF, 0xE0, 0xFF, 0xE0, 0x00, 0x3F, 0xF8,
  0x3F, 0xF8, 0x00, 0x0F, 0xFE, 0x0F, 0xFE, 0x00, 0x03, 0xFF, 0x83, 0xFF,
  0x80, 0x00, 0xFF, 0xE0, 0xFF, 0xE0, 0x00, 0x3F, 0xF8, 0x3F, 0xF8, 0x00,
  0x0F, 0xFE, 0x0F, 0xFE, 0x00, 0x03, 0xFF, 0x83, 0xFF, 0x80, 0x00, 0xFF,
  0xE0, 0xFF, 0xE0, 0x00, 0x3F, 0xF8, 0x3F, 0xF8, 0x00, 0x0F, 0xFE, 0x0F,
  0xFE, 0x00, 0x03, 0xFF, 0x83, 0xFF, 0x80, 0x00, 0x00, 0x00, 0xFF, 0xE0,
  0x00, 0x00, 0x00, 0x3F, 0xF8, 0x00, 0x00, 0x00, 0x0F, 0xFE, 0x00, 0x00,
  0x00, 0x03, 0xFF, 0x80, 0x00, 0x00, 0x00, 0xFF, 0xF8, 0x00, 0x00, 0x00,
  0x1F, 0xFF, 0x00, 0x00, 0x00, 0x07, 0xFF, 0xF0, 0x00, 0x00, 0x00, 0xFF,
  0xFF, 0xFF, 0xFF, 0xFF, 0x1F, 0xFF, 0xFF, 0xFF, 0xFF, 0xC3, 0xFF, 0xFF,
  0xFF, 0xFF, 0xF0, 0x7F, 0xFF, 0xFF, 0xFF, 0xFC, 0x07, 0xFF, 0xFF, 0xFF,
  0xFF, 0x01, 0xFF, 0xFF, 0xFF, 0xFF, 0xC1, 0xFF, 0xFF, 0xFF, 0xFF, 0xF0,
  0xFF, 0xFF, 0xFF, 0xFF, 0xFC, 0x7F, 0xFF, 0xFF, 0xFF, 0xFF, 0x3F, 0xFF,
  0xFF, 0xFF, 0xFF, 0xDF, 0xFF, 0xC0, 0x0F, 0xFE, 0x07, 0xFF, 0xC0, 0x03,
  0xFF, 0x83, 0xFF, 0xE0, 0x00, 0xFF, 0xE0, 0xFF, 0xE0, 0x00, 0x3F, 0xF8,
  0x3F, 0xF8, 0x00, 0x0F, 0xFE, 0x0F, 0xFE, 0x00, 0x03, 0xFF, 0x83, 0xFF,
  0x80, 0x00, 0xFF, 0xE0, 0xFF, 0xE0, 0x00, 0x3F, 0xF8, 0x3F, 0xF8, 0x00,
  0x0F, 0xFE, 0x0F, 0xFE, 0x00, 0x03, 0xFF, 0x83, 0xFF, 0x80, 0x00, 0xFF,
  0xE0, 0xFF, 0xE0, 0x00, 0x3F, 0xF8, 0x3F, 0xF8, 0x00, 0x0F, 0xFE, 0x0F,
  0xFE, 0x00, 0x03, 0xFF, 0x83, 0xFF, 0x80, 0x00, 0xFF, 0xE0, 0xFF, 0xE0,
  0x00, 0x3F, 0xF8, 0x3F, 0xF8, 0x00, 0x0F, 0xFE, 0x0F, 0xFE, 0x00, 0x03,
  0xFF, 0x83, 0xFF, 0x80, 0x00, 0xFF, 0xE0, 0xFF, 0xE0, 0x00, 0x3F, 0xF8,
  0x3F, 0xF8, 0x00, 0x0F, 0xFE, 0x0F, 0xFE, 0x00, 0x03, 0xFF, 0x83, 0xFF,
  0x80, 0x00, 0xFF, 0xE0, 0xFF, 0xE0, 0x00, 0x3F, 0xF8, 0x3F, 0xFF, 0xFF,
  0xFF, 0xFE, 0x0F, 0xFF, 0xFF, 0xFF, 0xFF, 0x83, 0xFF, 0xFF, 0xFF, 0xFF,
  0xE0, 0xFF, 0xFF, 0xFF, 0xFF, 0xF8, 0x3F, 0xFF, 0xFF, 0xFF, 0xFE, 0x0F,
  0xFF, 0xFF, 0xFF, 0xFF, 0x83, 0xFF, 0xFF, 0xFF, 0xFF, 0xE0, 0x7F, 0xFF,
  0xFF, 0xFF, 0xF8, 0x0F, 0xFF, 0xFF, 0xFF, 0xFE, 0x01, 0xFF, 0xFF, 0xFF,
  0xFF, 0x80, 0xFF, 0xFF, 0xFF, 0xFF, 0xFF, 0xFF, 0xFE, 0xFF, 0x9F, 0xF3,
  0xFE, 0x7F, 0xCF, 0xF9, 0xFF, 0x3F, 0xE7, 0xFC, 0xFF, 0x9F, 0xF3, 0xFE,
  0x3F, 0x87, 0xF0, 0xFE, 0x1F, 0xC3, 0xF8, 0x7F, 0x0F, 0xE0, 0x00, 0x1F,
  0xFC, 0x00, 0xFF, 0xE0, 0x03, 0xFF, 0x80, 0x1F, 0xFC, 0x00, 0x7F, 0xF0,
  0x03, 0xFF, 0x80, 0x0F, 0xFE, 0x00, 0x7F, 0xF0, 0x01, 0xFF, 0xC0, 0x0F,
  0xFF, 0x00, 0x3F, 0xF8, 0x00, 0xFF, 0xE0, 0x07, 0xFF, 0x00, 0x1F, 0xFC,
  0x00, 0x7F, 0xF0, 0x03, 0xFF, 0x80, 0x0F, 0xFE, 0x00, 0x3F, 0xF8, 0x01,
  0xFF, 0xC0, 0x07, 0xFF, 0x00, 0x1F, 0xFC, 0x00, 0xFF, 0xF0, 0x03, 0xFF,
  0x80, 0x0F, 0xFE, 0x00, 0x3F, 0xF8, 0x00, 0xFF, 0xE0, 0x07, 0xFF, 0x00,
  0x1F, 0xFC, 0x00, 0x7F, 0xF0, 0x01, 0xFF, 0xC0, 0x07, 0xFF, 0x00, 0x1F,
  0xFC, 0x00, 0x7F, 0xF0, 0x03, 0xFF, 0x80, 0x0F, 0xFE, 0x00, 0x3F, 0xF8,
  0x00, 0xFF, 0xE0, 0x03, 0xFF, 0x80, 0x0F, 0xFE, 0x00, 0x3F, 0xF8, 0x00,
  0xFF, 0xE0, 0x03, 0xFF, 0x80, 0x0F, 0xFE, 0x00, 0x3F, 0xF8, 0x00, 0xFF,
  0xE0, 0x03, 0xFF, 0x80, 0x0F, 0xFE, 0x00, 0x3F, 0xF8, 0x00, 0xFF, 0xE0,
  0x03, 0xFF, 0x80, 0x0F, 0xFE, 0x00, 0x3F, 0xF8, 0x00, 0x7F, 0xF0, 0x01,
  0xFF, 0xC0, 0x07, 0xFF, 0x00, 0x1F, 0xFC, 0x00, 0x7F, 0xF0, 0x01, 0xFF,
  0xC0, 0x07, 0xFF, 0x80, 0x0F, 0xFE, 0x00, 0x3F, 0xF8, 0x00, 0xFF, 0xE0,
  0x03, 0xFF, 0x80, 0x0F, 0xFF, 0x00, 0x1F, 0xFC, 0x00, 0x7F, 0xF0, 0x01,
  0xFF, 0xC0, 0x03, 0xFF, 0x80, 0x0F, 0xFE, 0x00, 0x3F, 0xF8, 0x00, 0xFF,
  0xF0, 0x01, 0xFF, 0xC0, 0x07, 0xFF, 0x00, 0x0F, 0xFE, 0x00, 0x3F, 0xF8,
  0x00, 0xFF, 0xF0, 0x01, 0xFF, 0xC0, 0x07, 0xFF, 0x80, 0x0F, 0xFE, 0x00,
  0x3F, 0xF8, 0x00, 0x7F, 0xF0, 0x01, 0xFF, 0xC0, 0x03, 0xFF, 0x80, 0x0F,
  0xFE, 0x00, 0x1F, 0xFC, 0xFF, 0xE0, 0x00, 0xFF, 0xE0, 0x01, 0xFF, 0xE0,
  0x01, 0xFF, 0xC0, 0x03, 0xFF, 0xC0, 0x03, 0xFF, 0x80, 0x07, 0xFF, 0x80,
  0x07, 0xFF, 0x00, 0x0F, 0xFF, 0x00, 0x0F, 0xFE, 0x00, 0x1F, 0xFC, 0x00,
  0x1F, 0xFC, 0x00, 0x3F, 0xF8, 0x00, 0x7F, 0xF8, 0x00, 0x7F, 0xF0, 0x00,
  0xFF, 0xE0, 0x00, 0xFF, 0xE0, 0x01, 0xFF, 0xC0, 0x03, 0xFF, 0x80, 0x03,
  0xFF, 0x80, 0x07, 0xFF, 0x00, 0x0F, 0xFE, 0x00, 0x1F, 0xFE, 0x00, 0x1F,
  0xFC, 0x00, 0x3F, 0xF8, 0x00, 0x7F, 0xF0, 0x00, 0xFF, 0xE0, 0x00, 0xFF,
  0xE0, 0x01, 0xFF, 0xC0, 0x03, 0xFF, 0x80, 0x07, 0xFF, 0x00, 0x0F, 0xFE,
  0x00, 0x1F, 0xFC, 0x00, 0x3F, 0xFC, 0x00, 0x3F, 0xF8, 0x00, 0x7F, 0xF0,
  0x00, 0xFF, 0xE0, 0x01, 0xFF, 0xC0, 0x03, 0xFF, 0x80, 0x07, 0xFF, 0x00,
  0x0F, 0xFE, 0x00, 0x1F, 0xFC, 0x00, 0x3F, 0xF8, 0x00, 0x7F, 0xF0, 0x00,
  0xFF, 0xE0, 0x01, 0xFF, 0xC0, 0x03, 0xFF, 0x80, 0x07, 0xFF, 0x00, 0x0F,
  0xFE, 0x00, 0x1F, 0xFC, 0x00, 0x3F, 0xF8, 0x00, 0xFF, 0xF0, 0x01, 0xFF,
  0xC0, 0x03, 0xFF, 0x80, 0x07, 0xFF, 0x00, 0x0F, 0xFE, 0x00, 0x1F, 0xFC,
  0x00, 0x3F, 0xF8, 0x00, 0xFF, 0xE0, 0x01, 0xFF, 0xC0, 0x03, 0xFF, 0x80,
  0x07, 0xFF, 0x00, 0x1F, 0xFE, 0x00, 0x3F, 0xF8, 0x00, 0x7F, 0xF0, 0x00,
  0xFF, 0xE0, 0x03, 0xFF, 0x80, 0x07, 0xFF, 0x00, 0x0F, 0xFE, 0x00, 0x3F,
  0xF8, 0x00, 0x7F, 0xF0, 0x01, 0xFF, 0xE0, 0x03, 0xFF, 0x80, 0x07, 0xFF,
  0x00, 0x1F, 0xFC, 0x00, 0x3F, 0xF8, 0x00, 0xFF, 0xF0, 0x01, 0xFF, 0xC0,
  0x07, 0xFF, 0x80, 0x0F, 0xFE, 0x00, 0x3F, 0xFC, 0x00, 0x7F, 0xF0, 0x01,
  0xFF, 0xE0, 0x03, 0xFF, 0x80, 0x0F, 0xFE, 0x00, 0x00, 0x00, 0x03, 0xFF,
  0x00, 0x00, 0x00, 0x0F, 0xFC, 0x00, 0x00, 0x00, 0x3F, 0xF0, 0x00, 0x00,
  0x00, 0xFF, 0xC0, 0x00, 0x00, 0x03, 0xFF, 0x00, 0x00, 0x10, 0x0F, 0xFC,
  0x02, 0x00, 0x70, 0x1F, 0xF0, 0x38, 0x03, 0xE0, 0x7F, 0x81, 0xF0, 0x1F,
  0xC1, 0xFE, 0x0F, 0xE0, 0x7F, 0xC7, 0xF8, 0xFF, 0x83, 0xFF, 0x9F, 0xE7,
  0xFF, 0x1F, 0xFF, 0x7F, 0xBF, 0xFE, 0x7F, 0xFF, 0xFF, 0xFF, 0xFB, 0xFF,
  0xFF, 0xFF, 0xFF, 0xF3, 0xFF, 0xFF, 0xFF, 0xFF, 0x01, 0xFF, 0xFF, 0xFF,
  0xE0, 0x01, 0xFF, 0xFF, 0xFE, 0x00, 0x01, 0xFF, 0xFF, 0xE0, 0x00, 0x00,
  0xFF, 0xFE, 0x00, 0x00, 0x1F, 0xFF, 0xFE, 0x00, 0x01, 0xFF, 0xFF, 0xFE,
  0x00, 0x1F, 0xFF, 0xFF, 0xFE, 0x03, 0xFF, 0xFF, 0xFF, 0xFF, 0x3F, 0xFF,
  0xFF, 0xFF, 0xFF, 0x7F, 0xFF, 0xFF, 0xFF, 0xF9, 0xFF, 0xF7, 0xFB, 0xFF,
  0xE3, 0xFF, 0x9F, 0xE7, 0xFF, 0x07, 0xFC, 0x7F, 0x87, 0xF8, 0x1F, 0xC1,
  0xFE, 0x0F, 0xE0, 0x3E, 0x07, 0xF8, 0x1F, 0x00, 0x70, 0x1F, 0xF0, 0x18,
  0x01, 0x00, 0xFF, 0xC0, 0x20, 0x00, 0x03, 0xFF, 0x00, 0x00, 0x00, 0x0F,
  0xFC, 0x00, 0x00, 0x00, 0x3F, 0xF0, 0x00, 0x00, 0x00, 0xFF, 0xC0, 0x00,
  0x00, 0x03, 0xFF, 0x00, 0x00, 0x00, 0x01, 0xFF, 0xC0, 0x00, 0x00, 0x00,
  0xFF, 0xE0, 0x00, 0x00, 0x00, 0x7F, 0xF0, 0x00, 0x00, 0x00, 0x3F, 0xF8,
  0x00, 0x00, 0x00, 0x1F, 0xFC, 0x00, 0x00, 0x00, 0x0F, 0xFE, 0x00, 0x00,
  0x00, 0x07, 0xFF, 0x00, 0x00, 0x00, 0x03, 0xFF, 0x80, 0x00, 0x00, 0x01,
  0xFF, 0xC0, 0x00, 0x00, 0x00, 0xFF, 0xE0, 0x00, 0x00, 0x00, 0x7F, 0xF0,
  0x00, 0x00, 0x00, 0x3F, 0xF8, 0x00, 0x00, 0x00, 0x1F, 0xFC, 0x00, 0x00,
  0x00, 0x0F, 0xFE, 0x00, 0x03, 0xFF, 0xFF, 0xFF, 0xFF, 0xFF, 0xFF, 0xFF,
  0xFF, 0xFF, 0xFF, 0xFF, 0xFF, 0xFF, 0xFF, 0xFF, 0xFF, 0xFF, 0xFF, 0xFF,
  0xFF, 0xFF, 0xFF, 0xFF, 0xFF, 0xFF, 0xFF, 0xFF, 0xFF, 0xFF, 0xFF, 0xFF,
  0xFF, 0xFF, 0xFF, 0xFF, 0xFF, 0xFF, 0xFF, 0xFF, 0xFF, 0xFF, 0xFF, 0xFF,
  0xFF, 0xFF, 0xFF, 0xFF, 0xFF, 0xFF, 0xFF, 0xFF, 0x00, 0x01, 0xFF, 0xC0,
  0x00, 0x00, 0x00, 0xFF, 0xE0, 0x00, 0x00, 0x00, 0x7F, 0xF0, 0x00, 0x00,
  0x00, 0x3F, 0xF8, 0x00, 0x00, 0x00, 0x1F, 0xFC, 0x00, 0x00, 0x00, 0x0F,
  0xFE, 0x00, 0x00, 0x00, 0x07, 0xFF, 0x00, 0x00, 0x00, 0x03, 0xFF, 0x80,
  0x00, 0x00, 0x01, 0xFF, 0xC0, 0x00, 0x00, 0x00, 0xFF, 0xE0, 0x00, 0x00,
  0x00, 0x7F, 0xF0, 0x00, 0x00, 0x00, 0x3F, 0xF8, 0x00, 0x00, 0x00, 0x1F,
  0xFC, 0x00, 0x00, 0x00, 0x0F, 0xFE, 0x00, 0x00, 0x3F, 0xF9, 0xFF, 0xCF,
  0xFC, 0x7F, 0xE3, 0xFF, 0x3F, 0xF1, 0xFF, 0x8F, 0xFC, 0x7F, 0xC3, 0xFE,
  0x1F, 0xF0, 0xFF, 0x87, 0xF8, 0x3F, 0xC1, 0xFE, 0x1F, 0xE0, 0xFF, 0x07,
  0xF8, 0x3F, 0x81, 0xFC, 0x00, 0xFF, 0xFF, 0xFF, 0xFF, 0xFF, 0xFF, 0xFF,
  0xFF, 0xFF, 0xFF, 0xFF, 0xFF, 0xFF, 0xFF, 0xFF, 0xFF, 0xFF, 0xFF, 0xFF,
  0xFF, 0xFF, 0xFF, 0xFF, 0xFF, 0xFF, 0xFF, 0xFF, 0xFF, 0xFC, 0xFF, 0xFF,
  0xFF, 0xFF, 0xFF, 0xFF, 0xFF, 0xFF, 0xFF, 0xFF, 0xFF, 0xFF, 0xFF, 0xFF,
  0xFF, 0xFF, 0xF0, 0x00, 0x00, 0x00, 0x07, 0xFF, 0x00, 0x00, 0x00, 0x0F,
  0xFF, 0x00, 0x00, 0x00, 0x0F, 0xFE, 0x00, 0x00, 0x00, 0x0F, 0xFE, 0x00,
  0x00, 0x00, 0x1F, 0xFE, 0x00, 0x00, 0x00, 0x1F, 0xFC, 0x00, 0x00, 0x00,
  0x3F, 0xFC, 0x00, 0x00, 0x00, 0x3F, 0xF8, 0x00, 0x00, 0x00, 0x3F, 0xF8,
  0x00, 0x00, 0x00, 0x7F, 0xF8, 0x00, 0x00, 0x00, 0x7F, 0xF0, 0x00, 0x00,
  0x00, 0xFF, 0xF0, 0x00, 0x00, 0x00, 0xFF, 0xE0, 0x00, 0x00, 0x00, 0xFF,
  0xE0, 0x00, 0x00, 0x01, 0xFF, 0xE0, 0x00, 0x00, 0x01, 0xFF, 0xC0, 0x00,
  0x00, 0x01, 0xFF, 0xC0, 0x00, 0x00, 0x03, 0xFF, 0x80, 0x00, 0x00, 0x03,
  0xFF, 0x80, 0x00, 0x00, 0x07, 0xFF, 0x80, 0x00, 0x00, 0x07, 0xFF, 0x00,
  0x00, 0x00, 0x07, 0xFF, 0x00, 0x00, 0x00, 0x0F, 0xFF, 0x00, 0x00, 0x00,
  0x0F, 0xFE, 0x00, 0x00, 0x00, 0x1F, 0xFE, 0x00, 0x00, 0x00, 0x1F, 0xFC,
  0x00, 0x00, 0x00, 0x1F, 0xFC, 0x00, 0x00, 0x00, 0x3F, 0xFC, 0x00, 0x00,
  0x00, 0x3F, 0xF8, 0x00, 0x00, 0x00, 0x7F, 0xF8, 0x00, 0x00, 0x00, 0x7F,
  0xF0, 0x00, 0x00, 0x00, 0x7F, 0xF0, 0x00, 0x00, 0x00, 0xFF, 0xF0, 0x00,
  0x00, 0x00, 0xFF, 0xE0, 0x00, 0x00, 0x00, 0xFF, 0xE0, 0x00, 0x00, 0x01,
  0xFF, 0xC0, 0x00, 0x00, 0x01, 0xFF, 0xC0, 0x00, 0x00, 0x03, 0xFF, 0xC0,
  0x00, 0x00, 0x03, 0xFF, 0x80, 0x00, 0x00, 0x03, 0xFF, 0x80, 0x00, 0x00,
  0x07, 0xFF, 0x00, 0x00, 0x00, 0x07, 0xFF, 0x00, 0x00, 0x00, 0x0F, 0xFF,
  0x00, 0x00, 0x00, 0x0F, 0xFE, 0x00, 0x00, 0x00, 0x0F, 0xFE, 0x00, 0x00,
  0x00, 0x1F, 0xFE, 0x00, 0x00, 0x00, 0x1F, 0xFC, 0x00, 0x00, 0x00, 0x3F,
  0xFC, 0x00, 0x00, 0x00, 0x3F, 0xF8, 0x00, 0x00, 0x00, 0x3F, 0xF8, 0x00,
  0x00, 0x00, 0x7F, 0xF8, 0x00, 0x00, 0x00, 0x7F, 0xF0, 0x00, 0x00, 0x00,
  0x7F, 0xF0, 0x00, 0x00, 0x00, 0xFF, 0xE0, 0x00, 0x00, 0x00, 0xFF, 0xE0,
  0x00, 0x00, 0x01, 0xFF, 0xE0, 0x00, 0x00, 0x01, 0xFF, 0xC0, 0x00, 0x00,
  0x01, 0xFF, 0xC0, 0x00, 0x00, 0x03, 0xFF, 0x80, 0x00, 0x00, 0x03, 0xFF,
  0x80, 0x00, 0x00, 0x07, 0xFF, 0x80, 0x00, 0x00, 0x07, 0xFF, 0x00, 0x00,
  0x00, 0x07, 0xFF, 0x00, 0x00, 0x00, 0x0F, 0xFF, 0x00, 0x00, 0x00, 0x0F,
  0xFE, 0x00, 0x00, 0x00, 0x1F, 0xFE, 0x00, 0x00, 0x00, 0x1F, 0xFC, 0x00,
  0x00, 0x00, 0x1F, 0xFC, 0x00, 0x00, 0x00, 0x3F, 0xFC, 0x00, 0x00, 0x00,
  0x3F, 0xF8, 0x00, 0x00, 0x00, 0x7F, 0xF8, 0x00, 0x00, 0x00, 0x7F, 0xF0,
  0x00, 0x00, 0x00, 0x7F, 0xF0, 0x00, 0x00, 0x00, 0xFF, 0xF0, 0x00, 0x00,
  0x00, 0xFF, 0xE0, 0x00, 0x00, 0x00, 0x1F, 0xFF, 0xFF, 0xFF, 0x83, 0xFF,
  0xFF, 0xFF, 0xFC, 0x7F, 0xFF, 0xFF, 0xFF, 0xEF, 0xFF, 0xFF, 0xFF, 0xFF,
  0xFF, 0xFF, 0xFF, 0xFF, 0xFF, 0xFF, 0xFF, 0xFF, 0xFF, 0xFF, 0xFF, 0xFF,
  0xFF, 0xFF, 0xFF, 0xFF, 0xFF, 0xFF, 0xFF, 0xFF, 0xFF, 0xFF, 0xFF, 0xFF,
  0xFF, 0xFF, 0xFF, 0xFF, 0xE0, 0x00, 0x7F, 0xFF, 0xFE, 0x00, 0x07, 0xFF,
  0xFF, 0xE0, 0x00, 0x7F, 0xFF, 0xFE, 0x00, 0x07, 0xFF, 0xFF, 0xE0, 0x00,
  0x7F, 0xFF, 0xFE, 0x00, 0x07, 0xFF, 0xFF, 0xE0, 0x00, 0x7F, 0xFF, 0xFE,
  0x00, 0x07, 0xFF, 0xFF, 0xE0, 0x00, 0x7F, 0xFF, 0xFE, 0x00, 0x07, 0xFF,
  0xFF, 0xE0, 0x00, 0x7F, 0xFF, 0xFE, 0x00, 0x07, 0xFF, 0xFF, 0xE0, 0x00,
  0x7F, 0xFF, 0xFE, 0x00, 0x07, 0xFF, 0xFF, 0xE0, 0x00, 0x7F, 0xFF, 0xFE,
  0x00, 0x07, 0xFF, 0xFF, 0xE0, 0x00, 0x7F, 0xFF, 0xFE, 0x00, 0x07, 0xFF,
  0xFF, 0xE0, 0x00, 0x7F, 0xFF, 0xFE, 0x00, 0x07, 0xFF, 0xFF, 0xE0, 0x00,
  0x7F, 0xFF, 0xFE, 0x00, 0x07, 0xFF, 0xFF, 0xE0, 0x00, 0x7F, 0xFF, 0xFE,
  0x00, 0x07, 0xFF, 0xFF, 0xE0, 0x00, 0x7F, 0xFF, 0xFE, 0x00, 0x07, 0xFF,
  0xFF, 0xE0, 0x00, 0x7F, 0xFF, 0xFE, 0x00, 0x07, 0xFF, 0xFF, 0xE0, 0x00,
  0x7F, 0xFF, 0xFE, 0x00, 0x07, 0xFF, 0xFF, 0xE0, 0x00, 0x7F, 0xFF, 0xFE,
  0x00, 0x07, 0xFF, 0xFF, 0xE0, 0x00, 0x7F, 0xFF, 0xFE, 0x00, 0x07, 0xFF,
  0xFF, 0xE0, 0x00, 0x7F, 0xFF, 0xFE, 0x00, 0x07, 0xFF, 0xFF, 0xE0, 0x00,
  0x7F, 0xFF, 0xFE, 0x00, 0x07, 0xFF, 0xFF, 0xE0, 0x00, 0x7F, 0xFF, 0xFE,
  0x00, 0x07, 0xFF, 0xFF, 0xE0, 0x00, 0x7F, 0xFF, 0xFE, 0x00, 0x07, 0xFF,
  0xFF, 0xE0, 0x00, 0x7F, 0xFF, 0xFE, 0x00, 0x07, 0xFF, 0xFF, 0xE0, 0x00,
  0x7F, 0xFF, 0xFE, 0x00, 0x07, 0xFF, 0xFF, 0xE0, 0x00, 0x7F, 0xFF, 0xFE,
  0x00, 0x07, 0xFF, 0xFF, 0xE0, 0x00, 0x7F, 0xFF, 0xFE, 0x00, 0x07, 0xFF,
  0xFF, 0xE0, 0x00, 0x7F, 0xFF, 0xFE, 0x00, 0x07, 0xFF, 0xFF, 0xE0, 0x00,
  0x7F, 0xFF, 0xFE, 0x00, 0x07, 0xFF, 0xFF, 0xE0, 0x00, 0x7F, 0xFF, 0xFF,
  0xFF, 0xFF, 0xFF, 0xFF, 0xFF, 0xFF, 0xFF, 0xFF, 0xFF, 0xFF, 0xFF, 0xFF,
  0xFF, 0xFF, 0xFF, 0xFF, 0xFF, 0xFF, 0xFF, 0xFF, 0xFF, 0xFF, 0xFF, 0xFF,
  0xFF, 0xFF, 0xFF, 0xFF, 0xFF, 0xFF, 0x7F, 0xFF, 0xFF, 0xFF, 0xE3, 0xFF,
  0xFF, 0xFF, 0xFC, 0x1F, 0xFF, 0xFF, 0xFF, 0x80, 0x07, 0xFE, 0x0F, 0xFC,
  0x1F, 0xF8, 0x3F, 0xF0, 0xFF, 0xE1, 0xFF, 0xC3, 0xFF, 0x8F, 0xFF, 0x1F,
  0xFE, 0x3F, 0xFC, 0x7F, 0xF9, 0xFF, 0xF3, 0xFF, 0xE7, 0xFF, 0xCF, 0xFF,
  0xBF, 0xFF, 0x7F, 0xFE, 0xFF, 0xFD, 0xFF, 0xFF, 0xFF, 0xFF, 0xFF, 0xFF,
  0xFF, 0xC3, 0xFF, 0x87, 0xFF, 0x0F, 0xFE, 0x1F, 0xFC, 0x3F, 0xF8, 0x7F,
  0xF0, 0xFF, 0xE1, 0xFF, 0xC3, 0xFF, 0x87, 0xFF, 0x0F, 0xFE, 0x1F, 0xFC,
  0x3F, 0xF8, 0x7F, 0xF0, 0xFF, 0xE1, 0xFF, 0xC3, 0xFF, 0x87, 0xFF, 0x0F,
  0xFE, 0x1F, 0xFC, 0x3F, 0xF8, 0x7F, 0xF0, 0xFF, 0xE1, 0xFF, 0xC3, 0xFF,
  0x87, 0xFF, 0x0F, 0xFE, 0x1F, 0xFC, 0x3F, 0xF8, 0x7F, 0xF0, 0xFF, 0xE1,
  0xFF, 0xC3, 0xFF, 0x87, 0xFF, 0x0F, 0xFE, 0x1F, 0xFC, 0x3F, 0xF8, 0x7F,
  0xF0, 0xFF, 0xE1, 0xFF, 0xC3, 0xFF, 0x87, 0xFF, 0x0F, 0xFE, 0x1F, 0xFC,
  0x3F, 0xF8, 0x7F, 0xF0, 0xFF, 0xE1, 0xFF, 0xC3, 0xFF, 0x87, 0xFF, 0x0F,
  0xFE, 0x1F, 0xFC, 0x3F, 0xF8, 0x0F, 0xFF, 0xFF, 0xFF, 0xC0, 0xFF, 0xFF,
  0xFF, 0xFF, 0x0F, 0xFF, 0xFF, 0xFF, 0xFC, 0xFF, 0xFF, 0xFF, 0xFF, 0xF7,
  0xFF, 0xFF, 0xFF, 0xFF, 0xBF, 0xFF, 0xFF, 0xFF, 0xFD, 0xFF, 0xFF, 0xFF,
  0xFF, 0xEF, 0xFF, 0xFF, 0xFF, 0xFF, 0x7F, 0xFF, 0xFF, 0xFF, 0xFB, 0xFF,
  0xFF, 0xFF, 0xFF, 0xDF, 0xFC, 0x00, 0x0F, 0xFE, 0xFF, 0xE0, 0x00, 0x7F,
  0xF7, 0xFF, 0x00, 0x03, 0xFF, 0xBF, 0xF8, 0x00, 0x1F, 0xFD, 0xFF, 0xC0,
  0x00, 0xFF, 0xEF, 0xFE, 0x00, 0x07, 0xFF, 0x7F, 0xF0, 0x00, 0x3F, 0xFB,
  0xFF, 0x80, 0x01, 0xFF, 0xDF, 0xFC, 0x00, 0x0F, 0xFE, 0xFF, 0xE0, 0x00,
  0x7F, 0xF7, 0xFF, 0x00, 0x03, 0xFF, 0xBF, 0xF8, 0x00, 0x1F, 0xFD, 0xFF,
  0xC0, 0x00, 0xFF, 0xE0, 0x00, 0x00, 0x07, 0xFF, 0x00, 0x00, 0x00, 0x7F,
  0xF8, 0x00, 0x00, 0x03, 0xFF, 0x80, 0x00, 0x00, 0x3F, 0xFC, 0x00, 0x00,
  0x01, 0xFF, 0xC0, 0x00, 0x00, 0x1F, 0xFE, 0x00, 0x00, 0x01, 0xFF, 0xE0,
  0x00, 0x00, 0x0F, 0xFF, 0x00, 0x00, 0x00, 0xFF, 0xF0, 0x00, 0x00, 0x07,
  0xFF, 0x00, 0x00, 0x00, 0x7F, 0xF8, 0x00, 0x00, 0x03, 0xFF, 0x80, 0x00,
  0x00, 0x3F, 0xFC, 0x00, 0x00, 0x03, 0xFF, 0xC0, 0x00, 0x00, 0x1F, 0xFE,
  0x00, 0x00, 0x01, 0xFF, 0xE0, 0x00, 0x00, 0x0F, 0xFE, 0x00, 0x00, 0x00,
  0xFF, 0xF0, 0x00, 0x00, 0x0F, 0xFF, 0x00, 0x00, 0x00, 0x7F, 0xF8, 0x00,
  0x00, 0x07, 0xFF, 0x80, 0x00, 0x00, 0x3F, 0xF8, 0x00, 0x00, 0x03, 0xFF,
  0xC0, 0x00, 0x00, 0x1F, 0xFC, 0x00, 0x00, 0x01, 0xFF, 0xE0, 0x00, 0x00,
  0x1F, 0xFE, 0x00, 0x00, 0x00, 0xFF, 0xF0, 0x00, 0x00, 0x0F, 0xFF, 0x00,
  0x00, 0x00, 0x7F, 0xF0, 0x00, 0x00, 0x07, 0xFF, 0x80, 0x00, 0x00, 0x7F,
  0xF8, 0x00, 0x00, 0x03, 0xFF, 0xC0, 0x00, 0x00, 0x3F, 0xFC, 0x00, 0x00,
  0x01, 0xFF, 0xC0, 0x00, 0x00, 0x1F, 0xFE, 0x00, 0x00, 0x00, 0xFF, 0xE0,
  0x00, 0x00, 0x0F, 0xFF, 0x00, 0x00, 0x00, 0xFF, 0xF0, 0x00, 0x00, 0x07,
  0xFF, 0x00, 0x00, 0x00, 0x7F, 0xF8, 0x00, 0x00, 0x03, 0xFF, 0x80, 0x00,
  0x00, 0x3F, 0xFC, 0x00, 0x00, 0x03, 0xFF, 0xFF, 0xFF, 0xFF, 0xDF, 0xFF,
  0xFF, 0xFF, 0xFF, 0xFF, 0xFF, 0xFF, 0xFF, 0xFF, 0xFF, 0xFF, 0xFF, 0xFF,
  0xFF, 0xFF, 0xFF, 0xFF, 0xFF, 0xFF, 0xFF, 0xFF, 0xFF, 0xFF, 0xFF, 0xFF,
  0xFF, 0xFF, 0xFF, 0xFF, 0xFF, 0xFF, 0xFF, 0xFF, 0xFF, 0xFF, 0xFF, 0xFF,
  0xFF, 0xFF, 0xFF, 0xFE, 0x1F, 0xFF, 0xFF, 0xFF, 0xC1, 0xFF, 0xFF, 0xFF,
  0xFF, 0x1F, 0xFF, 0xFF, 0xFF, 0xFD, 0xFF, 0xFF, 0xFF, 0xFF, 0xFF, 0xFF,
  0xFF, 0xFF, 0xFF, 0xFF, 0xFF, 0xFF, 0xFF, 0xFF, 0xFF, 0xFF, 0xFF, 0xFF,
  0xFF, 0xFF, 0xFF, 0xFF, 0xFF, 0xFF, 0xFF, 0xFF, 0xFF, 0xFF, 0xFF, 0xFF,
  0xFF, 0xFF, 0xFF, 0xF8, 0x00, 0x0F, 0xFF, 0xFF, 0xC0, 0x00, 0x7F, 0xFF,
  0xFE, 0x00, 0x03, 0xFF, 0xFF, 0xF0, 0x00, 0x1F, 0xFF, 0xFF, 0x80, 0x00,
  0xFF, 0xFF, 0xFC, 0x00, 0x07, 0xFF, 0xFF, 0xE0, 0x00, 0x3F, 0xFF, 0xFF,
  0x00, 0x01, 0xFF, 0xFF, 0xF8, 0x00, 0x0F, 0xFF, 0xFF, 0xC0, 0x00, 0x7F,
  0xFF, 0xFE, 0x00, 0x03, 0xFF, 0xFF, 0xF0, 0x00, 0x1F, 0xFF, 0xFF, 0x80,
  0x00, 0xFF, 0xE0, 0x00, 0x00, 0x07, 0xFF, 0x00, 0x00, 0x00, 0x3F, 0xF8,
  0x00, 0x00, 0x01, 0xFF, 0xC0, 0x00, 0x00, 0x3F, 0xFC, 0x00, 0x00, 0x03,
  0xFF, 0xE0, 0x00, 0x00, 0x7F, 0xFF, 0x00, 0x00, 0x0F, 0xFF, 0xF0, 0x00,
  0x00, 0xFF, 0xFE, 0x00, 0x00, 0x1F, 0xFF, 0xE0, 0x00, 0x01, 0xFF, 0xFC,
  0x00, 0x00, 0x3F, 0xFF, 0xC0, 0x00, 0x03, 0xFF, 0xFC, 0x00, 0x00, 0x1F,
  0xFF, 0x80, 0x00, 0x00, 0xFF, 0xFF, 0x00, 0x00, 0x03, 0xFF, 0xFC, 0x00,
  0x00, 0x07, 0xFF, 0xF8, 0x00, 0x00, 0x1F, 0xFF, 0xE0, 0x00, 0x00, 0x3F,
  0xFF, 0xC0, 0x00, 0x00, 0xFF, 0xFF, 0x00, 0x00, 0x01, 0xFF, 0xFC, 0x00,
  0x00, 0x07, 0xFF, 0xE0, 0x00, 0x00, 0x0F, 0xFF, 0x80, 0x00, 0x00, 0x3F,
  0xFC, 0x00, 0x00, 0x00, 0xFF, 0xE0, 0x00, 0x00, 0x07, 0xFF, 0x00, 0x00,
  0x00, 0x3F, 0xF8, 0x00, 0x00, 0x01, 0xFF, 0xC0, 0x00, 0x00, 0x0F, 0xFF,
  0xFF, 0xC0, 0x00, 0x7F, 0xFF, 0xFE, 0x00, 0x03, 0xFF, 0xFF, 0xF0, 0x00,
  0x1F, 0xFF, 0xFF, 0x80, 0x00, 0xFF, 0xFF, 0xFC, 0x00, 0x07, 0xFF, 0xFF,
  0xE0, 0x00, 0x3F, 0xFF, 0xFF, 0x00, 0x01, 0xFF, 0xFF, 0xF8, 0x00, 0x0F,
  0xFF, 0xFF, 0xC0, 0x00, 0x7F, 0xFF, 0xFE, 0x00, 0x03, 0xFF, 0xFF, 0xF0,
  0x00, 0x1F, 0xFF, 0xFF, 0x80, 0x00, 0xFF, 0xFF, 0xFC, 0x00, 0x07, 0xFF,
  0xFF, 0xE0, 0x00, 0x3F, 0xFF, 0xFF, 0xFF, 0xFF, 0xFF, 0xFF, 0xFF, 0xFF,
  0xFF, 0xFF, 0xFF, 0xFF, 0xFF, 0xFF, 0xFF, 0xFF, 0xFF, 0xFF, 0xFF, 0xFF,
  0xFF, 0xFF, 0xFF, 0xFF, 0xFF, 0xFF, 0xFF, 0xFF, 0xFF, 0xFF, 0xFF, 0xFF,
  0xFF, 0x7F, 0xFF, 0xFF, 0xFF, 0xF1, 0xFF, 0xFF, 0xFF, 0xFF, 0x07, 0xFF,
  0xFF, 0xFF, 0xF0, 0x00, 0x00, 0x3F, 0xFC, 0x00, 0x00, 0x00, 0x1F, 0xFC,
  0x00, 0x00, 0x00, 0x0F, 0xFE, 0x00, 0x00, 0x00, 0x0F, 0xFF, 0x00, 0x00,
  0x00, 0x07, 0xFF, 0x00, 0x00, 0x00, 0x03, 0xFF, 0x80, 0x00, 0x00, 0x03,
  0xFF, 0xC0, 0x00, 0x00, 0x01, 0xFF, 0xC0, 0x00, 0x00, 0x00, 0xFF, 0xE0,
  0x00, 0x00, 0x00, 0xFF, 0xF0, 0x00, 0x00, 0x00, 0x7F, 0xF0, 0x00, 0x00,
  0x00, 0x3F, 0xF8, 0x00, 0x00, 0x00, 0x3F, 0xF8, 0x00, 0x00, 0x00, 0x1F,
  0xFC, 0x00, 0x00, 0x00, 0x0F, 0xFE, 0x00, 0x00, 0x00, 0x0F, 0xFE, 0x00,
  0x00, 0x00, 0x07, 0xFF, 0x00, 0x00, 0x00, 0x03, 0xFF, 0x80, 0x00, 0x00,
  0x03, 0xFF, 0x80, 0x00, 0x00, 0x01, 0xFF, 0xC0, 0x00, 0x00, 0x00, 0xFF,
  0xE0, 0x00, 0x00, 0x00, 0xFF, 0xE0, 0x00, 0x00, 0x00, 0x7F, 0xF0, 0x00,
  0x00, 0x00, 0x3F, 0xF8, 0x00, 0x00, 0x00, 0x3F, 0xF8, 0x00, 0x00, 0x00,
  0x1F, 0xFC, 0x00, 0x00, 0x00, 0x0F, 0xFE, 0x00, 0x00, 0x00, 0x0F, 0xFE,
  0x00, 0x00, 0x00, 0x07, 0xFF, 0x00, 0x00, 0x00, 0x07, 0xFF, 0x87, 0xFF,
  0x00, 0x03, 0xFF, 0x83, 0xFF, 0x80, 0x01, 0xFF, 0xC1, 0xFF, 0xC0, 0x01,
  0xFF, 0xE0, 0xFF, 0xE0, 0x00, 0xFF, 0xE0, 0x7F, 0xF0, 0x00, 0x7F, 0xF0,
  0x3F, 0xF8, 0x00, 0x7F, 0xF8, 0x1F, 0xFC, 0x00, 0x3F, 0xF8, 0x0F, 0xFE,
  0x00, 0x1F, 0xFC, 0x07, 0xFF, 0x00, 0x1F, 0xFE, 0x03, 0xFF, 0x80, 0x0F,
  0xFE, 0x01, 0xFF, 0xC0, 0x07, 0xFF, 0x00, 0xFF, 0xE0, 0x07, 0xFF, 0x00,
  0x7F, 0xF0, 0x03, 0xFF, 0x80, 0x3F, 0xF8, 0x01, 0xFF, 0xC0, 0x1F, 0xFC,
  0x01, 0xFF, 0xC0, 0x0F, 0xFE, 0x00, 0xFF, 0xE0, 0x07, 0xFF, 0x00, 0x7F,
  0xF0, 0x03, 0xFF, 0x80, 0x7F, 0xF0, 0x01, 0xFF, 0xC0, 0x3F, 0xF8, 0x00,
  0xFF, 0xE0, 0x1F, 0xFC, 0x00, 0x7F, 0xF0, 0x1F, 0xFC, 0x00, 0x3F, 0xF8,
  0x0F, 0xFF, 0xFF, 0xFF, 0xFF, 0xF7, 0xFF, 0xFF, 0xFF, 0xFF, 0xFF, 0xFF,
  0xFF, 0xFF, 0xFF, 0xFF, 0xFF, 0xFF, 0xFF, 0xFF, 0xFF, 0xFF, 0xFF, 0xFF,
  0xFF, 0xFF, 0xFF, 0xFF, 0xFF, 0xFF, 0xFF, 0xFF, 0xFF, 0xFF, 0xFF, 0xFF,
  0xFF, 0xFF, 0xFF, 0xFF, 0xFF, 0xFF, 0xFF, 0xFF, 0xFF, 0xFF, 0xFF, 0xFF,
  0xFF, 0xFF, 0xFF, 0xF8, 0x00, 0x00, 0x07, 0xFF, 0x00, 0x00, 0x00, 0x03,
  0xFF, 0x80, 0x00, 0x00, 0x01, 0xFF, 0xC0, 0x00, 0x00, 0x00, 0xFF, 0xE0,
  0x00, 0x00, 0x00, 0x7F, 0xF0, 0x00, 0x00, 0x00, 0x3F, 0xF8, 0x00, 0x00,
  0x00, 0x1F, 0xFC, 0x00, 0x00, 0x00, 0x0F, 0xFE, 0x00, 0x00, 0x00, 0x07,
  0xFF, 0x00, 0x00, 0x00, 0x03, 0xFF, 0x80, 0x00, 0x00, 0x01, 0xFF, 0xC0,
  0x00, 0x00, 0x00, 0xFF, 0xE0, 0x00, 0x00, 0x00, 0x7F, 0xF0, 0x00, 0x00,
  0x00, 0x3F, 0xF8, 0x00, 0x7F, 0xFF, 0xFF, 0xFF, 0xF3, 0xFF, 0xFF, 0xFF,
  0xFF, 0x9F, 0xFF, 0xFF, 0xFF, 0xFC, 0xFF, 0xFF, 0xFF, 0xFF, 0xE7, 0xFF,
  0xFF, 0xFF, 0xFF, 0x3F, 0xFF, 0xFF, 0xFF, 0xF9, 0xFF, 0xFF, 0xFF, 0xFF,
  0xCF, 0xFF, 0xFF, 0xFF, 0xFE, 0x7F, 0xFF, 0xFF, 0xFF, 0xF3, 0xFF, 0xFF,
  0xFF, 0xFF, 0x9F, 0xFC, 0x00, 0x00, 0x00, 0xFF, 0xE0, 0x00, 0x00, 0x07,
  0xFF, 0x00, 0x00, 0x00, 0x3F, 0xF8, 0x00, 0x00, 0x01, 0xFF, 0xC0, 0x00,
  0x00, 0x0F, 0xFE, 0x00, 0x00, 0x00, 0x7F, 0xF0, 0x00, 0x00, 0x03, 0xFF,
  0x80, 0x00, 0x00, 0x3F, 0xFC, 0x00, 0x00, 0x01, 0xFF, 0xC0, 0x00, 0x00,
  0x0F, 0xFE, 0x00, 0x00, 0x00, 0x7F, 0xF0, 0x00, 0x00, 0x03, 0xFF, 0x80,
  0x00, 0x00, 0x1F, 0xFC, 0x00, 0x00, 0x00, 0xFF, 0xE0, 0x00, 0x00, 0x07,
  0xFF, 0x00, 0x00, 0x00, 0x3F, 0xF8, 0x00, 0x00, 0x01, 0xFF, 0xFF, 0xFF,
  0xFF, 0x8F, 0xFF, 0xFF, 0xFF, 0xFE, 0x7F, 0xFF, 0xFF, 0xFF, 0xFB, 0xFF,
  0xFF, 0xFF, 0xFF, 0xFF, 0xFF, 0xFF, 0xFF, 0xFF, 0xFF, 0xFF, 0xFF, 0xFF,
  0xFF, 0xFF, 0xFF, 0xFF, 0xFF, 0xFF, 0xFF, 0xFF, 0xFF, 0xFF, 0xFF, 0xFF,
  0xFF, 0xFF, 0xFF, 0xFF, 0xFF, 0xFF, 0xFF, 0x80, 0x00, 0x00, 0x1F, 0xFC,
  0x00, 0x00, 0x00, 0xFF, 0xE0, 0x00, 0x00, 0x07, 0xFF, 0x00, 0x00, 0x00,
  0x3F, 0xF8, 0x00, 0x00, 0x01, 0xFF, 0xC0, 0x00, 0x00, 0x0F, 0xFE, 0x00,
  0x00, 0x00, 0x7F, 0xF0, 0x00, 0x00, 0x03, 0xFF, 0x80, 0x00, 0x00, 0x1F,
  0xFC, 0x00, 0x00, 0x00, 0xFF, 0xE0, 0x00, 0x00, 0x07, 0xFF, 0x00, 0x00,
  0x00, 0x3F, 0xF8, 0x00, 0x00, 0x01, 0xFF, 0xC0, 0x00, 0x00, 0x0F, 0xFF,
  0xFF, 0xC0, 0x00, 0x7F, 0xFF, 0xFE, 0x00, 0x03, 0xFF, 0xFF, 0xF0, 0x00,
  0x1F, 0xFF, 0xFF, 0x80, 0x00, 0xFF, 0xFF, 0xFC, 0x00, 0x07, 0xFF, 0xFF,
  0xE0, 0x00, 0x3F, 0xFF, 0xFF, 0x00, 0x01, 0xFF, 0xFF, 0xF8, 0x00, 0x0F,
  0xFF, 0xFF, 0xC0, 0x00, 0x7F, 0xFF, 0xFE, 0x00, 0x03, 0xFF, 0xFF, 0xF0,
  0x00, 0x1F, 0xFF, 0xFF, 0x80, 0x00, 0xFF, 0xFF, 0xFC, 0x00, 0x07, 0xFF,
  0xFF, 0xE0, 0x00, 0x3F, 0xFF, 0xFF, 0xFF, 0xFF, 0xFF, 0xFF, 0xFF, 0xFF,
  0xFF, 0xFF, 0xFF, 0xFF, 0xFF, 0xFF, 0xFF, 0xFF, 0xFF, 0xFF, 0xFF, 0xFF,
  0xFF, 0xFF, 0xFF, 0xFF, 0xFF, 0xFF, 0xFF, 0xFF, 0xFF, 0xFF, 0xFF, 0xFF,
  0xFF, 0x7F, 0xFF, 0xFF, 0xFF, 0xF1, 0xFF, 0xFF, 0xFF, 0xFF, 0x07, 0xFF,
  0xFF, 0xFF, 0xF0, 0x1F, 0xFF, 0xFF, 0xFF, 0xC1, 0xFF, 0xFF, 0xFF, 0xFF,
  0x1F, 0xFF, 0xFF, 0xFF, 0xFD, 0xFF, 0xFF, 0xFF, 0xFF, 0xFF, 0xFF, 0xFF,
  0xFF, 0xFF, 0xFF, 0xFF, 0xFF, 0xFF, 0xFF, 0xFF, 0xFF, 0xFF, 0xFF, 0xFF,
  0xFF, 0xFF, 0xFF, 0xFF, 0xFF, 0xFF, 0xFF, 0xFF, 0xFF, 0xFF, 0xFF, 0xFF,
  0xFF, 0xFF, 0xF8, 0x00, 0x0F, 0xFF, 0xFF, 0xC0, 0x00, 0x7F, 0xFF, 0xFE,
  0x00, 0x03, 0xFF, 0xFF, 0xF0, 0x00, 0x1F, 0xFF, 0xFF, 0x80, 0x00, 0xFF,
  0xFF, 0xFC, 0x00, 0x07, 0xFF, 0xFF, 0xE0, 0x00, 0x3F, 0xFF, 0xFF, 0x00,
  0x01, 0xFF, 0xFF, 0xF8, 0x00, 0x0F, 0xFF, 0xFF, 0xC0, 0x00, 0x7F, 0xFF,
  0xFE, 0x00, 0x03, 0xFF, 0xFF, 0xF0, 0x00, 0x1F, 0xFF, 0xFF, 0x80, 0x00,
  0xFF, 0xFF, 0xFC, 0x00, 0x00, 0x00, 0xFF, 0xE0, 0x00, 0x00, 0x07, 0xFF,
  0x00, 0x00, 0x00, 0x3F, 0xF8, 0x00, 0x00, 0x01, 0xFF, 0xC0, 0x00, 0x00,
  0x0F, 0xFE, 0x00, 0x00, 0x00, 0x7F, 0xF0, 0x00, 0x00, 0x03, 0xFF, 0x80,
  0x00, 0x00, 0x1F, 0xFC, 0x00, 0x00, 0x00, 0xFF, 0xFF, 0xFF, 0xFF, 0xC7,
  0xFF, 0xFF, 0xFF, 0xFF, 0x3F, 0xFF, 0xFF, 0xFF, 0xFD, 0xFF, 0xFF, 0xFF,
  0xFF, 0xFF, 0xFF, 0xFF, 0xFF, 0xFF, 0xFF, 0xFF, 0xFF, 0xFF, 0xFF, 0xFF,
  0xFF, 0xFF, 0xFF, 0xFF, 0xFF, 0xFF, 0xFF, 0xFF, 0xFF, 0xFF, 0xFF, 0xFF,
  0xFF, 0xFF, 0xFF, 0xFF, 0xFF, 0xFF, 0xF8, 0x00, 0x0F, 0xFF, 0xFF, 0xC0,
  0x00, 0x7F, 0xFF, 0xFE, 0x00, 0x03, 0xFF, 0xFF, 0xF0, 0x00, 0x1F, 0xFF,
  0xFF, 0x80, 0x00, 0xFF, 0xFF, 0xFC, 0x00, 0x07, 0xFF, 0xFF, 0xE0, 0x00,
  0x3F, 0xFF, 0xFF, 0x00, 0x01, 0xFF, 0xFF, 0xF8, 0x00, 0x0F, 0xFF, 0xFF,
  0xC0, 0x00, 0x7F, 0xFF, 0xFE, 0x00, 0x03, 0xFF, 0xFF, 0xF0, 0x00, 0x1F,
  0xFF, 0xFF, 0x80, 0x00, 0xFF, 0xFF, 0xFC, 0x00, 0x07, 0xFF, 0xFF, 0xE0,
  0x00, 0x3F, 0xFF, 0xFF, 0x00, 0x01, 0xFF, 0xFF, 0xF8, 0x00, 0x0F, 0xFF,
  0xFF, 0xC0, 0x00, 0x7F, 0xFF, 0xFE, 0x00, 0x03, 0xFF, 0xFF, 0xF0, 0x00,
  0x1F, 0xFF, 0xFF, 0x80, 0x00, 0xFF, 0xFF, 0xFC, 0x00, 0x07, 0xFF, 0xFF,
  0xE0, 0x00, 0x3F, 0xFF, 0xFF, 0xFF, 0xFF, 0xFF, 0xFF, 0xFF, 0xFF, 0xFF,
  0xFF, 0xFF, 0xFF, 0xFF, 0xFF, 0xFF, 0xFF, 0xFF, 0xFF, 0xFF, 0xFF, 0xFF,
  0xFF, 0xFF, 0xFF, 0xFF, 0xFF, 0xFF, 0xFF, 0xFF, 0xFF, 0xFF, 0xFF, 0xFF,
  0x7F, 0xFF, 0xFF, 0xFF, 0xF1, 0xFF, 0xFF, 0xFF, 0xFF, 0x07, 0xFF, 0xFF,
  0xFF, 0xF0, 0xFF, 0xFF, 0xFF, 0xFF, 0xFF, 0xFF, 0xFF, 0xFF, 0xFF, 0xFF,
  0xFF, 0xFF, 0xFF, 0xFF, 0xFF, 0xFF, 0xFF, 0xFF, 0xFF, 0xFF, 0xFF, 0xFF,
  0xFF, 0xFF, 0xFF, 0xFF, 0xFF, 0xFF, 0xFF, 0xFF, 0xFF, 0xFF, 0xFF, 0xFF,
  0xFF, 0xFF, 0xFF, 0xFF, 0xFF, 0xFF, 0xFF, 0xFF, 0xFF, 0xFF, 0xFF, 0xFF,
  0xBF, 0xF8, 0x00, 0x0F, 0xFD, 0xFF, 0xC0, 0x00, 0x7F, 0xEF, 0xFE, 0x00,
  0x07, 0xFF, 0x7F, 0xF0, 0x00, 0x3F, 0xF3, 0xFF, 0x80, 0x01, 0xFF, 0x9F,
  0xFC, 0x00, 0x1F, 0xFC, 0xFF, 0xE0, 0x00, 0xFF, 0xE7, 0xFF, 0x00, 0x07,
  0xFE, 0x3F, 0xF8, 0x00, 0x3F, 0xF1, 0xFF, 0xC0, 0x03, 0xFF, 0x8F, 0xFE,
  0x00, 0x1F, 0xF8, 0x00, 0x00, 0x00, 0xFF, 0xC0, 0x00, 0x00, 0x07, 0xFE,
  0x00, 0x00, 0x00, 0x7F, 0xF0, 0x00, 0x00, 0x03, 0xFF, 0x00, 0x00, 0x00,
  0x1F, 0xF8, 0x00, 0x00, 0x01, 0xFF, 0xC0, 0x00, 0x00, 0x0F, 0xFE, 0x00,
  0x00, 0x00, 0x7F, 0xE0, 0x00, 0x00, 0x03, 0xFF, 0x00, 0x00, 0x00, 0x3F,
  0xF8, 0x00, 0x00, 0x01, 0xFF, 0xC0, 0x00, 0x00, 0x0F, 0xFC, 0x00, 0x00,
  0x00, 0xFF, 0xE0, 0x00, 0x00, 0x07, 0xFF, 0x00, 0x00, 0x00, 0x3F, 0xF8,
  0x00, 0x00, 0x01, 0xFF, 0x80, 0x00, 0x00, 0x1F, 0xFC, 0x00, 0x00, 0x00,
  0xFF, 0xE0, 0x00, 0x00, 0x07, 0xFE, 0x00, 0x00, 0x00, 0x3F, 0xF0, 0x00,
  0x00, 0x03, 0xFF, 0x80, 0x00, 0x00, 0x1F, 0xFC, 0x00, 0x00, 0x00, 0xFF,
  0xC0, 0x00, 0x00, 0x0F, 0xFE, 0x00, 0x00, 0x00, 0x7F, 0xF0, 0x00, 0x00,
  0x03, 0xFF, 0x80, 0x00, 0x00, 0x1F, 0xF8, 0x00, 0x00, 0x01, 0xFF, 0xC0,
  0x00, 0x00, 0x0F, 0xFE, 0x00, 0x00, 0x00, 0x7F, 0xF0, 0x00, 0x00, 0x07,
  0xFF, 0x00, 0x00, 0x00, 0x3F, 0xF8, 0x00, 0x00, 0x01, 0xFF, 0xC0, 0x00,
  0x00, 0x0F, 0xFC, 0x00, 0x00, 0x00, 0xFF, 0xE0, 0x00, 0x00, 0x07, 0xFF,
  0x00, 0x00, 0x00, 0x3F, 0xF8, 0x00, 0x00, 0x01, 0xFF, 0x80, 0x00, 0x00,
  0x1F, 0xFC, 0x00, 0x00, 0x00, 0xFF, 0xE0, 0x00, 0x00, 0x07, 0xFF, 0x00,
  0x00, 0x00, 0x7F, 0xF0, 0x00, 0x00, 0x03, 0xFF, 0x80, 0x00, 0x00, 0x1F,
  0xFC, 0x00, 0x00, 0x00, 0xFF, 0xE0, 0x00, 0x00, 0x0F, 0xFE, 0x00, 0x00,
  0x00, 0x7F, 0xF0, 0x00, 0x00, 0x03, 0xFF, 0x80, 0x00, 0x00, 0x1F, 0xF8,
  0x00, 0x00, 0x01, 0xFF, 0xC0, 0x00, 0x00, 0x0F, 0xFE, 0x00, 0x00, 0x00,
  0x7F, 0xF0, 0x00, 0x00, 0x07, 0xFF, 0x00, 0x00, 0x00, 0x3F, 0xF8, 0x00,
  0x00, 0x1F, 0xFF, 0xFF, 0xFF, 0xC1, 0xFF, 0xFF, 0xFF, 0xFF, 0x1F, 0xFF,
  0xFF, 0xFF, 0xFD, 0xFF, 0xFF, 0xFF, 0xFF, 0xFF, 0xFF, 0xFF, 0xFF, 0xFF,
  0xFF, 0xFF, 0xFF, 0xFF, 0xFF, 0xFF, 0xFF, 0xFF, 0xFF, 0xFF, 0xFF, 0xFF,
  0xFF, 0xFF, 0xFF, 0xFF, 0xFF, 0xFF, 0xFF, 0xFF, 0xFF, 0xFF, 0xFF, 0xFF,
  0xF8, 0x00, 0x0F, 0xFF, 0xFF, 0xC0, 0x00, 0x7F, 0xFF, 0xFE, 0x00, 0x03,
  0xFF, 0xFF, 0xF0, 0x00, 0x1F, 0xFF, 0xFF, 0x80, 0x00, 0xFF, 0xFF, 0xFC,
  0x00, 0x07, 0xFF, 0xFF, 0xE0, 0x00, 0x3F, 0xFF, 0xFF, 0x00, 0x01, 0xFF,
  0xFF, 0xF8, 0x00, 0x0F, 0xFF, 0xFF, 0xC0, 0x00, 0x7F, 0xFF, 0xFE, 0x00,
  0x03, 0xFF, 0xFF, 0xF0, 0x00, 0x1F, 0xFF, 0xFF, 0x80, 0x00, 0xFF, 0xFF,
  0xFC, 0x00, 0x07, 0xFF, 0xFF, 0xE0, 0x00, 0x3F, 0xFF, 0xFF, 0x00, 0x01,
  0xFF, 0xFF, 0xF8, 0x00, 0x0F, 0xFF, 0xFF, 0xC0, 0x00, 0x7F, 0xFF, 0xFF,
  0x00, 0x07, 0xFF, 0xFF, 0xFE, 0x00, 0xFF, 0xF9, 0xFF, 0xFC, 0x1F, 0xFF,
  0xC7, 0xFF, 0xF1, 0xFF, 0xFC, 0x1F, 0xFF, 0xFF, 0xFF, 0xE0, 0x7F, 0xFF,
  0xFF, 0xFC, 0x00, 0xFF, 0xFF, 0xFF, 0x80, 0x03, 0xFF, 0xFF, 0xF8, 0x00,
  0x07, 0xFF, 0xFF, 0x00, 0x00, 0xFF, 0xFF, 0xFC, 0x00, 0x0F, 0xFF, 0xFF,
  0xF8, 0x01, 0xFF, 0xFF, 0xFF, 0xF0, 0x1F, 0xFF, 0xFF, 0xFF, 0xC1, 0xFF,
  0xFC, 0x7F, 0xFF, 0x1F, 0xFF, 0x80, 0xFF, 0xFC, 0xFF, 0xF0, 0x01, 0xFF,
  0xEF, 0xFF, 0x00, 0x07, 0xFF, 0xFF, 0xF0, 0x00, 0x1F, 0xFF, 0xFF, 0x80,
  0x00, 0xFF, 0xFF, 0xFC, 0x00, 0x07, 0xFF, 0xFF, 0xE0, 0x00, 0x3F, 0xFF,
  0xFF, 0x00, 0x01, 0xFF, 0xFF, 0xF8, 0x00, 0x0F, 0xFF, 0xFF, 0xC0, 0x00,
  0x7F, 0xFF, 0xFE, 0x00, 0x03, 0xFF, 0xFF, 0xF0, 0x00, 0x1F, 0xFF, 0xFF,
  0x80, 0x00, 0xFF, 0xFF, 0xFC, 0x00, 0x07, 0xFF, 0xFF, 0xE0, 0x00, 0x3F,
  0xFF, 0xFF, 0x00, 0x01, 0xFF, 0xFF, 0xF8, 0x00, 0x0F, 0xFF, 0xFF, 0xC0,
  0x00, 0x7F, 0xFF, 0xFE, 0x00, 0x03, 0xFF, 0xFF, 0xF0, 0x00, 0x1F, 0xFF,
  0xFF, 0x80, 0x00, 0xFF, 0xFF, 0xFC, 0x00, 0x07, 0xFF, 0xFF, 0xE0, 0x00,
  0x3F, 0xFF, 0xFF, 0xFF, 0xFF, 0xFF, 0xFF, 0xFF, 0xFF, 0xFF, 0xFF, 0xFF,
  0xFF, 0xFF, 0xFF, 0xFF, 0xFF, 0xFF, 0xFF, 0xFF, 0xFF, 0xFF, 0xFF, 0xFF,
  0xFF, 0xFF, 0xFF, 0xFF, 0xFF, 0xFF, 0xFF, 0xFF, 0xFF, 0xFF, 0x7F, 0xFF,
  0xFF, 0xFF, 0xF1, 0xFF, 0xFF, 0xFF, 0xFF, 0x07, 0xFF, 0xFF, 0xFF, 0xF0,
  0x1F, 0xFF, 0xFF, 0xFF, 0xC1, 0xFF, 0xFF, 0xFF, 0xFF, 0x1F, 0xFF, 0xFF,
  0xFF, 0xFD, 0xFF, 0xFF, 0xFF, 0xFF, 0xFF, 0xFF, 0xFF, 0xFF, 0xFF, 0xFF,
  0xFF, 0xFF, 0xFF, 0xFF, 0xFF, 0xFF, 0xFF, 0xFF, 0xFF, 0xFF, 0xFF, 0xFF,
  0xFF, 0xFF, 0xFF, 0xFF, 0xFF, 0xFF, 0xFF, 0xFF, 0xFF, 0xFF, 0xFF, 0xF8,
  0x00, 0x0F, 0xFF, 0xFF, 0xC0, 0x00, 0x7F, 0xFF, 0xFE, 0x00, 0x03, 0xFF,
  0xFF, 0xF0, 0x00, 0x1F, 0xFF, 0xFF, 0x80, 0x00, 0xFF, 0xFF, 0xFC, 0x00,
  0x07, 0xFF, 0xFF, 0xE0, 0x00, 0x3F, 0xFF, 0xFF, 0x00, 0x01, 0xFF, 0xFF,
  0xF8, 0x00, 0x0F, 0xFF, 0xFF, 0xC0, 0x00, 0x7F, 0xFF, 0xFE, 0x00, 0x03,
  0xFF, 0xFF, 0xF0, 0x00, 0x1F, 0xFF, 0xFF, 0x80, 0x00, 0xFF, 0xFF, 0xFC,
  0x00, 0x07, 0xFF, 0xFF, 0xE0, 0x00, 0x3F, 0xFF, 0xFF, 0x00, 0x01, 0xFF,
  0xFF, 0xF8, 0x00, 0x0F, 0xFF, 0xFF, 0xC0, 0x00, 0x7F, 0xFF, 0xFE, 0x00,
  0x03, 0xFF, 0xFF, 0xF0, 0x00, 0x1F, 0xFF, 0xFF, 0x80, 0x00, 0xFF, 0xFF,
  0xFC, 0x00, 0x07, 0xFF, 0xFF, 0xE0, 0x00, 0x3F, 0xFF, 0xFF, 0xFF, 0xFF,
  0xFF, 0xFF, 0xFF, 0xFF, 0xFF, 0xFF, 0xFF, 0xFF, 0xFF, 0xFF, 0xFF, 0xFF,
  0xFF, 0xFF, 0xFF, 0xFF, 0xFF, 0xFF, 0xFF, 0xFF, 0xFF, 0xFF, 0xFF, 0xFF,
  0xFF, 0xFF, 0xFF, 0xFF, 0xFF, 0x7F, 0xFF, 0xFF, 0xFF, 0xF9, 0xFF, 0xFF,
  0xFF, 0xFF, 0xC7, 0xFF, 0xFF, 0xFF, 0xFE, 0x00, 0x00, 0x00, 0x7F, 0xF0,
  0x00, 0x00, 0x03, 0xFF, 0x80, 0x00, 0x00, 0x1F, 0xFC, 0x00, 0x00, 0x00,
  0xFF, 0xE0, 0x00, 0x00, 0x07, 0xFF, 0x00, 0x00, 0x00, 0x3F, 0xF8, 0x00,
  0x00, 0x01, 0xFF, 0xC0, 0x00, 0x00, 0x0F, 0xFE, 0x00, 0x00, 0x00, 0x7F,
  0xFF, 0xFE, 0x00, 0x03, 0xFF, 0xFF, 0xF0, 0x00, 0x1F, 0xFF, 0xFF, 0x80,
  0x00, 0xFF, 0xFF, 0xFC, 0x00, 0x07, 0xFF, 0xFF, 0xE0, 0x00, 0x3F, 0xFF,
  0xFF, 0x00, 0x01, 0xFF, 0xFF, 0xF8, 0x00, 0x0F, 0xFF, 0xFF, 0xC0, 0x00,
  0x7F, 0xFF, 0xFE, 0x00, 0x03, 0xFF, 0xFF, 0xF0, 0x00, 0x1F, 0xFF, 0xFF,
  0x80, 0x00, 0xFF, 0xFF, 0xFC, 0x00, 0x07, 0xFF, 0xFF, 0xE0, 0x00, 0x3F,
  0xFF, 0xFF, 0xFF, 0xFF, 0xFF, 0xFF, 0xFF, 0xFF, 0xFF, 0xFF, 0xFF, 0xFF,
  0xFF, 0xFF, 0xFF, 0xFF, 0xFF, 0xFF, 0xFF, 0xFF, 0xFF, 0xFF, 0xFF, 0xFF,
  0xFF, 0xFF, 0xFF, 0xFF, 0xFF, 0xFF, 0xFF, 0xFF, 0xFF, 0x7F, 0xFF, 0xFF,
  0xFF, 0xF1, 0xFF, 0xFF, 0xFF, 0xFF, 0x07, 0xFF, 0xFF, 0xFF, 0xF0, 0xFF,
  0xFF, 0xFF, 0xFF, 0xFF, 0xFF, 0xFF, 0xFF, 0xFF, 0xFF, 0xFF, 0xFF, 0xFF,
  0xFF, 0xFF, 0x80, 0x00, 0x00, 0x00, 0x00, 0x00, 0x00, 0x00, 0x00, 0x00,
  0x00, 0x00, 0x00, 0x00, 0x00, 0x00, 0x00, 0x00, 0x00, 0x00, 0x00, 0x00,
  0x00, 0x00, 0x00, 0x00, 0x00, 0x07, 0xFF, 0xFF, 0xFF, 0xFF, 0xFF, 0xFF,
  0xFF, 0xFF, 0xFF, 0xFF, 0xFF, 0xFF, 0xFF, 0xFF, 0xFC, 0x3F, 0xF9, 0xFF,
  0xCF, 0xFE, 0x7F, 0xF3, 0xFF, 0x9F, 0xFC, 0xFF, 0xE7, 0xFF, 0x3F, 0xF9,
  0xFF, 0xCF, 0xFE, 0x00, 0x00, 0x00, 0x00, 0x00, 0x00, 0x00, 0x00, 0x00,
  0x00, 0x00, 0x00, 0x00, 0x00, 0x00, 0x00, 0x00, 0x00, 0x00, 0x00, 0x00,
  0x00, 0x00, 0x00, 0x00, 0x00, 0x00, 0x00, 0x00, 0x00, 0x00, 0x00, 0x07,
  0xFF, 0x3F, 0xF9, 0xFF, 0x8F, 0xFC, 0x7F, 0xE7, 0xFE, 0x3F, 0xF1, 0xFF,
  0x8F, 0xF8, 0x7F, 0xC3, 0xFE, 0x1F, 0xE0, 0xFF, 0x07, 0xF8, 0x7F, 0x83,
  0xFC, 0x1F, 0xE0, 0xFE, 0x07, 0xF0, 0x00, 0x00, 0x00, 0x00, 0x10, 0x00,
  0x00, 0x03, 0x00, 0x00, 0x00, 0xF0, 0x00, 0x00, 0x1F, 0x00, 0x00, 0x03,
  0xF0, 0x00, 0x00, 0xFF, 0x00, 0x00, 0x1F, 0xF0, 0x00, 0x07, 0xFF, 0x00,
  0x00, 0xFF, 0xF0, 0x00, 0x1F, 0xFF, 0x00, 0x07, 0xFF, 0xF0, 0x00, 0xFF,
  0xFE, 0x00, 0x3F, 0xFF, 0xC0, 0x07, 0xFF, 0xF0, 0x00, 0xFF, 0xFE, 0x00,
  0x3F, 0xFF, 0x80, 0x07, 0xFF, 0xF0, 0x01, 0xFF, 0xFC, 0x00, 0x3F, 0xFF,
  0x80, 0x07, 0xFF, 0xE0, 0x00, 0xFF, 0xFC, 0x00, 0x0F, 0xFF, 0x00, 0x00,
  0xFF, 0xE0, 0x00, 0x0F, 0xFF, 0x80, 0x00, 0xFF, 0xFC, 0x00, 0x07, 0xFF,
  0xE0, 0x00, 0x3F, 0xFF, 0x80, 0x01, 0xFF, 0xFC, 0x00, 0x07, 0xFF, 0xF0,
  0x00, 0x3F, 0xFF, 0x80, 0x00, 0xFF, 0xFE, 0x00, 0x07, 0xFF, 0xF0, 0x00,
  0x3F, 0xFF, 0xC0, 0x00, 0xFF, 0xFE, 0x00, 0x07, 0xFF, 0xF0, 0x00, 0x3F,
  0xFF, 0x00, 0x00, 0xFF, 0xF0, 0x00, 0x07, 0xFF, 0x00, 0x00, 0x3F, 0xF0,
  0x00, 0x00, 0xFF, 0x00, 0x00, 0x07, 0xF0, 0x00, 0x00, 0x1F, 0x00, 0x00,
  0x00, 0xF0, 0x00, 0x00, 0x07, 0x00, 0x00, 0x00, 0x10, 0xFF, 0xFF, 0xFF,
  0xFF, 0xFF, 0xFF, 0xFF, 0xFF, 0xFF, 0xFF, 0xFF, 0xFF, 0xFF, 0xFF, 0xFF,
  0xFF, 0xFF, 0xFF, 0xFF, 0xFF, 0xFF, 0xFF, 0xFF, 0xFF, 0xFF, 0xFF, 0xFF,
  0xFF, 0xFF, 0xFF, 0xFF, 0xFF, 0xFF, 0xFF, 0xFF, 0xFF, 0xFF, 0xFF, 0xFF,
  0xFF, 0xFF, 0xFF, 0xFF, 0xFF, 0xFF, 0xFF, 0xFF, 0xF0, 0x00, 0x00, 0x00,
  0x00, 0x00, 0x00, 0x00, 0x00, 0x00, 0x00, 0x00, 0x00, 0x00, 0x00, 0x00,
  0x00, 0x00, 0x00, 0x00, 0x00, 0x00, 0x00, 0x00, 0x00, 0x00, 0x00, 0x00,
  0x00, 0x00, 0x00, 0x00, 0x00, 0x00, 0x00, 0x00, 0x00, 0x00, 0x00, 0x00,
  0x00, 0x00, 0x00, 0x00, 0x00, 0x00, 0x00, 0x00, 0xFF, 0xFF, 0xFF, 0xFF,
  0xFF, 0xFF, 0xFF, 0xFF, 0xFF, 0xFF, 0xFF, 0xFF, 0xFF, 0xFF, 0xFF, 0xFF,
  0xFF, 0xFF, 0xFF, 0xFF, 0xFF, 0xFF, 0xFF, 0xFF, 0xFF, 0xFF, 0xFF, 0xFF,
  0xFF, 0xFF, 0xFF, 0xFF, 0xFF, 0xFF, 0xFF, 0xFF, 0xFF, 0xFF, 0xFF, 0xFF,
  0xFF, 0xFF, 0xFF, 0xFF, 0xFF, 0xFF, 0xFF, 0xF0, 0x80, 0x00, 0x00, 0x07,
  0x00, 0x00, 0x00, 0x3C, 0x00, 0x00, 0x01, 0xF8, 0x00, 0x00, 0x0F, 0xE0,
  0x00, 0x00, 0x7F, 0x80, 0x00, 0x03, 0xFF, 0x00, 0x00, 0x1F, 0xFC, 0x00,
  0x00, 0xFF, 0xF8, 0x00, 0x07, 0xFF, 0xE0, 0x00, 0x3F, 0xFF, 0xC0, 0x00,
  0xFF, 0xFF, 0x00, 0x03, 0xFF, 0xFC, 0x00, 0x07, 0xFF, 0xF8, 0x00, 0x1F,
  0xFF, 0xE0, 0x00, 0x3F, 0xFF, 0xC0, 0x00, 0x7F, 0xFF, 0x00, 0x01, 0xFF,
  0xFC, 0x00, 0x03, 0xFF, 0xF8, 0x00, 0x0F, 0xFF, 0xE0, 0x00, 0x1F, 0xFF,
  0x80, 0x00, 0x7F, 0xFC, 0x00, 0x00, 0xFF, 0xE0, 0x00, 0x1F, 0xFF, 0x00,
  0x01, 0xFF, 0xF8, 0x00, 0x3F, 0xFF, 0x80, 0x03, 0xFF, 0xF8, 0x00, 0x7F,
  0xFF, 0x00, 0x07, 0xFF, 0xF0, 0x00, 0xFF, 0xFF, 0x00, 0x1F, 0xFF, 0xE0,
  0x01, 0xFF, 0xFE, 0x00, 0x3F, 0xFF, 0xC0, 0x03, 0xFF, 0xFC, 0x00, 0x3F,
  0xFF, 0xC0, 0x01, 0xFF, 0xF8, 0x00, 0x0F, 0xFF, 0x80, 0x00, 0x7F, 0xF0,
  0x00, 0x03, 0xFF, 0x00, 0x00, 0x1F, 0xE0, 0x00, 0x00, 0xFE, 0x00, 0x00,
  0x07, 0xE0, 0x00, 0x00, 0x3C, 0x00, 0x00, 0x01, 0xC0, 0x00, 0x00, 0x08,
  0x00, 0x00, 0x00, 0x00, 0x1F, 0xFF, 0xFF, 0xFE, 0x0F, 0xFF, 0xFF, 0xFF,
  0xC7, 0xFF, 0xFF, 0xFF, 0xFB, 0xFF, 0xFF, 0xFF, 0xFF, 0xFF, 0xFF, 0xFF,
  0xFF, 0xFF, 0xFF, 0xFF, 0xFF, 0xFF, 0xFF, 0xFF, 0xFF, 0xFF, 0xFF, 0xFF,
  0xFF, 0xFF, 0xFF, 0xFF, 0xFF, 0xFF, 0xFF, 0xFF, 0xFF, 0xFF, 0xFF, 0xFE,
  0x00, 0x1F, 0xFF, 0xFF, 0x80, 0x07, 0xFF, 0xFF, 0xE0, 0x01, 0xFF, 0xFF,
  0xF8, 0x00, 0x7F, 0xFF, 0xFE, 0x00, 0x1F, 0xFF, 0xFF, 0x80, 0x07, 0xFF,
  0xFF, 0xE0, 0x01, 0xFF, 0xFF, 0xF8, 0x00, 0x7F, 0xFF, 0xFE, 0x00, 0x1F,
  0xFF, 0xFF, 0x80, 0x07, 0xFF, 0xFF, 0xE0, 0x01, 0xFF, 0xFF, 0xF8, 0x00,
  0x7F, 0xF0, 0x00, 0x00, 0x1F, 0xFC, 0x00, 0x00, 0x07, 0xFF, 0x00, 0x00,
  0x01, 0xFF, 0xC0, 0x00, 0x00, 0xFF, 0xF0, 0x00, 0x00, 0x7F, 0xF8, 0x00,
  0x00, 0x3F, 0xFE, 0x00, 0x00, 0x0F, 0xFF, 0x00, 0x00, 0x07, 0xFF, 0x80,
  0x00, 0x03, 0xFF, 0xE0, 0x00, 0x01, 0xFF, 0xF0, 0x00, 0x00, 0xFF, 0xF8,
  0x00, 0x00, 0x3F, 0xFC, 0x00, 0x00, 0x1F, 0xFF, 0x00, 0x00, 0x0F, 0xFF,
  0x80, 0x00, 0x07, 0xFF, 0xC0, 0x00, 0x01, 0xFF, 0xE0, 0x00, 0x00, 0xFF,
  0xF0, 0x00, 0x00, 0x7F, 0xFC, 0x00, 0x00, 0x1F, 0xFE, 0x00, 0x00, 0x0F,
  0xFF, 0x00, 0x00, 0x03, 0xFF, 0x80, 0x00, 0x00, 0xFF, 0xE0, 0x00, 0x00,
  0x3F, 0xF8, 0x00, 0x00, 0x0F, 0xFE, 0x00, 0x00, 0x03, 0xFF, 0x80, 0x00,
  0x00, 0xFF, 0xE0, 0x00, 0x00, 0x3F, 0xF8, 0x00, 0x00, 0x0F, 0xFE, 0x00,
  0x00, 0x03, 0xFF, 0x80, 0x00, 0x00, 0xFF, 0xE0, 0x00, 0x00, 0x3F, 0xF8,
  0x00, 0x00, 0x0F, 0xFE, 0x00, 0x00, 0x03, 0xFF, 0x80, 0x00, 0x00, 0xFF,
  0xE0, 0x00, 0x00, 0x3F, 0xF8, 0x00, 0x00, 0x00, 0x00, 0x00, 0x00, 0x00,
  0x00, 0x00, 0x00, 0x00, 0x00, 0x00, 0x00, 0x00, 0x00, 0x00, 0x00, 0x00,
  0x00, 0x00, 0x00, 0x00, 0x00, 0x00, 0x00, 0x00, 0x00, 0xFF, 0xE0, 0x00,
  0x00, 0x3F, 0xF8, 0x00, 0x00, 0x0F, 0xFE, 0x00, 0x00, 0x03, 0xFF, 0x80,
  0x00, 0x00, 0xFF, 0xE0, 0x00, 0x00, 0x3F, 0xF8, 0x00, 0x00, 0x0F, 0xFE,
  0x00, 0x00, 0x03, 0xFF, 0x80, 0x00, 0x00, 0xFF, 0xE0, 0x00, 0x00, 0x3F,
  0xF8, 0x00, 0x00, 0x0F, 0xFE, 0x00, 0x00, 0x03, 0xFF, 0x80, 0x00, 0x1F,
  0xFF, 0xFF, 0xFF, 0xFF, 0xFC, 0x1F, 0xFF, 0xFF, 0xFF, 0xFF, 0xFF, 0x1F,
  0xFF, 0xFF, 0xFF, 0xFF, 0xFF, 0xDF, 0xFF, 0xFF, 0xFF, 0xFF, 0xFF, 0xFF,
  0x00, 0x00, 0x00, 0x00, 0x00, 0x7F, 0x80, 0x00, 0x00, 0x00, 0x00, 0x3F,
  0xC0, 0x00, 0x00, 0x00, 0x00, 0x1F, 0xE0, 0x00, 0x00, 0x00, 0x00, 0x0F,
  0xF0, 0x00, 0x00, 0x00, 0x00, 0x07, 0xF8, 0x00, 0x00, 0x00, 0x00, 0x03,
  0xFC, 0x00, 0x00, 0x00, 0x00, 0x01, 0xFE, 0x00, 0x00, 0x00, 0x00, 0x00,
  0xFF, 0x00, 0x00, 0x00, 0x00, 0x00, 0x7F, 0x80, 0x00, 0x00, 0x00, 0x00,
  0x3F, 0xC0, 0x00, 0x00, 0x00, 0x00, 0x1F, 0xE0, 0x00, 0x00, 0x00, 0x00,
  0x0F, 0xF0, 0x00, 0x3F, 0xFF, 0x80, 0x07, 0xF8, 0x00, 0x7F, 0xFF, 0xE0,
  0x03, 0xFC, 0x00, 0x7F, 0xFF, 0xF8, 0x01, 0xFE, 0x00, 0x3F, 0xFF, 0xFE,
  0x00, 0xFF, 0x00, 0x1F, 0xFF, 0xFF, 0x00, 0x7F, 0x80, 0x1F, 0xFF, 0xFF,
  0x80, 0x3F, 0xC0, 0x0F, 0xFF, 0xFF, 0xC0, 0x1F, 0xE0, 0x07, 0xF8, 0x1F,
  0xE0, 0x0F, 0xF0, 0x03, 0xFC, 0x0F, 0xF0, 0x07, 0xF8, 0x01, 0xFE, 0x07,
  0xF8, 0x03, 0xFC, 0x00, 0xFF, 0x03, 0xFC, 0x01, 0xFE, 0x00, 0x7F, 0x81,
  0xFE, 0x00, 0xFF, 0x00, 0x3F, 0xC0, 0xFF, 0x00, 0x7F, 0x80, 0x1F, 0xE0,
  0x7F, 0x80, 0x3F, 0xC0, 0x00, 0x00, 0x3F, 0xC0, 0x1F, 0xE0, 0x00, 0x00,
  0x1F, 0xE0, 0x0F, 0xF0, 0x00, 0x00, 0x0F, 0xF0, 0x07, 0xF8, 0x00, 0x00,
  0x07, 0xF8, 0x03, 0xFC, 0x00, 0x1F, 0xFF, 0xFC, 0x01, 0xFE, 0x00, 0x1F,
  0xFF, 0xFE, 0x00, 0xFF, 0x00, 0x1F, 0xFF, 0xFF, 0x00, 0x7F, 0x80, 0x1F,
  0xFF, 0xFF, 0x80, 0x3F, 0xC0, 0x0F, 0xFF, 0xFF, 0xC0, 0x1F, 0xE0, 0x07,
  0xFF, 0xFF, 0xE0, 0x0F, 0xF0, 0x03, 0xFC, 0x0F, 0xF0, 0x07, 0xF8, 0x01,
  0xFE, 0x07, 0xF8, 0x03, 0xFC, 0x00, 0xFF, 0x03, 0xFC, 0x01, 0xFE, 0x00,
  0x7F, 0x81, 0xFE, 0x00, 0xFF, 0x00, 0x3F, 0xC0, 0xFF, 0x00, 0x7F, 0x80,
  0x1F, 0xE0, 0x7F, 0x80, 0x3F, 0xC0, 0x0F, 0xF0, 0x3F, 0xC0, 0x1F, 0xE0,
  0x07, 0xF8, 0x1F, 0xE0, 0x0F, 0xF0, 0x03, 0xFC, 0x0F, 0xF0, 0x07, 0xF8,
  0x01, 0xFE, 0x07, 0xF8, 0x03, 0xFC, 0x00, 0xFF, 0x03, 0xFC, 0x01, 0xFE,
  0x00, 0x7F, 0x81, 0xFE, 0x00, 0xFF, 0x00, 0x3F, 0xC0, 0xFF, 0x00, 0x7F,
  0x80, 0x1F, 0xFF, 0xFF, 0x80, 0x3F, 0xC0, 0x0F, 0xFF, 0xFF, 0xFF, 0xFF,
  0xE0, 0x07, 0xFF, 0xFF, 0xFF, 0xFF, 0xF0, 0x01, 0xFF, 0xFF, 0xFF, 0xFF,
  0x78, 0x00, 0x7F, 0xFF, 0xFF, 0xFF, 0x3C, 0x00, 0x1F, 0xFF, 0xFF, 0xFF,
  0x1E, 0x00, 0x00, 0x00, 0x00, 0x00, 0x0F, 0x00, 0x00, 0x00, 0x00, 0x00,
  0x07, 0x80, 0x00, 0x00, 0x00, 0x00, 0x03, 0xC0, 0x00, 0x00, 0x00, 0x00,
  0x01, 0xE0, 0x00, 0x00, 0x00, 0x00, 0x00, 0xF0, 0x00, 0x00, 0x00, 0x00,
  0x00, 0x78, 0x00, 0x00, 0x00, 0x00, 0x00, 0x3C, 0x00, 0x00, 0x00, 0x00,
  0x00, 0x1E, 0x00, 0x00, 0x00, 0x00, 0x00, 0x0F, 0x00, 0x00, 0x00, 0x00,
  0x00, 0x07, 0x80, 0x00, 0x00, 0x00, 0x00, 0x03, 0xC0, 0x00, 0x00, 0x00,
  0x00, 0x01, 0xFF, 0xFF, 0xFF, 0xFF, 0xFF, 0xFF, 0x7F, 0xFF, 0xFF, 0xFF,
  0xFF, 0xFF, 0x9F, 0xFF, 0xFF, 0xFF, 0xFF, 0xFF, 0xC7, 0xFF, 0xFF, 0xFF,
  0xFF, 0xFF, 0xE0, 0x00, 0x01, 0xFF, 0xC0, 0x00, 0x00, 0x00, 0xFF, 0xE0,
  0x00, 0x00, 0x00, 0xFF, 0xF8, 0x00, 0x00, 0x00, 0x7F, 0xFC, 0x00, 0x00,
  0x00, 0x3F, 0xFE, 0x00, 0x00, 0x00, 0x1F, 0xFF, 0x00, 0x00, 0x00, 0x0F,
  0xFF, 0x80, 0x00, 0x00, 0x0F, 0xFF, 0xE0, 0x00, 0x00, 0x07, 0xFF, 0xF0,
  0x00, 0x00, 0x03, 0xFF, 0xF8, 0x00, 0x00, 0x01, 0xFF, 0xFC, 0x00, 0x00,
  0x00, 0xFF, 0xFE, 0x00, 0x00, 0x00, 0xFF, 0xFF, 0x80, 0x00, 0x00, 0x7F,
  0xFF, 0xC0, 0x00, 0x00, 0x3F, 0xFF, 0xE0, 0x00, 0x00, 0x1F, 0xFF, 0xF0,
  0x00, 0x00, 0x0F, 0xFF, 0xF8, 0x00, 0x00, 0x0F, 0xFB, 0xFE, 0x00, 0x00,
  0x07, 0xFD, 0xFF, 0x00, 0x00, 0x03, 0xFE, 0xFF, 0x80, 0x00, 0x01, 0xFF,
  0x7F, 0xC0, 0x00, 0x00, 0xFF, 0xBF, 0xE0, 0x00, 0x00, 0xFF, 0xDF, 0xF8,
  0x00, 0x00, 0x7F, 0xC7, 0xFC, 0x00, 0x00, 0x3F, 0xE3, 0xFE, 0x00, 0x00,
  0x1F, 0xF1, 0xFF, 0x00, 0x00, 0x0F, 0xF8, 0xFF, 0x80, 0x00, 0x0F, 0xFC,
  0x7F, 0xE0, 0x00, 0x07, 0xFE, 0x3F, 0xF0, 0x00, 0x03, 0xFE, 0x0F, 0xF8,
  0x00, 0x01, 0xFF, 0x07, 0xFC, 0x00, 0x00, 0xFF, 0x83, 0xFE, 0x00, 0x00,
  0xFF, 0xC1, 0xFF, 0x80, 0x00, 0x7F, 0xE0, 0xFF, 0xC0, 0x00, 0x3F, 0xF0,
  0x7F, 0xE0, 0x00, 0x1F, 0xF0, 0x1F, 0xF0, 0x00, 0x0F, 0xF8, 0x0F, 0xF8,
  0x00, 0x0F, 0xFC, 0x07, 0xFE, 0x00, 0x07, 0xFE, 0x03, 0xFF, 0x00, 0x03,
  0xFF, 0x01, 0xFF, 0x80, 0x01, 0xFF, 0x80, 0xFF, 0xC0, 0x00, 0xFF, 0x80,
  0x3F, 0xE0, 0x00, 0xFF, 0xC0, 0x1F, 0xF8, 0x00, 0x7F, 0xE0, 0x0F, 0xFC,
  0x00, 0x3F, 0xF0, 0x07, 0xFE, 0x00, 0x1F, 0xF8, 0x03, 0xFF, 0x00, 0x0F,
  0xFC, 0x01, 0xFF, 0x80, 0x0F, 0xFC, 0x00, 0xFF, 0xE0, 0x07, 0xFE, 0x00,
  0x3F, 0xF0, 0x03, 0xFF, 0x00, 0x1F, 0xF8, 0x01, 0xFF, 0x80, 0x0F, 0xFC,
  0x00, 0xFF, 0xFF, 0xFF, 0xFE, 0x00, 0xFF, 0xFF, 0xFF, 0xFF, 0x80, 0x7F,
  0xFF, 0xFF, 0xFF, 0xC0, 0x3F, 0xFF, 0xFF, 0xFF, 0xE0, 0x1F, 0xFF, 0xFF,
  0xFF, 0xF0, 0x0F, 0xFF, 0xFF, 0xFF, 0xF8, 0x0F, 0xFF, 0xFF, 0xFF, 0xFE,
  0x07, 0xFF, 0xFF, 0xFF, 0xFF, 0x03, 0xFF, 0xFF, 0xFF, 0xFF, 0x81, 0xFF,
  0xFF, 0xFF, 0xFF, 0xC0, 0xFF, 0xC0, 0x00, 0x7F, 0xE0, 0xFF, 0xE0, 0x00,
  0x3F, 0xF8, 0x7F, 0xF0, 0x00, 0x1F, 0xFC, 0x3F, 0xF8, 0x00, 0x0F, 0xFE,
  0x1F, 0xFC, 0x00, 0x07, 0xFF, 0x0F, 0xFC, 0x00, 0x01, 0xFF, 0x8F, 0xFE,
  0x00, 0x00, 0xFF, 0xE7, 0xFF, 0x00, 0x00, 0x7F, 0xF3, 0xFF, 0x80, 0x00,
  0x3F, 0xF9, 0xFF, 0xC0, 0x00, 0x1F, 0xFC, 0xFF, 0xE0, 0x00, 0x0F, 0xFE,
  0xFF, 0xE0, 0x00, 0x03, 0xFF, 0xFF, 0xF0, 0x00, 0x01, 0xFF, 0xFF, 0xF8,
  0x00, 0x00, 0xFF, 0xE0, 0xFF, 0xFF, 0xFF, 0xFF, 0x87, 0xFF, 0xFF, 0xFF,
  0xFF, 0x3F, 0xFF, 0xFF, 0xFF, 0xFD, 0xFF, 0xFF, 0xFF, 0xFF, 0xEF, 0xFF,
  0xFF, 0xFF, 0xFF, 0x7F, 0xFF, 0xFF, 0xFF, 0xFF, 0xFF, 0xFF, 0xFF, 0xFF,
  0xFF, 0xFF, 0xFF, 0xFF, 0xFF, 0xFF, 0xFF, 0xFF, 0xFF, 0xFF, 0xFF, 0xFF,
  0xFF, 0xFF, 0xFF, 0xF8, 0x00, 0x0F, 0xFF, 0xFF, 0xC0, 0x00, 0x7F, 0xFF,
  0xFE, 0x00, 0x03, 0xFF, 0xFF, 0xF0, 0x00, 0x1F, 0xFF, 0xFF, 0x80, 0x00,
  0xFF, 0xFF, 0xFC, 0x00, 0x07, 0xFF, 0xFF, 0xE0, 0x00, 0x3F, 0xFF, 0xFF,
  0x00, 0x01, 0xFF, 0xFF, 0xF8, 0x00, 0x0F, 0xFF, 0xFF, 0xC0, 0x00, 0x7F,
  0xFF, 0xFE, 0x00, 0x03, 0xFF, 0xFF, 0xF0, 0x00, 0x1F, 0xFF, 0xFF, 0x80,
  0x00, 0xFF, 0xFF, 0xFC, 0x00, 0x07, 0xFF, 0xFF, 0xE0, 0x00, 0x3F, 0xFF,
  0xFF, 0x00, 0x01, 0xFF, 0xFF, 0xF8, 0x00, 0x0F, 0xFF, 0xFF, 0xC0, 0x00,
  0xFF, 0xEF, 0xFE, 0x00, 0x0F, 0xFF, 0x7F, 0xF0, 0x01, 0xFF, 0xFB, 0xFF,
  0x80, 0x1F, 0xFF, 0x9F, 0xFF, 0xFF, 0xFF, 0xFC, 0xFF, 0xFF, 0xFF, 0xFF,
  0xC7, 0xFF, 0xFF, 0xFF, 0xF8, 0x3F, 0xFF, 0xFF, 0xFF, 0x81, 0xFF, 0xFF,
  0xFF, 0xF0, 0x0F, 0xFF, 0xFF, 0xFF, 0x80, 0x7F, 0xFF, 0xFF, 0xFF, 0x03,
  0xFF, 0xFF, 0xFF, 0xFC, 0x1F, 0xFF, 0xFF, 0xFF, 0xF0, 0xFF, 0xFF, 0xFF,
  0xFF, 0xE7, 0xFF, 0x00, 0x3F, 0xFF, 0x3F, 0xF8, 0x00, 0x7F, 0xFD, 0xFF,
  0xC0, 0x01, 0xFF, 0xEF, 0xFE, 0x00, 0x03, 0xFF, 0xFF, 0xF0, 0x00, 0x1F,
  0xFF, 0xFF, 0x80, 0x00, 0xFF, 0xFF, 0xFC, 0x00, 0x07, 0xFF, 0xFF, 0xE0,
  0x00, 0x3F, 0xFF, 0xFF, 0x00, 0x01, 0xFF, 0xFF, 0xF8, 0x00, 0x0F, 0xFF,
  0xFF, 0xC0, 0x00, 0x7F, 0xFF, 0xFE, 0x00, 0x03, 0xFF, 0xFF, 0xF0, 0x00,
  0x1F, 0xFF, 0xFF, 0x80, 0x00, 0xFF, 0xFF, 0xFC, 0x00, 0x07, 0xFF, 0xFF,
  0xE0, 0x00, 0x3F, 0xFF, 0xFF, 0x00, 0x01, 0xFF, 0xFF, 0xF8, 0x00, 0x0F,
  0xFF, 0xFF, 0xC0, 0x00, 0x7F, 0xFF, 0xFE, 0x00, 0x03, 0xFF, 0xFF, 0xF0,
  0x00, 0x1F, 0xFF, 0xFF, 0x80, 0x00, 0xFF, 0xFF, 0xFC, 0x00, 0x07, 0xFF,
  0xFF, 0xE0, 0x00, 0x3F, 0xFF, 0xFF, 0xFF, 0xFF, 0xFF, 0xFF, 0xFF, 0xFF,
  0xFF, 0xFF, 0xFF, 0xFF, 0xFF, 0xFF, 0xFF, 0xFF, 0xFF, 0xFF, 0xFF, 0xFF,
  0xFF, 0xFF, 0xFF, 0xFF, 0xFF, 0xFF, 0xFF, 0xFF, 0xFF, 0xFF, 0xFF, 0xFF,
  0xFF, 0xFF, 0xFF, 0xFF, 0xFF, 0xF7, 0xFF, 0xFF, 0xFF, 0xFF, 0x3F, 0xFF,
  0xFF, 0xFF, 0xF0, 0x1F, 0xFF, 0xFF, 0xFF, 0xC1, 0xFF, 0xFF, 0xFF, 0xFF,
  0x1F, 0xFF, 0xFF, 0xFF, 0xFD, 0xFF, 0xFF, 0xFF, 0xFF, 0xFF, 0xFF, 0xFF,
  0xFF, 0xFF, 0xFF, 0xFF, 0xFF, 0xFF, 0xFF, 0xFF, 0xFF, 0xFF, 0xFF, 0xFF,
  0xFF, 0xFF, 0xFF, 0xFF, 0xFF, 0xFF, 0xFF, 0xFF, 0xFF, 0xFF, 0xFF, 0xFF,
  0xFF, 0xFF, 0xF8, 0x00, 0x0F, 0xFF, 0xFF, 0xC0, 0x00, 0x7F, 0xFF, 0xFE,
  0x00, 0x03, 0xFF, 0xFF, 0xF0, 0x00, 0x1F, 0xFF, 0xFF, 0x80, 0x00, 0xFF,
  0xFF, 0xFC, 0x00, 0x07, 0xFF, 0xFF, 0xE0, 0x00, 0x3F, 0xFF, 0xFF, 0x00,
  0x01, 0xFF, 0xFF, 0xF8, 0x00, 0x0F, 0xFF, 0xFF, 0xC0, 0x00, 0x7F, 0xFF,
  0xFE, 0x00, 0x03, 0xFF, 0xFF, 0xF0, 0x00, 0x1F, 0xFF, 0xFF, 0x80, 0x00,
  0xFF, 0xFF, 0xFC, 0x00, 0x07, 0xFF, 0xFF, 0xE0, 0x00, 0x3F, 0xFF, 0xFF,
  0x00, 0x00, 0x00, 0x3F, 0xF8, 0x00, 0x00, 0x01, 0xFF, 0xC0, 0x00, 0x00,
  0x0F, 0xFE, 0x00, 0x00, 0x00, 0x7F, 0xF0, 0x00, 0x00, 0x03, 0xFF, 0x80,
  0x00, 0x00, 0x1F, 0xFC, 0x00, 0x00, 0x00, 0xFF, 0xE0, 0x00, 0x00, 0x07,
  0xFF, 0x00, 0x00, 0x00, 0x3F, 0xF8, 0x00, 0x00, 0x01, 0xFF, 0xC0, 0x00,
  0x00, 0x0F, 0xFE, 0x00, 0x00, 0x00, 0x7F, 0xF0, 0x00, 0x00, 0x03, 0xFF,
  0x80, 0x00, 0x00, 0x1F, 0xFC, 0x00, 0x00, 0x00, 0xFF, 0xE0, 0x00, 0x00,
  0x07, 0xFF, 0x00, 0x00, 0x00, 0x3F, 0xF8, 0x00, 0x00, 0x01, 0xFF, 0xC0,
  0x00, 0x00, 0x0F, 0xFE, 0x00, 0x00, 0x00, 0x7F, 0xF0, 0x00, 0x00, 0x03,
  0xFF, 0x80, 0x00, 0x00, 0x1F, 0xFC, 0x00, 0x00, 0x00, 0xFF, 0xE0, 0x00,
  0x00, 0x07, 0xFF, 0x00, 0x00, 0x00, 0x3F, 0xF8, 0x00, 0x0F, 0xFF, 0xFF,
  0xC0, 0x00, 0x7F, 0xFF, 0xFE, 0x00, 0x03, 0xFF, 0xFF, 0xF0, 0x00, 0x1F,
  0xFF, 0xFF, 0x80, 0x00, 0xFF, 0xFF, 0xFC, 0x00, 0x07, 0xFF, 0xFF, 0xE0,
  0x00, 0x3F, 0xFF, 0xFF, 0x00, 0x01, 0xFF, 0xFF, 0xF8, 0x00, 0x0F, 0xFF,
  0xFF, 0xC0, 0x00, 0x7F, 0xFF, 0xFE, 0x00, 0x03, 0xFF, 0xFF, 0xF0, 0x00,
  0x1F, 0xFF, 0xFF, 0x80, 0x00, 0xFF, 0xFF, 0xFC, 0x00, 0x07, 0xFF, 0xFF,
  0xE0, 0x00, 0x3F, 0xFF, 0xFF, 0xFF, 0xFF, 0xFF, 0xFF, 0xFF, 0xFF, 0xFF,
  0xFF, 0xFF, 0xFF, 0xFF, 0xFF, 0xFF, 0xFF, 0xFF, 0xFF, 0xFF, 0xFF, 0xFF,
  0xFF, 0xFF, 0xFF, 0xFF, 0xFF, 0xFF, 0xFF, 0xFF, 0xFF, 0xFF, 0xFF, 0xFF,
  0x7F, 0xFF, 0xFF, 0xFF, 0xF1, 0xFF, 0xFF, 0xFF, 0xFF, 0x07, 0xFF, 0xFF,
  0xFF, 0xF0, 0xFF, 0xFF, 0xFF, 0xE0, 0x07, 0xFF, 0xFF, 0xFF, 0xE0, 0x3F,
  0xFF, 0xFF, 0xFF, 0x81, 0xFF, 0xFF, 0xFF, 0xFF, 0x0F, 0xFF, 0xFF, 0xFF,
  0xFC, 0x7F, 0xFF, 0xFF, 0xFF, 0xE3, 0xFF, 0xFF, 0xFF, 0xFF, 0x9F, 0xFF,
  0xFF, 0xFF, 0xFE, 0xFF, 0xFF, 0xFF, 0xFF, 0xF7, 0xFF, 0xFF, 0xFF, 0xFF,
  0xBF, 0xF8, 0x00, 0x7F, 0xFF, 0xFF, 0xC0, 0x01, 0xFF, 0xFF, 0xFE, 0x00,
  0x07, 0xFF, 0xFF, 0xF0, 0x00, 0x1F, 0xFF, 0xFF, 0x80, 0x00, 0xFF, 0xFF,
  0xFC, 0x00, 0x07, 0xFF, 0xFF, 0xE0, 0x00, 0x3F, 0xFF, 0xFF, 0x00, 0x01,
  0xFF, 0xFF, 0xF8, 0x00, 0x0F, 0xFF, 0xFF, 0xC0, 0x00, 0x7F, 0xFF, 0xFE,
  0x00, 0x03, 0xFF, 0xFF, 0xF0, 0x00, 0x1F, 0xFF, 0xFF, 0x80, 0x00, 0xFF,
  0xFF, 0xFC, 0x00, 0x07, 0xFF, 0xFF, 0xE0, 0x00, 0x3F, 0xFF, 0xFF, 0x00,
  0x01, 0xFF, 0xFF, 0xF8, 0x00, 0x0F, 0xFF, 0xFF, 0xC0, 0x00, 0x7F, 0xFF,
  0xFE, 0x00, 0x03, 0xFF, 0xFF, 0xF0, 0x00, 0x1F, 0xFF, 0xFF, 0x80, 0x00,
  0xFF, 0xFF, 0xFC, 0x00, 0x07, 0xFF, 0xFF, 0xE0, 0x00, 0x3F, 0xFF, 0xFF,
  0x00, 0x01, 0xFF, 0xFF, 0xF8, 0x00, 0x0F, 0xFF, 0xFF, 0xC0, 0x00, 0x7F,
  0xFF, 0xFE, 0x00, 0x03, 0xFF, 0xFF, 0xF0, 0x00, 0x1F, 0xFF, 0xFF, 0x80,
  0x00, 0xFF, 0xFF, 0xFC, 0x00, 0x07, 0xFF, 0xFF, 0xE0, 0x00, 0x3F, 0xFF,
  0xFF, 0x00, 0x01, 0xFF, 0xFF, 0xF8, 0x00, 0x0F, 0xFF, 0xFF, 0xC0, 0x00,
  0x7F, 0xFF, 0xFE, 0x00, 0x03, 0xFF, 0xFF, 0xF0, 0x00, 0x1F, 0xFF, 0xFF,
  0x80, 0x00, 0xFF, 0xFF, 0xFC, 0x00, 0x07, 0xFF, 0xFF, 0xE0, 0x00, 0x3F,
  0xFF, 0xFF, 0x00, 0x01, 0xFF, 0xFF, 0xF8, 0x00, 0x0F, 0xFF, 0xFF, 0xC0,
  0x00, 0x7F, 0xFF, 0xFE, 0x00, 0x03, 0xFF, 0xFF, 0xF0, 0x00, 0x1F, 0xFF,
  0xFF, 0x80, 0x00, 0xFF, 0xFF, 0xFC, 0x00, 0x07, 0xFF, 0xFF, 0xE0, 0x00,
  0x3F, 0xFF, 0xFF, 0x00, 0x01, 0xFF, 0xFF, 0xF8, 0x00, 0x0F, 0xFF, 0xFF,
  0xC0, 0x00, 0x7F, 0xFF, 0xFE, 0x00, 0x03, 0xFF, 0xFF, 0xF0, 0x00, 0x1F,
  0xFF, 0xFF, 0x80, 0x01, 0xFF, 0xFF, 0xFC, 0x00, 0x1F, 0xFF, 0xFF, 0xE0,
  0x03, 0xFF, 0xFF, 0xFF, 0xFF, 0xFF, 0xFF, 0xBF, 0xFF, 0xFF, 0xFF, 0xFD,
  0xFF, 0xFF, 0xFF, 0xFF, 0xEF, 0xFF, 0xFF, 0xFF, 0xFE, 0x7F, 0xFF, 0xFF,
  0xFF, 0xE3, 0xFF, 0xFF, 0xFF, 0xFF, 0x1F, 0xFF, 0xFF, 0xFF, 0xF0, 0xFF,
  0xFF, 0xFF, 0xFE, 0x07, 0xFF, 0xFF, 0xFF, 0xE0, 0x3F, 0xFF, 0xFF, 0xF8,
  0x00, 0xFF, 0xFF, 0xFF, 0xFF, 0xFF, 0xFF, 0xFF, 0xFF, 0xFF, 0xFF, 0xFF,
  0xFF, 0xFF, 0xFF, 0xFF, 0xFF, 0xFF, 0xFF, 0xFF, 0xFF, 0xFF, 0xFF, 0xFF,
  0xFF, 0xFF, 0xFF, 0xFF, 0xFF, 0xFF, 0xFF, 0xFF, 0xFF, 0xFF, 0xFF, 0xFF,
  0xFF, 0xFF, 0xFF, 0xFF, 0xFF, 0x80, 0x00, 0x07, 0xFF, 0x00, 0x00, 0x0F,
  0xFE, 0x00, 0x00, 0x1F, 0xFC, 0x00, 0x00, 0x3F, 0xF8, 0x00, 0x00, 0x7F,
  0xF0, 0x00, 0x00, 0xFF, 0xE0, 0x00, 0x01, 0xFF, 0xC0, 0x00, 0x03, 0xFF,
  0x80, 0x00, 0x07, 0xFF, 0x00, 0x00, 0x0F, 0xFE, 0x00, 0x00, 0x1F, 0xFC,
  0x00, 0x00, 0x3F, 0xF8, 0x00, 0x00, 0x7F, 0xF0, 0x00, 0x00, 0xFF, 0xE0,
  0x00, 0x01, 0xFF, 0xC0, 0x00, 0x03, 0xFF, 0x80, 0x00, 0x07, 0xFF, 0x00,
  0x00, 0x0F, 0xFE, 0x00, 0x00, 0x1F, 0xFC, 0x00, 0x00, 0x3F, 0xF8, 0x00,
  0x00, 0x7F, 0xFF, 0xFF, 0xF8, 0xFF, 0xFF, 0xFF, 0xF1, 0xFF, 0xFF, 0xFF,
  0xE3, 0xFF, 0xFF, 0xFF, 0xC7, 0xFF, 0xFF, 0xFF, 0x8F, 0xFF, 0xFF, 0xFF,
  0x1F, 0xFF, 0xFF, 0xFE, 0x3F, 0xFF, 0xFF, 0xFC, 0x7F, 0xFF, 0xFF, 0xF8,
  0xFF, 0xFF, 0xFF, 0xF1, 0xFF, 0xC0, 0x00, 0x03, 0xFF, 0x80, 0x00, 0x07,
  0xFF, 0x00, 0x00, 0x0F, 0xFE, 0x00, 0x00, 0x1F, 0xFC, 0x00, 0x00, 0x3F,
  0xF8, 0x00, 0x00, 0x7F, 0xF0, 0x00, 0x00, 0xFF, 0xE0, 0x00, 0x01, 0xFF,
  0xC0, 0x00, 0x03, 0xFF, 0x80, 0x00, 0x07, 0xFF, 0x00, 0x00, 0x0F, 0xFE,
  0x00, 0x00, 0x1F, 0xFC, 0x00, 0x00, 0x3F, 0xF8, 0x00, 0x00, 0x7F, 0xF0,
  0x00, 0x00, 0xFF, 0xE0, 0x00, 0x01, 0xFF, 0xC0, 0x00, 0x03, 0xFF, 0x80,
  0x00, 0x07, 0xFF, 0x00, 0x00, 0x0F, 0xFE, 0x00, 0x00, 0x1F, 0xFC, 0x00,
  0x00, 0x3F, 0xF8, 0x00, 0x00, 0x7F, 0xF0, 0x00, 0x00, 0xFF, 0xE0, 0x00,
  0x01, 0xFF, 0xFF, 0xFF, 0xFF, 0xFF, 0xFF, 0xFF, 0xFF, 0xFF, 0xFF, 0xFF,
  0xFF, 0xFF, 0xFF, 0xFF, 0xFF, 0xFF, 0xFF, 0xFF, 0xFF, 0xFF, 0xFF, 0xFF,
  0xFF, 0xFF, 0xFF, 0xFF, 0xFF, 0xFF, 0xFF, 0xFF, 0xFF, 0xFF, 0xFF, 0xFF,
  0xFF, 0xFF, 0xFF, 0xF8, 0xFF, 0xFF, 0xFF, 0xFF, 0xFF, 0xFF, 0xFF, 0xFF,
  0xFF, 0xFF, 0xFF, 0xFF, 0xFF, 0xFF, 0xFF, 0xFF, 0xFF, 0xFF, 0xFF, 0xFF,
  0xFF, 0xFF, 0xFF, 0xFF, 0xFF, 0xFF, 0xFF, 0xFF, 0xFF, 0xFF, 0xFF, 0xFF,
  0xFF, 0xFF, 0xFF, 0xFF, 0xFF, 0xFF, 0xFE, 0x00, 0x00, 0x3F, 0xF8, 0x00,
  0x00, 0xFF, 0xE0, 0x00, 0x03, 0xFF, 0x80, 0x00, 0x0F, 0xFE, 0x00, 0x00,
  0x3F, 0xF8, 0x00, 0x00, 0xFF, 0xE0, 0x00, 0x03, 0xFF, 0x80, 0x00, 0x0F,
  0xFE, 0x00, 0x00, 0x3F, 0xF8, 0x00, 0x00, 0xFF, 0xE0, 0x00, 0x03, 0xFF,
  0x80, 0x00, 0x0F, 0xFE, 0x00, 0x00, 0x3F, 0xF8, 0x00, 0x00, 0xFF, 0xE0,
  0x00, 0x03, 0xFF, 0x80, 0x00, 0x0F, 0xFE, 0x00, 0x00, 0x3F, 0xF8, 0x00,
  0x00, 0xFF, 0xE0, 0x00, 0x03, 0xFF, 0x80, 0x00, 0x0F, 0xFE, 0x00, 0x00,
  0x3F, 0xF8, 0x00, 0x00, 0xFF, 0xFF, 0xFF, 0xE3, 0xFF, 0xFF, 0xFF, 0x8F,
  0xFF, 0xFF, 0xFE, 0x3F, 0xFF, 0xFF, 0xF8, 0xFF, 0xFF, 0xFF, 0xE3, 0xFF,
  0xFF, 0xFF, 0x8F, 0xFF, 0xFF, 0xFE, 0x3F, 0xFF, 0xFF, 0xF8, 0xFF, 0xFF,
  0xFF, 0xE3, 0xFF, 0xFF, 0xFF, 0x8F, 0xFE, 0x00, 0x00, 0x3F, 0xF8, 0x00,
  0x00, 0xFF, 0xE0, 0x00, 0x03, 0xFF, 0x80, 0x00, 0x0F, 0xFE, 0x00, 0x00,
  0x3F, 0xF8, 0x00, 0x00, 0xFF, 0xE0, 0x00, 0x03, 0xFF, 0x80, 0x00, 0x0F,
  0xFE, 0x00, 0x00, 0x3F, 0xF8, 0x00, 0x00, 0xFF, 0xE0, 0x00, 0x03, 0xFF,
  0x80, 0x00, 0x0F, 0xFE, 0x00, 0x00, 0x3F, 0xF8, 0x00, 0x00, 0xFF, 0xE0,
  0x00, 0x03, 0xFF, 0x80, 0x00, 0x0F, 0xFE, 0x00, 0x00, 0x3F, 0xF8, 0x00,
  0x00, 0xFF, 0xE0, 0x00, 0x03, 0xFF, 0x80, 0x00, 0x0F, 0xFE, 0x00, 0x00,
  0x3F, 0xF8, 0x00, 0x00, 0xFF, 0xE0, 0x00, 0x03, 0xFF, 0x80, 0x00, 0x0F,
  0xFE, 0x00, 0x00, 0x3F, 0xF8, 0x00, 0x00, 0xFF, 0xE0, 0x00, 0x03, 0xFF,
  0x80, 0x00, 0x0F, 0xFE, 0x00, 0x00, 0x3F, 0xF8, 0x00, 0x00, 0xFF, 0xE0,
  0x00, 0x03, 0xFF, 0x80, 0x00, 0x0F, 0xFE, 0x00, 0x00, 0x00, 0x1F, 0xFF,
  0xFF, 0xFF, 0xC1, 0xFF, 0xFF, 0xFF, 0xFF, 0x1F, 0xFF, 0xFF, 0xFF, 0xFD,
  0xFF, 0xFF, 0xFF, 0xFF, 0xFF, 0xFF, 0xFF, 0xFF, 0xFF, 0xFF, 0xFF, 0xFF,
  0xFF, 0xFF, 0xFF, 0xFF, 0xFF, 0xFF, 0xFF, 0xFF, 0xFF, 0xFF, 0xFF, 0xFF,
  0xFF, 0xFF, 0xFF, 0xFF, 0xFF, 0xFF, 0xFF, 0xFF, 0xFF, 0xF8, 0x00, 0x0F,
  0xFF, 0xFF, 0xC0, 0x00, 0x7F, 0xFF, 0xFE, 0x00, 0x03, 0xFF, 0xFF, 0xF0,
  0x00, 0x1F, 0xFF, 0xFF, 0x80, 0x00, 0xFF, 0xFF, 0xFC, 0x00, 0x07, 0xFF,
  0xFF, 0xE0, 0x00, 0x3F, 0xFF, 0xFF, 0x00, 0x01, 0xFF, 0xFF, 0xF8, 0x00,
  0x0F, 0xFF, 0xFF, 0xC0, 0x00, 0x7F, 0xFF, 0xFE, 0x00, 0x03, 0xFF, 0xFF,
  0xF0, 0x00, 0x1F, 0xFF, 0xFF, 0x80, 0x00, 0xFF, 0xFF, 0xFC, 0x00, 0x00,
  0x00, 0xFF, 0xE0, 0x00, 0x00, 0x07, 0xFF, 0x00, 0x00, 0x00, 0x3F, 0xF8,
  0x00, 0x00, 0x01, 0xFF, 0xC0, 0x00, 0x00, 0x0F, 0xFE, 0x00, 0x00, 0x00,
  0x7F, 0xF0, 0x00, 0x00, 0x03, 0xFF, 0x80, 0x00, 0x00, 0x1F, 0xFC, 0x00,
  0x00, 0x00, 0xFF, 0xE0, 0x00, 0x00, 0x07, 0xFF, 0x00, 0x00, 0x00, 0x3F,
  0xF8, 0x0F, 0xFF, 0xFF, 0xFF, 0xC0, 0x7F, 0xFF, 0xFF, 0xFE, 0x03, 0xFF,
  0xFF, 0xFF, 0xF0, 0x1F, 0xFF, 0xFF, 0xFF, 0x80, 0xFF, 0xFF, 0xFF, 0xFC,
  0x07, 0xFF, 0xFF, 0xFF, 0xE0, 0x3F, 0xFF, 0xFF, 0xFF, 0x01, 0xFF, 0xFF,
  0xFF, 0xF8, 0x0F, 0xFF, 0xFF, 0xFF, 0xC0, 0x7F, 0xFF, 0xFF, 0xFE, 0x00,
  0x03, 0xFF, 0xFF, 0xF0, 0x00, 0x1F, 0xFF, 0xFF, 0x80, 0x00, 0xFF, 0xFF,
  0xFC, 0x00, 0x07, 0xFF, 0xFF, 0xE0, 0x00, 0x3F, 0xFF, 0xFF, 0x00, 0x01,
  0xFF, 0xFF, 0xF8, 0x00, 0x0F, 0xFF, 0xFF, 0xC0, 0x00, 0x7F, 0xFF, 0xFE,
  0x00, 0x03, 0xFF, 0xFF, 0xF0, 0x00, 0x1F, 0xFF, 0xFF, 0x80, 0x00, 0xFF,
  0xFF, 0xFC, 0x00, 0x07, 0xFF, 0xFF, 0xE0, 0x00, 0x3F, 0xFF, 0xFF, 0x00,
  0x01, 0xFF, 0xFF, 0xF8, 0x00, 0x0F, 0xFF, 0xFF, 0xC0, 0x00, 0x7F, 0xFF,
  0xFE, 0x00, 0x03, 0xFF, 0xFF, 0xF0, 0x00, 0x1F, 0xFF, 0xFF, 0x80, 0x00,
  0xFF, 0xFF, 0xFC, 0x00, 0x07, 0xFF, 0xFF, 0xE0, 0x00, 0x3F, 0xFF, 0xFF,
  0xFF, 0xFF, 0xFF, 0xFF, 0xFF, 0xFF, 0xFF, 0xFF, 0xFF, 0xFF, 0xFF, 0xFF,
  0xFF, 0xFF, 0xFF, 0xFF, 0xFF, 0xFF, 0xFF, 0xFF, 0xFF, 0xFF, 0xFF, 0xFF,
  0xFF, 0xFF, 0xFF, 0xFF, 0xFF, 0xFF, 0xFF, 0x7F, 0xFF, 0xFF, 0xFF, 0xF1,
  0xFF, 0xFF, 0xFF, 0xFF, 0x07, 0xFF, 0xFF, 0xFF, 0xF0, 0xFF, 0xE0, 0x00,
  0x3F, 0xFF, 0xFF, 0x00, 0x01, 0xFF, 0xFF, 0xF8, 0x00, 0x0F, 0xFF, 0xFF,
  0xC0, 0x00, 0x7F, 0xFF, 0xFE, 0x00, 0x03, 0xFF, 0xFF, 0xF0, 0x00, 0x1F,
  0xFF, 0xFF, 0x80, 0x00, 0xFF, 0xFF, 0xFC, 0x00, 0x07, 0xFF, 0xFF, 0xE0,
  0x00, 0x3F, 0xFF, 0xFF, 0x00, 0x01, 0xFF, 0xFF, 0xF8, 0x00, 0x0F, 0xFF,
  0xFF, 0xC0, 0x00, 0x7F, 0xFF, 0xFE, 0x00, 0x03, 0xFF, 0xFF, 0xF0, 0x00,
  0x1F, 0xFF, 0xFF, 0x80, 0x00, 0xFF, 0xFF, 0xFC, 0x00, 0x07, 0xFF, 0xFF,
  0xE0, 0x00, 0x3F, 0xFF, 0xFF, 0x00, 0x01, 0xFF, 0xFF, 0xF8, 0x00, 0x0F,
  0xFF, 0xFF, 0xC0, 0x00, 0x7F, 0xFF, 0xFE, 0x00, 0x03, 0xFF, 0xFF, 0xF0,
  0x00, 0x1F, 0xFF, 0xFF, 0x80, 0x00, 0xFF, 0xFF, 0xFC, 0x00, 0x07, 0xFF,
  0xFF, 0xE0, 0x00, 0x3F, 0xFF, 0xFF, 0x00, 0x01, 0xFF, 0xFF, 0xF8, 0x00,
  0x0F, 0xFF, 0xFF, 0xC0, 0x00, 0x7F, 0xFF, 0xFE, 0x00, 0x03, 0xFF, 0xFF,
  0xF0, 0x00, 0x1F, 0xFF, 0xFF, 0x80, 0x00, 0xFF, 0xFF, 0xFF, 0xFF, 0xFF,
  0xFF, 0xFF, 0xFF, 0xFF, 0xFF, 0xFF, 0xFF, 0xFF, 0xFF, 0xFF, 0xFF, 0xFF,
  0xFF, 0xFF, 0xFF, 0xFF, 0xFF, 0xFF, 0xFF, 0xFF, 0xFF, 0xFF, 0xFF, 0xFF,
  0xFF, 0xFF, 0xFF, 0xFF, 0xFF, 0xFF, 0xFF, 0xFF, 0xFF, 0xFF, 0xFF, 0xFF,
  0xFF, 0xFF, 0xFF, 0xFF, 0xFF, 0xFF, 0xFF, 0xFF, 0x00, 0x01, 0xFF, 0xFF,
  0xF8, 0x00, 0x0F, 0xFF, 0xFF, 0xC0, 0x00, 0x7F, 0xFF, 0xFE, 0x00, 0x03,
  0xFF, 0xFF, 0xF0, 0x00, 0x1F, 0xFF, 0xFF, 0x80, 0x00, 0xFF, 0xFF, 0xFC,
  0x00, 0x07, 0xFF, 0xFF, 0xE0, 0x00, 0x3F, 0xFF, 0xFF, 0x00, 0x01, 0xFF,
  0xFF, 0xF8, 0x00, 0x0F, 0xFF, 0xFF, 0xC0, 0x00, 0x7F, 0xFF, 0xFE, 0x00,
  0x03, 0xFF, 0xFF, 0xF0, 0x00, 0x1F, 0xFF, 0xFF, 0x80, 0x00, 0xFF, 0xFF,
  0xFC, 0x00, 0x07, 0xFF, 0xFF, 0xE0, 0x00, 0x3F, 0xFF, 0xFF, 0x00, 0x01,
  0xFF, 0xFF, 0xF8, 0x00, 0x0F, 0xFF, 0xFF, 0xC0, 0x00, 0x7F, 0xFF, 0xFE,
  0x00, 0x03, 0xFF, 0xFF, 0xF0, 0x00, 0x1F, 0xFF, 0xFF, 0x80, 0x00, 0xFF,
  0xFF, 0xFC, 0x00, 0x07, 0xFF, 0xFF, 0xE0, 0x00, 0x3F, 0xFF, 0xFF, 0x00,
  0x01, 0xFF, 0xFF, 0xF8, 0x00, 0x0F, 0xFF, 0xFF, 0xC0, 0x00, 0x7F, 0xFF,
  0xFE, 0x00, 0x03, 0xFF, 0xFF, 0xF0, 0x00, 0x1F, 0xFF, 0xFF, 0x80, 0x00,
  0xFF, 0xFF, 0xFC, 0x00, 0x07, 0xFF, 0xFF, 0xE0, 0x00, 0x3F, 0xFF, 0xFF,
  0x00, 0x01, 0xFF, 0xFF, 0xF8, 0x00, 0x0F, 0xFE, 0xFF, 0xFF, 0xFF, 0xFF,
  0xFF, 0xFF, 0xFF, 0xFF, 0xFF, 0xFF, 0xFF, 0xFF, 0xFF, 0xFF, 0xFF, 0xFF,
  0xFF, 0xFF, 0xFF, 0xFF, 0xFF, 0xFF, 0xFF, 0xFF, 0xFF, 0xFF, 0xFF, 0xFF,
  0xFF, 0xFF, 0xFF, 0xFF, 0xFF, 0xFF, 0xFF, 0xFF, 0xFF, 0xFF, 0xFF, 0xFF,
  0xFF, 0xFF, 0xFF, 0xFF, 0xFF, 0xFF, 0xFF, 0xFF, 0xFF, 0xFF, 0xFF, 0xFF,
  0xFF, 0xFF, 0xFF, 0xFF, 0xFF, 0xFF, 0xFF, 0xFF, 0xFF, 0xFF, 0xFF, 0xFF,
  0xFF, 0xFF, 0xFF, 0xFF, 0xFF, 0xFF, 0xFF, 0xFF, 0xFF, 0xFF, 0xFF, 0xFF,
  0xFF, 0xFF, 0xFF, 0xFF, 0xFF, 0xFF, 0xFF, 0xFF, 0xFF, 0xFF, 0xFF, 0xFF,
  0xFF, 0xFF, 0xFF, 0xFF, 0xFF, 0xFF, 0xFF, 0xFF, 0xFF, 0xFF, 0xFF, 0xFF,
  0xFF, 0xFF, 0xFF, 0x80, 0x00, 0x00, 0x00, 0xFF, 0xE0, 0x00, 0x00, 0x1F,
  0xFC, 0x00, 0x00, 0x03, 0xFF, 0x80, 0x00, 0x00, 0x7F, 0xF0, 0x00, 0x00,
  0x0F, 0xFE, 0x00, 0x00, 0x01, 0xFF, 0xC0, 0x00, 0x00, 0x3F, 0xF8, 0x00,
  0x00, 0x07, 0xFF, 0x00, 0x00, 0x00, 0xFF, 0xE0, 0x00, 0x00, 0x1F, 0xFC,
  0x00, 0x00, 0x03, 0xFF, 0x80, 0x00, 0x00, 0x7F, 0xF0, 0x00, 0x00, 0x0F,
  0xFE, 0x00, 0x00, 0x01, 0xFF, 0xC0, 0x00, 0x00, 0x3F, 0xF8, 0x00, 0x00,
  0x07, 0xFF, 0x00, 0x00, 0x00, 0xFF, 0xE0, 0x00, 0x00, 0x1F, 0xFC, 0x00,
  0x00, 0x03, 0xFF, 0x80, 0x00, 0x00, 0x7F, 0xF0, 0x00, 0x00, 0x0F, 0xFE,
  0x00, 0x00, 0x01, 0xFF, 0xC0, 0x00, 0x00, 0x3F, 0xF8, 0x00, 0x00, 0x07,
  0xFF, 0x00, 0x00, 0x00, 0xFF, 0xE0, 0x00, 0x00, 0x1F, 0xFC, 0x00, 0x00,
  0x03, 0xFF, 0x80, 0x00, 0x00, 0x7F, 0xF0, 0x00, 0x00, 0x0F, 0xFE, 0x00,
  0x00, 0x01, 0xFF, 0xC0, 0x00, 0x00, 0x3F, 0xF8, 0x00, 0x00, 0x07, 0xFF,
  0x00, 0x00, 0x00, 0xFF, 0xE0, 0x00, 0x00, 0x1F, 0xFC, 0x00, 0x00, 0x03,
  0xFF, 0x80, 0x00, 0x00, 0x7F, 0xF0, 0x00, 0x00, 0x0F, 0xFE, 0x00, 0x00,
  0x01, 0xFF, 0xC0, 0x00, 0x00, 0x3F, 0xF8, 0x00, 0x00, 0x07, 0xFF, 0x00,
  0x00, 0x00, 0xFF, 0xE0, 0x00, 0x00, 0x1F, 0xFC, 0x00, 0x00, 0x03, 0xFF,
  0x80, 0x00, 0x00, 0x7F, 0xF0, 0x00, 0x00, 0x0F, 0xFE, 0x00, 0x00, 0x01,
  0xFF, 0xC0, 0x00, 0x00, 0x3F, 0xF8, 0x00, 0x00, 0x07, 0xFF, 0x00, 0x00,
  0x00, 0xFF, 0xFF, 0xFC, 0x00, 0x1F, 0xFF, 0xFF, 0x80, 0x03, 0xFF, 0xFF,
  0xF0, 0x00, 0x7F, 0xFF, 0xFE, 0x00, 0x0F, 0xFF, 0xFF, 0xC0, 0x01, 0xFF,
  0xFF, 0xF8, 0x00, 0x3F, 0xFF, 0xFF, 0x00, 0x07, 0xFF, 0xFF, 0xE0, 0x00,
  0xFF, 0xFF, 0xFC, 0x00, 0x1F, 0xFF, 0xFF, 0x80, 0x03, 0xFF, 0xFF, 0xF0,
  0x00, 0x7F, 0xFF, 0xFE, 0x00, 0x0F, 0xFF, 0xFF, 0xC0, 0x01, 0xFF, 0xFF,
  0xF8, 0x00, 0x3F, 0xFF, 0xFF, 0x00, 0x07, 0xFF, 0xFF, 0xE0, 0x00, 0xFF,
  0xFF, 0xFF, 0xFF, 0xFF, 0xFF, 0xFF, 0xFF, 0xFF, 0xFF, 0xFF, 0xFF, 0xFF,
  0xFF, 0xFF, 0xFF, 0xFF, 0xFF, 0xFF, 0xFF, 0xFF, 0xFF, 0xFF, 0xFF, 0xFF,
  0xFF, 0xFF, 0xFF, 0xFF, 0xFF, 0xFF, 0xFF, 0x7F, 0xFF, 0xFF, 0xFF, 0xC7,
  0xFF, 0xFF, 0xFF, 0xF0, 0x7F, 0xFF, 0xFF, 0xFC, 0x00, 0xFF, 0xE0, 0x00,
  0x7F, 0xF3, 0xFF, 0x80, 0x03, 0xFF, 0xCF, 0xFE, 0x00, 0x0F, 0xFE, 0x3F,
  0xF8, 0x00, 0x7F, 0xF8, 0xFF, 0xE0, 0x01, 0xFF, 0xC3, 0xFF, 0x80, 0x07,
  0xFF, 0x0F, 0xFE, 0x00, 0x3F, 0xF8, 0x3F, 0xF8, 0x00, 0xFF, 0xE0, 0xFF,
  0xE0, 0x07, 0xFF, 0x03, 0xFF, 0x80, 0x1F, 0xFC, 0x0F, 0xFE, 0x00, 0xFF,
  0xF0, 0x3F, 0xF8, 0x03, 0xFF, 0x80, 0xFF, 0xE0, 0x0F, 0xFE, 0x03, 0xFF,
  0x80, 0x7F, 0xF0, 0x0F, 0xFE, 0x01, 0xFF, 0xC0, 0x3F, 0xF8, 0x0F, 0xFE,
  0x00, 0xFF, 0xE0, 0x3F, 0xF8, 0x03, 0xFF, 0x81, 0xFF, 0xC0, 0x0F, 0xFE,
  0x07, 0xFF, 0x00, 0x3F, 0xF8, 0x3F, 0xFC, 0x00, 0xFF, 0xE0, 0xFF, 0xE0,
  0x03, 0xFF, 0x83, 0xFF, 0x80, 0x0F, 0xFE, 0x1F, 0xFC, 0x00, 0x3F, 0xF8,
  0x7F, 0xF0, 0x00, 0xFF, 0xE3, 0xFF, 0x80, 0x03, 0xFF, 0x8F, 0xFE, 0x00,
  0x0F, 0xFE, 0x7F, 0xF0, 0x00, 0x3F, 0xF9, 0xFF, 0xC0, 0x00, 0xFF, 0xE7,
  0xFF, 0x00, 0x03, 0xFF, 0xBF, 0xF8, 0x00, 0x0F, 0xFE, 0xFF, 0xE0, 0x00,
  0x3F, 0xFF, 0xFF, 0x00, 0x00, 0xFF, 0xFF, 0xFC, 0x00, 0x03, 0xFF, 0xFF,
  0xE0, 0x00, 0x0F, 0xFF, 0xFF, 0x80, 0x00, 0x3F, 0xFF, 0xFC, 0x00, 0x00,
  0xFF, 0xFF, 0xF0, 0x00, 0x03, 0xFF, 0xFF, 0xC0, 0x00, 0x0F, 0xFF, 0xFF,
  0x80, 0x00, 0x3F, 0xFF, 0xFE, 0x00, 0x00, 0xFF, 0xFF, 0xFC, 0x00, 0x03,
  0xFF, 0xFF, 0xF0, 0x00, 0x0F, 0xFF, 0xFF, 0xE0, 0x00, 0x3F, 0xFB, 0xFF,
  0x80, 0x00, 0xFF, 0xEF, 0xFF, 0x00, 0x03, 0xFF, 0x9F, 0xFC, 0x00, 0x0F,
  0xFE, 0x7F, 0xF8, 0x00, 0x3F, 0xF8, 0xFF, 0xE0, 0x00, 0xFF, 0xE3, 0xFF,
  0xC0, 0x03, 0xFF, 0x87, 0xFF, 0x00, 0x0F, 0xFE, 0x1F, 0xFE, 0x00, 0x3F,
  0xF8, 0x3F, 0xF8, 0x00, 0xFF, 0xE0, 0xFF, 0xE0, 0x03, 0xFF, 0x81, 0xFF,
  0xC0, 0x0F, 0xFE, 0x07, 0xFF, 0x00, 0x3F, 0xF8, 0x0F, 0xFE, 0x00, 0xFF,
  0xE0, 0x3F, 0xF8, 0x03, 0xFF, 0x80, 0x7F, 0xF0, 0x0F, 0xFE, 0x01, 0xFF,
  0xC0, 0x3F, 0xF8, 0x07, 0xFF, 0x80, 0xFF, 0xE0, 0x0F, 0xFE, 0x03, 0xFF,
  0x80, 0x3F, 0xFC, 0x0F, 0xFE, 0x00, 0x7F, 0xF0, 0x3F, 0xF8, 0x01, 0xFF,
  0xE0, 0xFF, 0xE0, 0x03, 0xFF, 0x83, 0xFF, 0x80, 0x0F, 0xFF, 0x0F, 0xFE,
  0x00, 0x1F, 0xFC, 0x3F, 0xF8, 0x00, 0x7F, 0xF8, 0xFF, 0xE0, 0x00, 0xFF,
  0xE3, 0xFF, 0x80, 0x03, 0xFF, 0x8F, 0xFE, 0x00, 0x07, 0xFF, 0x3F, 0xF8,
  0x00, 0x1F, 0xFC, 0xFF, 0xE0, 0x00, 0x3F, 0xFB, 0xFF, 0x80, 0x00, 0xFF,
  0xEF, 0xFE, 0x00, 0x01, 0xFF, 0xC0, 0xFF, 0xE0, 0x00, 0x07, 0xFF, 0x00,
  0x00, 0x3F, 0xF8, 0x00, 0x01, 0xFF, 0xC0, 0x00, 0x0F, 0xFE, 0x00, 0x00,
  0x7F, 0xF0, 0x00, 0x03, 0xFF, 0x80, 0x00, 0x1F, 0xFC, 0x00, 0x00, 0xFF,
  0xE0, 0x00, 0x07, 0xFF, 0x00, 0x00, 0x3F, 0xF8, 0x00, 0x01, 0xFF, 0xC0,
  0x00, 0x0F, 0xFE, 0x00, 0x00, 0x7F, 0xF0, 0x00, 0x03, 0xFF, 0x80, 0x00,
  0x1F, 0xFC, 0x00, 0x00, 0xFF, 0xE0, 0x00, 0x07, 0xFF, 0x00, 0x00, 0x3F,
  0xF8, 0x00, 0x01, 0xFF, 0xC0, 0x00, 0x0F, 0xFE, 0x00, 0x00, 0x7F, 0xF0,
  0x00, 0x03, 0xFF, 0x80, 0x00, 0x1F, 0xFC, 0x00, 0x00, 0xFF, 0xE0, 0x00,
  0x07, 0xFF, 0x00, 0x00, 0x3F, 0xF8, 0x00, 0x01, 0xFF, 0xC0, 0x00, 0x0F,
  0xFE, 0x00, 0x00, 0x7F, 0xF0, 0x00, 0x03, 0xFF, 0x80, 0x00, 0x1F, 0xFC,
  0x00, 0x00, 0xFF, 0xE0, 0x00, 0x07, 0xFF, 0x00, 0x00, 0x3F, 0xF8, 0x00,
  0x01, 0xFF, 0xC0, 0x00, 0x0F, 0xFE, 0x00, 0x00, 0x7F, 0xF0, 0x00, 0x03,
  0xFF, 0x80, 0x00, 0x1F, 0xFC, 0x00, 0x00, 0xFF, 0xE0, 0x00, 0x07, 0xFF,
  0x00, 0x00, 0x3F, 0xF8, 0x00, 0x01, 0xFF, 0xC0, 0x00, 0x0F, 0xFE, 0x00,
  0x00, 0x7F, 0xF0, 0x00, 0x03, 0xFF, 0x80, 0x00, 0x1F, 0xFC, 0x00, 0x00,
  0xFF, 0xE0, 0x00, 0x07, 0xFF, 0x00, 0x00, 0x3F, 0xF8, 0x00, 0x01, 0xFF,
  0xC0, 0x00, 0x0F, 0xFE, 0x00, 0x00, 0x7F, 0xF0, 0x00, 0x03, 0xFF, 0x80,
  0x00, 0x1F, 0xFC, 0x00, 0x00, 0xFF, 0xE0, 0x00, 0x07, 0xFF, 0x00, 0x00,
  0x3F, 0xF8, 0x00, 0x01, 0xFF, 0xC0, 0x00, 0x0F, 0xFE, 0x00, 0x00, 0x7F,
  0xF0, 0x00, 0x03, 0xFF, 0x80, 0x00, 0x1F, 0xFC, 0x00, 0x00, 0xFF, 0xE0,
  0x00, 0x07, 0xFF, 0xFF, 0xFF, 0xFF, 0xFF, 0xFF, 0xFF, 0xFF, 0xFF, 0xFF,
  0xFF, 0xFF, 0xFF, 0xFF, 0xFF, 0xFF, 0xFF, 0xFF, 0xFF, 0xFF, 0xFF, 0xFF,
  0xFF, 0xFF, 0xFF, 0xFF, 0xFF, 0xFF, 0xFF, 0xFF, 0xFF, 0xFF, 0xFF, 0xFF,
  0xFF, 0xFE, 0xFF, 0xE0, 0x00, 0x00, 0x3F, 0xFF, 0xFF, 0x00, 0x00, 0x01,
  0xFF, 0xFF, 0xF8, 0x00, 0x00, 0x0F, 0xFF, 0xFF, 0xE0, 0x00, 0x00, 0xFF,
  0xFF, 0xFF, 0x00, 0x00, 0x07, 0xFF, 0xFF, 0xF8, 0x00, 0x00, 0x3F, 0xFF,
  0xFF, 0xE0, 0x00, 0x03, 0xFF, 0xFF, 0xFF, 0x00, 0x00, 0x1F, 0xFF, 0xFF,
  0xF8, 0x00, 0x00, 0xFF, 0xFF, 0xFF, 0xC0, 0x00, 0x07, 0xFF, 0xFF, 0xFF,
  0x00, 0x00, 0x7F, 0xFF, 0xFF, 0xF8, 0x00, 0x03, 0xFF, 0xFF, 0xFF, 0xC0,
  0x00, 0x1F, 0xFF, 0xFF, 0xFE, 0x00, 0x01, 0xFF, 0xFF, 0xFF, 0xF8, 0x00,
  0x0F, 0xFF, 0xFF, 0xFF, 0xC0, 0x00, 0x7F, 0xFF, 0xFF, 0xFE, 0x00, 0x03,
  0xFF, 0xFF, 0xFF, 0xF8, 0x00, 0x3F, 0xFF, 0xFF, 0xFF, 0xC0, 0x01, 0xFF,
  0xFF, 0xFF, 0xFE, 0x00, 0x0F, 0xFF, 0xFF, 0xFF, 0xF0, 0x00, 0x7F, 0xFF,
  0xFF, 0xFF, 0xC0, 0x07, 0xFF, 0xFF, 0xFF, 0xFE, 0x00, 0x3F, 0xFF, 0xFF,
  0xFF, 0xF0, 0x01, 0xFF, 0xFF, 0xFF, 0xFF, 0xC0, 0x1F, 0xFF, 0xFF, 0xFF,
  0xFE, 0x00, 0xFF, 0xFF, 0xFF, 0xFF, 0xF0, 0x07, 0xFF, 0xFF, 0xFF, 0xFF,
  0x80, 0x3F, 0xFF, 0xFF, 0xFF, 0xFE, 0x03, 0xFF, 0xFF, 0xFF, 0xFF, 0xF0,
  0x1F, 0xFF, 0xFF, 0xFF, 0xFF, 0x80, 0xFF, 0xFF, 0xFF, 0xFF, 0xFC, 0x07,
  0xFF, 0xFF, 0xFF, 0xFF, 0xF0, 0x7F, 0xFF, 0xFF, 0xFF, 0xFF, 0x83, 0xFF,
  0xFF, 0xFF, 0xFF, 0xFC, 0x1F, 0xFF, 0xFF, 0xFF, 0xDF, 0xF1, 0xFF, 0x7F,
  0xFF, 0xFE, 0xFF, 0x8F, 0xFB, 0xFF, 0xFF, 0xF7, 0xFC, 0x7F, 0xDF, 0xFF,
  0xFF, 0xBF, 0xE3, 0xFE, 0xFF, 0xFF, 0xFC, 0xFF, 0xBF, 0xE7, 0xFF, 0xFF,
  0xE7, 0xFD, 0xFF, 0x3F, 0xFF, 0xFF, 0x3F, 0xEF, 0xF9, 0xFF, 0xFF, 0xF9,
  0xFF, 0x7F, 0xCF, 0xFF, 0xFF, 0xC7, 0xFB, 0xFC, 0x7F, 0xFF, 0xFE, 0x3F,
  0xFF, 0xE3, 0xFF, 0xFF, 0xF1, 0xFF, 0xFF, 0x1F, 0xFF, 0xFF, 0x8F, 0xFF,
  0xF8, 0xFF, 0xFF, 0xFC, 0x3F, 0xFF, 0x87, 0xFF, 0xFF, 0xE1, 0xFF, 0xFC,
  0x3F, 0xFF, 0xFF, 0x0F, 0xFF, 0xE1, 0xFF, 0xFF, 0xF8, 0x7F, 0xFF, 0x0F,
  0xFF, 0xFF, 0xC1, 0xFF, 0xF0, 0x7F, 0xFF, 0xFE, 0x0F, 0xFF, 0x83, 0xFF,
  0xFF, 0xF0, 0x7F, 0xFC, 0x1F, 0xFF, 0xFF, 0x83, 0xFF, 0xE0, 0xFF, 0xFF,
  0xFC, 0x0F, 0xFE, 0x07, 0xFF, 0xFF, 0xE0, 0x7F, 0xF0, 0x3F, 0xFF, 0xFF,
  0x03, 0xFF, 0x81, 0xFF, 0xFF, 0xF8, 0x1F, 0xFC, 0x0F, 0xFF, 0xFF, 0xC0,
  0x7F, 0xC0, 0x7F, 0xFF, 0xFE, 0x03, 0xFE, 0x03, 0xFF, 0xFF, 0xF0, 0x1F,
  0xF0, 0x1F, 0xFF, 0xFF, 0x80, 0xFF, 0x80, 0xFF, 0xFF, 0xFC, 0x03, 0xF8,
  0x07, 0xFF, 0xFF, 0xE0, 0x1F, 0xC0, 0x3F, 0xFF, 0xFF, 0x00, 0xFE, 0x01,
  0xFF, 0xFF, 0xF8, 0x07, 0xF0, 0x0F, 0xFF, 0xFF, 0xC0, 0x1F, 0x00, 0x7F,
  0xFF, 0xFE, 0x00, 0x00, 0x03, 0xFF, 0xFF, 0xF0, 0x00, 0x00, 0x1F, 0xFF,
  0xFF, 0x80, 0x00, 0x00, 0xFF, 0xFF, 0xFC, 0x00, 0x00, 0x07, 0xFF, 0xFF,
  0xE0, 0x00, 0x00, 0x3F, 0xFF, 0xFF, 0x00, 0x00, 0x01, 0xFF, 0xFF, 0xF8,
  0x00, 0x00, 0x0F, 0xFE, 0xFF, 0xC0, 0x00, 0x3F, 0xFF, 0xFE, 0x00, 0x01,
  0xFF, 0xFF, 0xF8, 0x00, 0x0F, 0xFF, 0xFF, 0xC0, 0x00, 0x7F, 0xFF, 0xFF,
  0x00, 0x03, 0xFF, 0xFF, 0xF8, 0x00, 0x1F, 0xFF, 0xFF, 0xC0, 0x00, 0xFF,
  0xFF, 0xFF, 0x00, 0x07, 0xFF, 0xFF, 0xF8, 0x00, 0x3F, 0xFF, 0xFF, 0xC0,
  0x01, 0xFF, 0xFF, 0xFF, 0x00, 0x0F, 0xFF, 0xFF, 0xF8, 0x00, 0x7F, 0xFF,
  0xFF, 0xC0, 0x03, 0xFF, 0xFF, 0xFF, 0x00, 0x1F, 0xFF, 0xFF, 0xF8, 0x00,
  0xFF, 0xFF, 0xFF, 0xE0, 0x07, 0xFF, 0xFF, 0xFF, 0x00, 0x3F, 0xFF, 0xFF,
  0xF8, 0x01, 0xFF, 0xFF, 0xFF, 0xE0, 0x0F, 0xFF, 0xFF, 0xFF, 0x00, 0x7F,
  0xFF, 0xFF, 0xF8, 0x03, 0xFF, 0xFF, 0xFF, 0xE0, 0x1F, 0xFF, 0xFF, 0xFF,
  0x00, 0xFF, 0xFF, 0xFF, 0xF8, 0x07, 0xFF, 0xFF, 0xFF, 0xE0, 0x3F, 0xFF,
  0xFF, 0xFF, 0x01, 0xFF, 0xFF, 0xFF, 0xFC, 0x0F, 0xFF, 0xFF, 0xFF, 0xE0,
  0x7F, 0xFF, 0xFD, 0xFF, 0x03, 0xFF, 0xFF, 0xFF, 0xFC, 0x1F, 0xFF, 0xFF,
  0xFF, 0xE0, 0xFF, 0xFF, 0xFD, 0xFF, 0x07, 0xFF, 0xFF, 0xEF, 0xFC, 0x3F,
  0xFF, 0xFF, 0x7F, 0xE1, 0xFF, 0xFF, 0xF9, 0xFF, 0x0F, 0xFF, 0xFF, 0xCF,
  0xFC, 0x7F, 0xFF, 0xFE, 0x7F, 0xE3, 0xFF, 0xFF, 0xF1, 0xFF, 0x9F, 0xFF,
  0xFF, 0x8F, 0xFC, 0xFF, 0xFF, 0xFC, 0x7F, 0xE7, 0xFF, 0xFF, 0xE1, 0xFF,
  0xBF, 0xFF, 0xFF, 0x0F, 0xFD, 0xFF, 0xFF, 0xF8, 0x3F, 0xEF, 0xFF, 0xFF,
  0xC1, 0xFF, 0xFF, 0xFF, 0xFE, 0x0F, 0xFF, 0xFF, 0xFF, 0xF0, 0x3F, 0xEF,
  0xFF, 0xFF, 0x81, 0xFF, 0xFF, 0xFF, 0xFC, 0x0F, 0xFF, 0xFF, 0xFF, 0xE0,
  0x3F, 0xFF, 0xFF, 0xFF, 0x01, 0xFF, 0xFF, 0xFF, 0xF8, 0x0F, 0xFF, 0xFF,
  0xFF, 0xC0, 0x3F, 0xFF, 0xFF, 0xFE, 0x01, 0xFF, 0xFF, 0xFF, 0xF0, 0x0F,
  0xFF, 0xFF, 0xFF, 0x80, 0x3F, 0xFF, 0xFF, 0xFC, 0x01, 0xFF, 0xFF, 0xFF,
  0xE0, 0x07, 0xFF, 0xFF, 0xFF, 0x00, 0x3F, 0xFF, 0xFF, 0xF8, 0x01, 0xFF,
  0xFF, 0xFF, 0xC0, 0x07, 0xFF, 0xFF, 0xFE, 0x00, 0x3F, 0xFF, 0xFF, 0xF0,
  0x01, 0xFF, 0xFF, 0xFF, 0x80, 0x07, 0xFF, 0xFF, 0xFC, 0x00, 0x3F, 0xFF,
  0xFF, 0xE0, 0x01, 0xFF, 0xFF, 0xFF, 0x00, 0x07, 0xFF, 0xFF, 0xF8, 0x00,
  0x3F, 0xFF, 0xFF, 0xC0, 0x01, 0xFF, 0xFF, 0xFE, 0x00, 0x07, 0xFF, 0xFF,
  0xF0, 0x00, 0x3F, 0xFF, 0xFF, 0x80, 0x01, 0xFF, 0xFF, 0xFC, 0x00, 0x07,
  0xFF, 0xFF, 0xE0, 0x00, 0x3F, 0xFF, 0xFF, 0x00, 0x00, 0xFF, 0xFF, 0xF8,
  0x00, 0x07, 0xFE, 0x1F, 0xFF, 0xFF, 0xFF, 0xC1, 0xFF, 0xFF, 0xFF, 0xFF,
  0x1F, 0xFF, 0xFF, 0xFF, 0xFD, 0xFF, 0xFF, 0xFF, 0xFF, 0xFF, 0xFF, 0xFF,
  0xFF, 0xFF, 0xFF, 0xFF, 0xFF, 0xFF, 0xFF, 0xFF, 0xFF, 0xFF, 0xFF, 0xFF,
  0xFF, 0xFF, 0xFF, 0xFF, 0xFF, 0xFF, 0xFF, 0xFF, 0xFF, 0xFF, 0xFF, 0xFF,
  0xFF, 0xFF, 0xF8, 0x00, 0x0F, 0xFF, 0xFF, 0xC0, 0x00, 0x7F, 0xFF, 0xFE,
  0x00, 0x03, 0xFF, 0xFF, 0xF0, 0x00, 0x1F, 0xFF, 0xFF, 0x80, 0x00, 0xFF,
  0xFF, 0xFC, 0x00, 0x07, 0xFF, 0xFF, 0xE0, 0x00, 0x3F, 0xFF, 0xFF, 0x00,
  0x01, 0xFF, 0xFF, 0xF8, 0x00, 0x0F, 0xFF, 0xFF, 0xC0, 0x00, 0x7F, 0xFF,
  0xFE, 0x00, 0x03, 0xFF, 0xFF, 0xF0, 0x00, 0x1F, 0xFF, 0xFF, 0x80, 0x00,
  0xFF, 0xFF, 0xFC, 0x00, 0x07, 0xFF, 0xFF, 0xE0, 0x00, 0x3F, 0xFF, 0xFF,
  0x00, 0x01, 0xFF, 0xFF, 0xF8, 0x00, 0x0F, 0xFF, 0xFF, 0xC0, 0x00, 0x7F,
  0xFF, 0xFE, 0x00, 0x03, 0xFF, 0xFF, 0xF0, 0x00, 0x1F, 0xFF, 0xFF, 0x80,
  0x00, 0xFF, 0xFF, 0xFC, 0x00, 0x07, 0xFF, 0xFF, 0xE0, 0x00, 0x3F, 0xFF,
  0xFF, 0x00, 0x01, 0xFF, 0xFF, 0xF8, 0x00, 0x0F, 0xFF, 0xFF, 0xC0, 0x00,
  0x7F, 0xFF, 0xFE, 0x00, 0x03, 0xFF, 0xFF, 0xF0, 0x00, 0x1F, 0xFF, 0xFF,
  0x80, 0x00, 0xFF, 0xFF, 0xFC, 0x00, 0x07, 0xFF, 0xFF, 0xE0, 0x00, 0x3F,
  0xFF, 0xFF, 0x00, 0x01, 0xFF, 0xFF, 0xF8, 0x00, 0x0F, 0xFF, 0xFF, 0xC0,
  0x00, 0x7F, 0xFF, 0xFE, 0x00, 0x03, 0xFF, 0xFF, 0xF0, 0x00, 0x1F, 0xFF,
  0xFF, 0x80, 0x00, 0xFF, 0xFF, 0xFC, 0x00, 0x07, 0xFF, 0xFF, 0xE0, 0x00,
  0x3F, 0xFF, 0xFF, 0x00, 0x01, 0xFF, 0xFF, 0xF8, 0x00, 0x0F, 0xFF, 0xFF,
  0xC0, 0x00, 0x7F, 0xFF, 0xFE, 0x00, 0x03, 0xFF, 0xFF, 0xF0, 0x00, 0x1F,
  0xFF, 0xFF, 0x80, 0x00, 0xFF, 0xFF, 0xFC, 0x00, 0x07, 0xFF, 0xFF, 0xE0,
  0x00, 0x3F, 0xFF, 0xFF, 0x00, 0x01, 0xFF, 0xFF, 0xF8, 0x00, 0x0F, 0xFF,
  0xFF, 0xC0, 0x00, 0x7F, 0xFF, 0xFE, 0x00, 0x03, 0xFF, 0xFF, 0xF0, 0x00,
  0x1F, 0xFF, 0xFF, 0x80, 0x00, 0xFF, 0xFF, 0xFC, 0x00, 0x07, 0xFF, 0xFF,
  0xE0, 0x00, 0x3F, 0xFF, 0xFF, 0xFF, 0xFF, 0xFF, 0xFF, 0xFF, 0xFF, 0xFF,
  0xFF, 0xFF, 0xFF, 0xFF, 0xFF, 0xFF, 0xFF, 0xFF, 0xFF, 0xFF, 0xFF, 0xFF,
  0xFF, 0xFF, 0xFF, 0xFF, 0xFF, 0xFF, 0xFF, 0xFF, 0xFF, 0xFF, 0xFF, 0xFF,
  0x7F, 0xFF, 0xFF, 0xFF, 0xF1, 0xFF, 0xFF, 0xFF, 0xFF, 0x07, 0xFF, 0xFF,
  0xFF, 0xF0, 0xFF, 0xFF, 0xFF, 0xFF, 0xC7, 0xFF, 0xFF, 0xFF, 0xFF, 0x3F,
  0xFF, 0xFF, 0xFF, 0xFD, 0xFF, 0xFF, 0xFF, 0xFF, 0xFF, 0xFF, 0xFF, 0xFF,
  0xFF, 0xFF, 0xFF, 0xFF, 0xFF, 0xFF, 0xFF, 0xFF, 0xFF, 0xFF, 0xFF, 0xFF,
  0xFF, 0xFF, 0xFF, 0xFF, 0xFF, 0xFF, 0xFF, 0xFF, 0xFF, 0xFF, 0xFF, 0xFF,
  0xFF, 0xF8, 0x00, 0x0F, 0xFF, 0xFF, 0xC0, 0x00, 0x7F, 0xFF, 0xFE, 0x00,
  0x03, 0xFF, 0xFF, 0xF0, 0x00, 0x1F, 0xFF, 0xFF, 0x80, 0x00, 0xFF, 0xFF,
  0xFC, 0x00, 0x07, 0xFF, 0xFF, 0xE0, 0x00, 0x3F, 0xFF, 0xFF, 0x00, 0x01,
  0xFF, 0xFF, 0xF8, 0x00, 0x0F, 0xFF, 0xFF, 0xC0, 0x00, 0x7F, 0xFF, 0xFE,
  0x00, 0x03, 0xFF, 0xFF, 0xF0, 0x00, 0x1F, 0xFF, 0xFF, 0x80, 0x00, 0xFF,
  0xFF, 0xFC, 0x00, 0x07, 0xFF, 0xFF, 0xE0, 0x00, 0x3F, 0xFF, 0xFF, 0x00,
  0x01, 0xFF, 0xFF, 0xF8, 0x00, 0x0F, 0xFF, 0xFF, 0xC0, 0x00, 0x7F, 0xFF,
  0xFE, 0x00, 0x03, 0xFF, 0xFF, 0xF0, 0x00, 0x1F, 0xFF, 0xFF, 0x80, 0x00,
  0xFF, 0xFF, 0xFC, 0x00, 0x07, 0xFF, 0xFF, 0xE0, 0x00, 0x3F, 0xFF, 0xFF,
  0x00, 0x01, 0xFF, 0xFF, 0xF8, 0x00, 0x0F, 0xFF, 0xFF, 0xC0, 0x00, 0x7F,
  0xFF, 0xFE, 0x00, 0x03, 0xFF, 0xFF, 0xF0, 0x00, 0x1F, 0xFF, 0xFF, 0xFF,
  0xFF, 0xFF, 0xFF, 0xFF, 0xFF, 0xFF, 0xFF, 0xFF, 0xFF, 0xFF, 0xFF, 0xFF,
  0xFF, 0xFF, 0xFF, 0xFF, 0xFF, 0xFF, 0xFF, 0xFF, 0xFF, 0xFF, 0xFF, 0xFF,
  0xFF, 0xFF, 0xFF, 0xFF, 0xFF, 0xFF, 0xFF, 0xFF, 0xFF, 0xFF, 0xFB, 0xFF,
  0xFF, 0xFF, 0xFF, 0x9F, 0xFF, 0xFF, 0xFF, 0xF8, 0xFF, 0xE0, 0x00, 0x00,
  0x07, 0xFF, 0x00, 0x00, 0x00, 0x3F, 0xF8, 0x00, 0x00, 0x01, 0xFF, 0xC0,
  0x00, 0x00, 0x0F, 0xFE, 0x00, 0x00, 0x00, 0x7F, 0xF0, 0x00, 0x00, 0x03,
  0xFF, 0x80, 0x00, 0x00, 0x1F, 0xFC, 0x00, 0x00, 0x00, 0xFF, 0xE0, 0x00,
  0x00, 0x07, 0xFF, 0x00, 0x00, 0x00, 0x3F, 0xF8, 0x00, 0x00, 0x01, 0xFF,
  0xC0, 0x00, 0x00, 0x0F, 0xFE, 0x00, 0x00, 0x00, 0x7F, 0xF0, 0x00, 0x00,
  0x03, 0xFF, 0x80, 0x00, 0x00, 0x1F, 0xFC, 0x00, 0x00, 0x00, 0xFF, 0xE0,
  0x00, 0x00, 0x07, 0xFF, 0x00, 0x00, 0x00, 0x3F, 0xF8, 0x00, 0x00, 0x01,
  0xFF, 0xC0, 0x00, 0x00, 0x0F, 0xFE, 0x00, 0x00, 0x00, 0x7F, 0xF0, 0x00,
  0x00, 0x03, 0xFF, 0x80, 0x00, 0x00, 0x1F, 0xFC, 0x00, 0x00, 0x00, 0xFF,
  0xE0, 0x00, 0x00, 0x07, 0xFF, 0x00, 0x00, 0x00, 0x3F, 0xF8, 0x00, 0x00,
  0x00, 0x1F, 0xFF, 0xFF, 0xFF, 0xC0, 0x0F, 0xFF, 0xFF, 0xFF, 0xF8, 0x07,
  0xFF, 0xFF, 0xFF, 0xFF, 0x03, 0xFF, 0xFF, 0xFF, 0xFF, 0xE0, 0xFF, 0xFF,
  0xFF, 0xFF, 0xF8, 0x3F, 0xFF, 0xFF, 0xFF, 0xFE, 0x0F, 0xFF, 0xFF, 0xFF,
  0xFF, 0x83, 0xFF, 0xFF, 0xFF, 0xFF, 0xE0, 0xFF, 0xFF, 0xFF, 0xFF, 0xF8,
  0x3F, 0xFF, 0xFF, 0xFF, 0xFE, 0x0F, 0xFE, 0x00, 0x03, 0xFF, 0x83, 0xFF,
  0x80, 0x00, 0xFF, 0xE0, 0xFF, 0xE0, 0x00, 0x3F, 0xF8, 0x3F, 0xF8, 0x00,
  0x0F, 0xFE, 0x0F, 0xFE, 0x00, 0x03, 0xFF, 0x83, 0xFF, 0x80, 0x00, 0xFF,
  0xE0, 0xFF, 0xE0, 0x00, 0x3F, 0xF8, 0x3F, 0xF8, 0x00, 0x0F, 0xFE, 0x0F,
  0xFE, 0x00, 0x03, 0xFF, 0x83, 0xFF, 0x80, 0x00, 0xFF, 0xE0, 0xFF, 0xE0,
  0x00, 0x3F, 0xF8, 0x3F, 0xF8, 0x00, 0x0F, 0xFE, 0x0F, 0xFE, 0x00, 0x03,
  0xFF, 0x83, 0xFF, 0x80, 0x00, 0xFF, 0xE0, 0xFF, 0xE0, 0x00, 0x3F, 0xF8,
  0x3F, 0xF8, 0x00, 0x0F, 0xFE, 0x0F, 0xFE, 0x00, 0x03, 0xFF, 0x83, 0xFF,
  0x80, 0x00, 0xFF, 0xE0, 0xFF, 0xE0, 0x00, 0x3F, 0xF8, 0x3F, 0xF8, 0x00,
  0x0F, 0xFE, 0x0F, 0xFE, 0x00, 0x03, 0xFF, 0x83, 0xFF, 0x80, 0x00, 0xFF,
  0xE0, 0xFF, 0xE0, 0x00, 0x3F, 0xF8, 0x3F, 0xF8, 0x00, 0x0F, 0xFE, 0x0F,
  0xFE, 0x00, 0x03, 0xFF, 0x83, 0xFF, 0x80, 0x00, 0xFF, 0xE0, 0xFF, 0xE0,
  0x00, 0x3F, 0xF8, 0x3F, 0xF8, 0x00, 0x0F, 0xFE, 0x0F, 0xFE, 0x00, 0x03,
  0xFF, 0x83, 0xFF, 0x80, 0x00, 0xFF, 0xE0, 0xFF, 0xE0, 0x00, 0x3F, 0xF8,
  0x3F, 0xF8, 0x00, 0x0F, 0xFE, 0x0F, 0xFE, 0x00, 0x03, 0xFF, 0x83, 0xFF,
  0x80, 0x00, 0xFF, 0xE0, 0xFF, 0xE0, 0x00, 0x3F, 0xF8, 0x3F, 0xF8, 0x00,
  0x0F, 0xFE, 0x0F, 0xFE, 0x00, 0x03, 0xFF, 0x83, 0xFF, 0x80, 0x20, 0xFF,
  0xE0, 0xFF, 0xE0, 0x0C, 0x3F, 0xF8, 0x3F, 0xF8, 0x03, 0xCF, 0xFE, 0x0F,
  0xFE, 0x00, 0xFB, 0xFF, 0x83, 0xFF, 0x80, 0x3F, 0xFF, 0xE0, 0xFF, 0xE0,
  0x0F, 0xFF, 0xF8, 0x3F, 0xF8, 0x03, 0xFF, 0xFE, 0x0F, 0xFE, 0x00, 0xFF,
  0xFF, 0x83, 0xFF, 0x80, 0x3F, 0xFF, 0xE0, 0xFF, 0xE0, 0x0F, 0xFF, 0xF8,
  0x3F, 0xF8, 0x01, 0xFF, 0xFE, 0x0F, 0xFE, 0x00, 0x3F, 0xFF, 0x83, 0xFF,
  0x80, 0x07, 0xFF, 0xE0, 0xFF, 0xE0, 0x00, 0xFF, 0xF8, 0x3F, 0xF8, 0x00,
  0x1F, 0xFE, 0x0F, 0xFE, 0x00, 0x03, 0xFF, 0xE3, 0xFF, 0x80, 0x00, 0xFF,
  0xFC, 0xFF, 0xE0, 0x00, 0x3F, 0xFF, 0xBF, 0xFF, 0xFF, 0xFF, 0xFF, 0xFF,
  0xFF, 0xFF, 0xFF, 0xFF, 0xFF, 0xFF, 0xFF, 0xFF, 0xFF, 0xFF, 0xFF, 0xFF,
  0xFF, 0xFF, 0xFF, 0xFF, 0xFF, 0xFF, 0xFF, 0xFF, 0xFF, 0xFF, 0xFF, 0xFF,
  0xFF, 0xFF, 0xFF, 0xFF, 0xFF, 0xFF, 0xDF, 0x7F, 0xFF, 0xFF, 0xFF, 0xF3,
  0xCF, 0xFF, 0xFF, 0xFF, 0xF8, 0x71, 0xFF, 0xFF, 0xFF, 0xFC, 0x04, 0xFF,
  0xFF, 0xFF, 0xFF, 0xC1, 0xFF, 0xFF, 0xFF, 0xFF, 0xC3, 0xFF, 0xFF, 0xFF,
  0xFF, 0xC7, 0xFF, 0xFF, 0xFF, 0xFF, 0xCF, 0xFF, 0xFF, 0xFF, 0xFF, 0x9F,
  0xFF, 0xFF, 0xFF, 0xFF, 0x3F, 0xFF, 0xFF, 0xFF, 0xFE, 0x7F, 0xFF, 0xFF,
  0xFF, 0xFC, 0xFF, 0xFF, 0xFF, 0xFF, 0xF9, 0xFF, 0xFF, 0xFF, 0xFF, 0xF3,
  0xFF, 0x80, 0x00, 0xFF, 0xE7, 0xFF, 0x00, 0x01, 0xFF, 0xCF, 0xFE, 0x00,
  0x03, 0xFF, 0x9F, 0xFC, 0x00, 0x07, 0xFF, 0x3F, 0xF8, 0x00, 0x0F, 0xFE,
  0x7F, 0xF0, 0x00, 0x1F, 0xFC, 0xFF, 0xE0, 0x00, 0x3F, 0xF9, 0xFF, 0xC0,
  0x00, 0x7F, 0xF3, 0xFF, 0x80, 0x00, 0xFF, 0xE7, 0xFF, 0x00, 0x01, 0xFF,
  0xCF, 0xFE, 0x00, 0x03, 0xFF, 0x9F, 0xFC, 0x00, 0x07, 0xFF, 0x3F, 0xF8,
  0x00, 0x0F, 0xFE, 0x7F, 0xF0, 0x00, 0x1F, 0xFC, 0xFF, 0xE0, 0x00, 0x3F,
  0xF9, 0xFF, 0xC0, 0x00, 0x7F, 0xF3, 0xFF, 0x80, 0x00, 0xFF, 0xE7, 0xFF,
  0x00, 0x01, 0xFF, 0xCF, 0xFE, 0x00, 0x03, 0xFF, 0x9F, 0xFC, 0x00, 0x07,
  0xFF, 0x3F, 0xF8, 0x00, 0x0F, 0xFE, 0x7F, 0xF0, 0x00, 0x1F, 0xFC, 0xFF,
  0xE0, 0x00, 0x3F, 0xF9, 0xFF, 0xC7, 0xFF, 0xFF, 0xF3, 0xFF, 0x8F, 0xFF,
  0xFF, 0xE7, 0xFF, 0x1F, 0xFF, 0xFF, 0xCF, 0xFE, 0x3F, 0xFF, 0xFF, 0x9F,
  0xFC, 0x7F, 0xFF, 0xFE, 0x3F, 0xF8, 0xFF, 0xFF, 0xF8, 0x7F, 0xF1, 0xFF,
  0xFF, 0xC0, 0xFF, 0xE3, 0xFF, 0xC0, 0x01, 0xFF, 0xC3, 0xFF, 0xC0, 0x03,
  0xFF, 0x87, 0xFF, 0x80, 0x07, 0xFF, 0x0F, 0xFF, 0x00, 0x0F, 0xFE, 0x0F,
  0xFF, 0x00, 0x1F, 0xFC, 0x1F, 0xFE, 0x00, 0x3F, 0xF8, 0x1F, 0xFE, 0x00,
  0x7F, 0xF0, 0x3F, 0xFC, 0x00, 0xFF, 0xE0, 0x7F, 0xF8, 0x01, 0xFF, 0xC0,
  0x7F, 0xF8, 0x03, 0xFF, 0x80, 0xFF, 0xF0, 0x07, 0xFF, 0x00, 0xFF, 0xE0,
  0x0F, 0xFE, 0x01, 0xFF, 0xE0, 0x1F, 0xFC, 0x03, 0xFF, 0xC0, 0x3F, 0xF8,
  0x03, 0xFF, 0x80, 0x7F, 0xF0, 0x07, 0xFF, 0x80, 0xFF, 0xE0, 0x07, 0xFF,
  0x01, 0xFF, 0xC0, 0x0F, 0xFF, 0x03, 0xFF, 0x80, 0x1F, 0xFE, 0x07, 0xFF,
  0x00, 0x1F, 0xFC, 0x0F, 0xFE, 0x00, 0x3F, 0xFC, 0x1F, 0xFC, 0x00, 0x3F,
  0xF8, 0x3F, 0xF8, 0x00, 0x7F, 0xF0, 0x7F, 0xF0, 0x00, 0xFF, 0xF0, 0xFF,
  0xE0, 0x00, 0xFF, 0xE1, 0xFF, 0xC0, 0x01, 0xFF, 0xE3, 0xFF, 0x80, 0x01,
  0xFF, 0xC7, 0xFF, 0x00, 0x03, 0xFF, 0x8F, 0xFE, 0x00, 0x07, 0xFF, 0x9F,
  0xFC, 0x00, 0x07, 0xFF, 0x3F, 0xF8, 0x00, 0x0F, 0xFE, 0x7F, 0xF0, 0x00,
  0x0F, 0xFE, 0xFF, 0xE0, 0x00, 0x1F, 0xFD, 0xFF, 0xC0, 0x00, 0x3F, 0xFB,
  0xFF, 0x80, 0x00, 0x3F, 0xF8, 0x1F, 0xFF, 0xFF, 0xFF, 0xC1, 0xFF, 0xFF,
  0xFF, 0xFF, 0x1F, 0xFF, 0xFF, 0xFF, 0xFD, 0xFF, 0xFF, 0xFF, 0xFF, 0xFF,
  0xFF, 0xFF, 0xFF, 0xFF, 0xFF, 0xFF, 0xFF, 0xFF, 0xFF, 0xFF, 0xFF, 0xFF,
  0xFF, 0xFF, 0xFF, 0xFF, 0xFF, 0xFF, 0xFF, 0xFF, 0xFF, 0xFF, 0xFF, 0xFF,
  0xFF, 0xFF, 0xFF, 0xFF, 0xF8, 0x00, 0x0F, 0xFF, 0xFF, 0xC0, 0x00, 0x7F,
  0xFF, 0xFE, 0x00, 0x03, 0xFF, 0xFF, 0xF0, 0x00, 0x1F, 0xFF, 0xFF, 0x80,
  0x00, 0xFF, 0xFF, 0xFC, 0x00, 0x07, 0xFF, 0xFF, 0xE0, 0x00, 0x3F, 0xFF,
  0xFF, 0x00, 0x01, 0xFF, 0xFF, 0xF8, 0x00, 0x0F, 0xFF, 0xFF, 0xC0, 0x00,
  0x7F, 0xFF, 0xFE, 0x00, 0x03, 0xFF, 0xFF, 0xF0, 0x00, 0x1F, 0xFF, 0xFF,
  0x80, 0x00, 0xFF, 0xFF, 0xFE, 0x00, 0x07, 0xFF, 0xFF, 0xF8, 0x00, 0x00,
  0x07, 0xFF, 0xE0, 0x00, 0x00, 0x1F, 0xFF, 0x80, 0x00, 0x00, 0xFF, 0xFE,
  0x00, 0x00, 0x03, 0xFF, 0xF8, 0x00, 0x00, 0x0F, 0xFF, 0xF0, 0x00, 0x00,
  0x3F, 0xFF, 0xC0, 0x00, 0x00, 0xFF, 0xFF, 0x00, 0x00, 0x03, 0xFF, 0xFC,
  0x00, 0x00, 0x0F, 0xFF, 0xF0, 0x00, 0x00, 0x3F, 0xFF, 0xC0, 0x00, 0x00,
  0xFF, 0xFF, 0x00, 0x00, 0x01, 0xFF, 0xFC, 0x00, 0x00, 0x07, 0xFF, 0xF0,
  0x00, 0x00, 0x1F, 0xFF, 0xC0, 0x00, 0x00, 0x7F, 0xFF, 0x00, 0x00, 0x01,
  0xFF, 0xFC, 0x00, 0x00, 0x07, 0xFF, 0xF0, 0x00, 0x00, 0x1F, 0xFF, 0xC0,
  0x00, 0x00, 0x7F, 0xFF, 0x80, 0x00, 0x01, 0xFF, 0xFE, 0x00, 0x00, 0x07,
  0xFF, 0xF0, 0x00, 0x00, 0x1F, 0xFF, 0xC0, 0x00, 0x00, 0x7F, 0xFE, 0x00,
  0x00, 0x01, 0xFF, 0xF8, 0x00, 0x00, 0x07, 0xFF, 0xC0, 0x00, 0x00, 0x1F,
  0xFF, 0xFF, 0xC0, 0x00, 0x7F, 0xFF, 0xFE, 0x00, 0x03, 0xFF, 0xFF, 0xF0,
  0x00, 0x1F, 0xFF, 0xFF, 0x80, 0x00, 0xFF, 0xFF, 0xFC, 0x00, 0x07, 0xFF,
  0xFF, 0xE0, 0x00, 0x3F, 0xFF, 0xFF, 0x00, 0x01, 0xFF, 0xFF, 0xF8, 0x00,
  0x0F, 0xFF, 0xFF, 0xC0, 0x00, 0x7F, 0xFF, 0xFE, 0x00, 0x03, 0xFF, 0xFF,
  0xF0, 0x00, 0x1F, 0xFF, 0xFF, 0x80, 0x00, 0xFF, 0xFF, 0xFC, 0x00, 0x07,
  0xFF, 0xFF, 0xE0, 0x00, 0x3F, 0xFF, 0xFF, 0xFF, 0xFF, 0xFF, 0xFF, 0xFF,
  0xFF, 0xFF, 0xFF, 0xFF, 0xFF, 0xFF, 0xFF, 0xFF, 0xFF, 0xFF, 0xFF, 0xFF,
  0xFF, 0xFF, 0xFF, 0xFF, 0xFF, 0xFF, 0xFF, 0xFF, 0xFF, 0xFF, 0xFF, 0xFF,
  0xFF, 0xFF, 0x7F, 0xFF, 0xFF, 0xFF, 0xF1, 0xFF, 0xFF, 0xFF, 0xFF, 0x07,
  0xFF, 0xFF, 0xFF, 0xF0, 0xFF, 0xFF, 0xFF, 0xFF, 0xFF, 0xFF, 0xFF, 0xFF,
  0xFF, 0xFF, 0xFF, 0xFF, 0xFF, 0xFF, 0xFF, 0xFF, 0xFF, 0xFF, 0xFF, 0xFF,
  0xFF, 0xFF, 0xFF, 0xFF, 0xFF, 0xFF, 0xFF, 0xFF, 0xFF, 0xFF, 0xFF, 0xFF,
  0xFF, 0xFF, 0xFF, 0xFF, 0xFF, 0xFF, 0xFF, 0xFF, 0xFF, 0xFF, 0xFF, 0xFC,
  0x00, 0x3F, 0xF8, 0x00, 0x00, 0x07, 0xFF, 0x00, 0x00, 0x00, 0xFF, 0xE0,
  0x00, 0x00, 0x1F, 0xFC, 0x00, 0x00, 0x03, 0xFF, 0x80, 0x00, 0x00, 0x7F,
  0xF0, 0x00, 0x00, 0x0F, 0xFE, 0x00, 0x00, 0x01, 0xFF, 0xC0, 0x00, 0x00,
  0x3F, 0xF8, 0x00, 0x00, 0x07, 0xFF, 0x00, 0x00, 0x00, 0xFF, 0xE0, 0x00,
  0x00, 0x1F, 0xFC, 0x00, 0x00, 0x03, 0xFF, 0x80, 0x00, 0x00, 0x7F, 0xF0,
  0x00, 0x00, 0x0F, 0xFE, 0x00, 0x00, 0x01, 0xFF, 0xC0, 0x00, 0x00, 0x3F,
  0xF8, 0x00, 0x00, 0x07, 0xFF, 0x00, 0x00, 0x00, 0xFF, 0xE0, 0x00, 0x00,
  0x1F, 0xFC, 0x00, 0x00, 0x03, 0xFF, 0x80, 0x00, 0x00, 0x7F, 0xF0, 0x00,
  0x00, 0x0F, 0xFE, 0x00, 0x00, 0x01, 0xFF, 0xC0, 0x00, 0x00, 0x3F, 0xF8,
  0x00, 0x00, 0x07, 0xFF, 0x00, 0x00, 0x00, 0xFF, 0xE0, 0x00, 0x00, 0x1F,
  0xFC, 0x00, 0x00, 0x03, 0xFF, 0x80, 0x00, 0x00, 0x7F, 0xF0, 0x00, 0x00,
  0x0F, 0xFE, 0x00, 0x00, 0x01, 0xFF, 0xC0, 0x00, 0x00, 0x3F, 0xF8, 0x00,
  0x00, 0x07, 0xFF, 0x00, 0x00, 0x00, 0xFF, 0xE0, 0x00, 0x00, 0x1F, 0xFC,
  0x00, 0x00, 0x03, 0xFF, 0x80, 0x00, 0x00, 0x7F, 0xF0, 0x00, 0x00, 0x0F,
  0xFE, 0x00, 0x00, 0x01, 0xFF, 0xC0, 0x00, 0x00, 0x3F, 0xF8, 0x00, 0x00,
  0x07, 0xFF, 0x00, 0x00, 0x00, 0xFF, 0xE0, 0x00, 0x00, 0x1F, 0xFC, 0x00,
  0x00, 0x03, 0xFF, 0x80, 0x00, 0x00, 0x7F, 0xF0, 0x00, 0x00, 0x0F, 0xFE,
  0x00, 0x00, 0x01, 0xFF, 0xC0, 0x00, 0x00, 0x3F, 0xF8, 0x00, 0x00, 0x07,
  0xFF, 0x00, 0x00, 0x00, 0xFF, 0xE0, 0x00, 0x00, 0x1F, 0xFC, 0x00, 0x00,
  0x03, 0xFF, 0x80, 0x00, 0x00, 0x7F, 0xF0, 0x00, 0x00, 0x0F, 0xFE, 0x00,
  0x00, 0x01, 0xFF, 0xC0, 0x00, 0x00, 0x3F, 0xF8, 0x00, 0x00, 0x07, 0xFF,
  0x00, 0x00, 0x00, 0xFF, 0xE0, 0x00, 0x00, 0x1F, 0xFC, 0x00, 0x00, 0x03,
  0xFF, 0x80, 0x00, 0x00, 0x7F, 0xF0, 0x00, 0x00, 0x0F, 0xFE, 0x00, 0x00,
  0x01, 0xFF, 0xC0, 0x00, 0x00, 0x3F, 0xF8, 0x00, 0x00, 0xFF, 0xE0, 0x00,
  0x3F, 0xFF, 0xFF, 0x00, 0x01, 0xFF, 0xFF, 0xF8, 0x00, 0x0F, 0xFF, 0xFF,
  0xC0, 0x00, 0x7F, 0xFF, 0xFE, 0x00, 0x03, 0xFF, 0xFF, 0xF0, 0x00, 0x1F,
  0xFF, 0xFF, 0x80, 0x00, 0xFF, 0xFF, 0xFC, 0x00, 0x07, 0xFF, 0xFF, 0xE0,
  0x00, 0x3F, 0xFF, 0xFF, 0x00, 0x01, 0xFF, 0xFF, 0xF8, 0x00, 0x0F, 0xFF,
  0xFF, 0xC0, 0x00, 0x7F, 0xFF, 0xFE, 0x00, 0x03, 0xFF, 0xFF, 0xF0, 0x00,
  0x1F, 0xFF, 0xFF, 0x80, 0x00, 0xFF, 0xFF, 0xFC, 0x00, 0x07, 0xFF, 0xFF,
  0xE0, 0x00, 0x3F, 0xFF, 0xFF, 0x00, 0x01, 0xFF, 0xFF, 0xF8, 0x00, 0x0F,
  0xFF, 0xFF, 0xC0, 0x00, 0x7F, 0xFF, 0xFE, 0x00, 0x03, 0xFF, 0xFF, 0xF0,
  0x00, 0x1F, 0xFF, 0xFF, 0x80, 0x00, 0xFF, 0xFF, 0xFC, 0x00, 0x07, 0xFF,
  0xFF, 0xE0, 0x00, 0x3F, 0xFF, 0xFF, 0x00, 0x01, 0xFF, 0xFF, 0xF8, 0x00,
  0x0F, 0xFF, 0xFF, 0xC0, 0x00, 0x7F, 0xFF, 0xFE, 0x00, 0x03, 0xFF, 0xFF,
  0xF0, 0x00, 0x1F, 0xFF, 0xFF, 0x80, 0x00, 0xFF, 0xFF, 0xFC, 0x00, 0x07,
  0xFF, 0xFF, 0xE0, 0x00, 0x3F, 0xFF, 0xFF, 0x00, 0x01, 0xFF, 0xFF, 0xF8,
  0x00, 0x0F, 0xFF, 0xFF, 0xC0, 0x00, 0x7F, 0xFF, 0xFE, 0x00, 0x03, 0xFF,
  0xFF, 0xF0, 0x00, 0x1F, 0xFF, 0xFF, 0x80, 0x00, 0xFF, 0xFF, 0xFC, 0x00,
  0x07, 0xFF, 0xFF, 0xE0, 0x00, 0x3F, 0xFF, 0xFF, 0x00, 0x01, 0xFF, 0xFF,
  0xF8, 0x00, 0x0F, 0xFF, 0xFF, 0xC0, 0x00, 0x7F, 0xFF, 0xFE, 0x00, 0x03,
  0xFF, 0xFF, 0xF0, 0x00, 0x1F, 0xFF, 0xFF, 0x80, 0x00, 0xFF, 0xFF, 0xFC,
  0x00, 0x07, 0xFF, 0xFF, 0xE0, 0x00, 0x3F, 0xFF, 0xFF, 0x00, 0x01, 0xFF,
  0xFF, 0xF8, 0x00, 0x0F, 0xFF, 0xFF, 0xC0, 0x00, 0x7F, 0xFF, 0xFE, 0x00,
  0x03, 0xFF, 0xFF, 0xF0, 0x00, 0x1F, 0xFF, 0xFF, 0x80, 0x00, 0xFF, 0xFF,
  0xFC, 0x00, 0x07, 0xFF, 0xFF, 0xE0, 0x00, 0x3F, 0xFF, 0xFF, 0x00, 0x01,
  0xFF, 0xFF, 0xF8, 0x00, 0x0F, 0xFF, 0xFF, 0xC0, 0x00, 0x7F, 0xFF, 0xFE,
  0x00, 0x03, 0xFF, 0xFF, 0xF0, 0x00, 0x1F, 0xFF, 0xFF, 0x80, 0x00, 0xFF,
  0xFF, 0xFC, 0x00, 0x07, 0xFF, 0xFF, 0xE0, 0x00, 0x3F, 0xFF, 0xFF, 0xFF,
  0xFF, 0xFF, 0xFF, 0xFF, 0xFF, 0xFF, 0xFF, 0xFF, 0xFF, 0xFF, 0xFF, 0xFF,
  0xFF, 0xFF, 0xFF, 0xFF, 0xFF, 0xFF, 0xFF, 0xFF, 0xFF, 0xFF, 0xFF, 0xFF,
  0xFF, 0xFF, 0xFF, 0xFF, 0xFF, 0xFF, 0x7F, 0xFF, 0xFF, 0xFF, 0xF1, 0xFF,
  0xFF, 0xFF, 0xFF, 0x07, 0xFF, 0xFF, 0xFF, 0xF0, 0xFF, 0xE0, 0x00, 0x3F,
  0xFF, 0xFF, 0x00, 0x01, 0xFF, 0xFF, 0xF8, 0x00, 0x0F, 0xFE, 0xFF, 0xC0,
  0x00, 0xFF, 0xE7, 0xFF, 0x00, 0x07, 0xFF, 0x3F, 0xF8, 0x00, 0x3F, 0xF9,
  0xFF, 0xC0, 0x01, 0xFF, 0xCF, 0xFE, 0x00, 0x0F, 0xFE, 0x7F, 0xF0, 0x00,
  0x7F, 0xF1, 0xFF, 0x80, 0x03, 0xFF, 0x0F, 0xFC, 0x00, 0x1F, 0xF8, 0x7F,
  0xF0, 0x01, 0xFF, 0xC3, 0xFF, 0x80, 0x0F, 0xFE, 0x1F, 0xFC, 0x00, 0x7F,
  0xF0, 0x7F, 0xE0, 0x03, 0xFF, 0x83, 0xFF, 0x00, 0x1F, 0xF8, 0x1F, 0xF8,
  0x00, 0xFF, 0xC0, 0xFF, 0xC0, 0x07, 0xFE, 0x07, 0xFF, 0x00, 0x7F, 0xF0,
  0x3F, 0xF8, 0x03, 0xFF, 0x80, 0xFF, 0xC0, 0x1F, 0xF8, 0x07, 0xFE, 0x00,
  0xFF, 0xC0, 0x3F, 0xF0, 0x07, 0xFE, 0x01, 0xFF, 0x80, 0x3F, 0xF0, 0x0F,
  0xFC, 0x01, 0xFF, 0x80, 0x7F, 0xF0, 0x1F, 0xFC, 0x01, 0xFF, 0x80, 0xFF,
  0xC0, 0x0F, 0xFC, 0x07, 0xFE, 0x00, 0x7F, 0xE0, 0x3F, 0xF0, 0x03, 0xFF,
  0x01, 0xFF, 0x80, 0x1F, 0xF8, 0x0F, 0xFC, 0x00, 0xFF, 0xC0, 0x7F, 0xE0,
  0x03, 0xFF, 0x07, 0xFE, 0x00, 0x1F, 0xF8, 0x3F, 0xF0, 0x00, 0xFF, 0xC1,
  0xFF, 0x80, 0x07, 0xFE, 0x0F, 0xFC, 0x00, 0x3F, 0xF0, 0x7F, 0xE0, 0x01,
  0xFF, 0x83, 0xFF, 0x00, 0x07, 0xFC, 0x1F, 0xF0, 0x00, 0x3F, 0xF1, 0xFF,
  0x80, 0x01, 0xFF, 0x8F, 0xFC, 0x00, 0x0F, 0xFC, 0x7F, 0xE0, 0x00, 0x7F,
  0xE3, 0xFF, 0x00, 0x01, 0xFF, 0x1F, 0xF0, 0x00, 0x0F, 0xF8, 0xFF, 0x80,
  0x00, 0x7F, 0xC7, 0xFC, 0x00, 0x03, 0xFF, 0x7F, 0xE0, 0x00, 0x1F, 0xFB,
  0xFF, 0x00, 0x00, 0xFF, 0xDF, 0xF8, 0x00, 0x03, 0xFE, 0xFF, 0x80, 0x00,
  0x1F, 0xF7, 0xFC, 0x00, 0x00, 0xFF, 0xBF, 0xE0, 0x00, 0x07, 0xFD, 0xFF,
  0x00, 0x00, 0x3F, 0xEF, 0xF8, 0x00, 0x01, 0xFF, 0x7F, 0xC0, 0x00, 0x07,
  0xFB, 0xFC, 0x00, 0x00, 0x3F, 0xDF, 0xE0, 0x00, 0x01, 0xFF, 0xFF, 0x00,
  0x00, 0x0F, 0xFF, 0xF8, 0x00, 0x00, 0x7F, 0xFF, 0xC0, 0x00, 0x03, 0xFF,
  0xFE, 0x00, 0x00, 0x0F, 0xFF, 0xE0, 0x00, 0x00, 0x7F, 0xFF, 0x00, 0x00,
  0x03, 0xFF, 0xF8, 0x00, 0x00, 0x1F, 0xFF, 0xC0, 0x00, 0x00, 0xFF, 0xFE,
  0x00, 0x00, 0x03, 0xFF, 0xE0, 0x00, 0x00, 0x1F, 0xFF, 0x00, 0x00, 0x00,
  0xFF, 0xF8, 0x00, 0x00, 0x07, 0xFF, 0xC0, 0x00, 0x00, 0x3F, 0xFE, 0x00,
  0x00, 0x01, 0xFF, 0xF0, 0x00, 0x00, 0x07, 0xFF, 0x00, 0x00, 0x00, 0x3F,
  0xF8, 0x00, 0x00, 0x01, 0xFF, 0xC0, 0x00, 0xFF, 0xE0, 0x00, 0xFF, 0x80,
  0x03, 0xFF, 0xFF, 0xF0, 0x00, 0x7F, 0xC0, 0x01, 0xFF, 0xFF, 0xF8, 0x00,
  0x3F, 0xE0, 0x00, 0xFF, 0xEF, 0xFC, 0x00, 0x1F, 0xF0, 0x00, 0x7F, 0xF7,
  0xFF, 0x00, 0x1F, 0xFC, 0x00, 0x7F, 0xF3, 0xFF, 0x80, 0x0F, 0xFE, 0x00,
  0x3F, 0xF9, 0xFF, 0xC0, 0x07, 0xFF, 0x00, 0x1F, 0xFC, 0xFF, 0xE0, 0x03,
  0xFF, 0x80, 0x0F, 0xFE, 0x7F, 0xF0, 0x01, 0xFF, 0xC0, 0x07, 0xFF, 0x3F,
  0xF8, 0x00, 0xFF, 0xE0, 0x03, 0xFF, 0x8F, 0xFC, 0x00, 0x7F, 0xF0, 0x01,
  0xFF, 0x87, 0xFF, 0x00, 0x7F, 0xFC, 0x01, 0xFF, 0xC3, 0xFF, 0x80, 0x3F,
  0xFE, 0x00, 0xFF, 0xE1, 0xFF, 0xC0, 0x1F, 0xFF, 0x00, 0x7F, 0xF0, 0xFF,
  0xE0, 0x0F, 0xFF, 0x80, 0x3F, 0xF8, 0x7F, 0xF0, 0x07, 0xFF, 0xC0, 0x1F,
  0xFC, 0x3F, 0xF8, 0x03, 0xFF, 0xE0, 0x0F, 0xFE, 0x0F, 0xFC, 0x01, 0xFF,
  0xF0, 0x07, 0xFE, 0x07, 0xFE, 0x00, 0xFF, 0xF8, 0x03, 0xFF, 0x03, 0xFF,
  0x80, 0xFF, 0xFE, 0x03, 0xFF, 0x81, 0xFF, 0xC0, 0x7F, 0xFF, 0x01, 0xFF,
  0xC0, 0xFF, 0xE0, 0x3F, 0xFF, 0x80, 0xFF, 0xE0, 0x7F, 0xF0, 0x1F, 0xFF,
  0xC0, 0x7F, 0xF0, 0x3F, 0xF8, 0x0F, 0xFF, 0xE0, 0x3F, 0xF8, 0x0F, 0xFC,
  0x07, 0xFF, 0xF0, 0x1F, 0xF8, 0x07, 0xFE, 0x03, 0xFF, 0xF8, 0x0F, 0xFC,
  0x03, 0xFF, 0x83, 0xFD, 0xFE, 0x0F, 0xFE, 0x01, 0xFF, 0xC1, 0xFE, 0xFF,
  0x07, 0xFF, 0x00, 0xFF, 0xE0, 0xFF, 0x7F, 0x83, 0xFF, 0x80, 0x7F, 0xF0,
  0x7F, 0xBF, 0xC1, 0xFF, 0xC0, 0x3F, 0xF8, 0x3F, 0xDF, 0xE0, 0xFF, 0xE0,
  0x0F, 0xFC, 0x1F, 0xEF, 0xF0, 0x7F, 0xE0, 0x07, 0xFE, 0x0F, 0xF7, 0xF8,
  0x3F, 0xF0, 0x03, 0xFF, 0x07, 0xFB, 0xFC, 0x1F, 0xF8, 0x01, 0xFF, 0xC7,
  0xFD, 0xFF, 0x1F, 0xFC, 0x00, 0xFF, 0xE3, 0xFE, 0xFF, 0x8F, 0xFE, 0x00,
  0x7F, 0xF1, 0xFF, 0x7F, 0xC7, 0xFF, 0x00, 0x3F, 0xF8, 0xFF, 0x1F, 0xE3,
  0xFF, 0x80, 0x0F, 0xFC, 0x7F, 0x8F, 0xF1, 0xFF, 0x80, 0x07, 0xFE, 0x3F,
  0xC7, 0xF8, 0xFF, 0xC0, 0x03, 0xFF, 0x1F, 0xE3, 0xFC, 0x7F, 0xE0, 0x01,
  0xFF, 0x9F, 0xF1, 0xFE, 0x7F, 0xF0, 0x00, 0xFF, 0xEF, 0xF8, 0xFF, 0xBF,
  0xF8, 0x00, 0x7F, 0xF7, 0xFC, 0x7F, 0xDF, 0xFC, 0x00, 0x1F, 0xFB, 0xFC,
  0x1F, 0xEF, 0xFC, 0x00, 0x0F, 0xFD, 0xFE, 0x0F, 0xF7, 0xFE, 0x00, 0x07,
  0xFE, 0xFF, 0x07, 0xFB, 0xFF, 0x00, 0x03, 0xFF, 0x7F, 0x83, 0xFD, 0xFF,
  0x80, 0x01, 0xFF, 0xBF, 0xC1, 0xFE, 0xFF, 0xC0, 0x00, 0xFF, 0xDF, 0xE0,
  0xFF, 0x7F, 0xE0, 0x00, 0x7F, 0xEF, 0xF0, 0x7F, 0xBF, 0xF0, 0x00, 0x1F,
  0xFF, 0xF0, 0x1F, 0xFF, 0xF0, 0x00, 0x0F, 0xFF, 0xF8, 0x0F, 0xFF, 0xF8,
  0x00, 0x07, 0xFF, 0xFC, 0x07, 0xFF, 0xFC, 0x00, 0x03, 0xFF, 0xFE, 0x03,
  0xFF, 0xFE, 0x00, 0x01, 0xFF, 0xFF, 0x01, 0xFF, 0xFF, 0x00, 0x00, 0xFF,
  0xFF, 0x80, 0xFF, 0xFF, 0x80, 0x00, 0x7F, 0xFF, 0xC0, 0x7F, 0xFF, 0xC0,
  0x00, 0x1F, 0xFF, 0xC0, 0x1F, 0xFF, 0xC0, 0x00, 0x0F, 0xFF, 0xE0, 0x0F,
  0xFF, 0xE0, 0x00, 0x07, 0xFF, 0xF0, 0x07, 0xFF, 0xF0, 0x00, 0x03, 0xFF,
  0xF8, 0x03, 0xFF, 0xF8, 0x00, 0x01, 0xFF, 0xFC, 0x01, 0xFF, 0xFC, 0x00,
  0x00, 0xFF, 0xFE, 0x00, 0xFF, 0xFE, 0x00, 0x00, 0x7F, 0xFF, 0x00, 0x7F,
  0xFF, 0x00, 0x00, 0x1F, 0xFF, 0x00, 0x1F, 0xFF, 0x00, 0x00, 0x0F, 0xFF,
  0x80, 0x0F, 0xFF, 0x80, 0x00, 0x07, 0xFF, 0xC0, 0x07, 0xFF, 0xC0, 0x00,
  0x03, 0xFF, 0xE0, 0x03, 0xFF, 0xE0, 0x00, 0x01, 0xFF, 0xF0, 0x01, 0xFF,
  0xF0, 0x00, 0x00, 0xFF, 0xF8, 0x00, 0xFF, 0xF8, 0x00, 0x00, 0x7F, 0xFC,
  0x00, 0x7F, 0xFC, 0x00, 0x00, 0x1F, 0xFC, 0x00, 0x1F, 0xFC, 0x00, 0x00,
  0x0F, 0xFE, 0x00, 0x0F, 0xFE, 0x00, 0x00, 0x07, 0xFF, 0x00, 0x07, 0xFF,
  0x00, 0x00, 0x7F, 0xF0, 0x00, 0x07, 0xFF, 0x3F, 0xFC, 0x00, 0x07, 0xFF,
  0x8F, 0xFE, 0x00, 0x03, 0xFF, 0x87, 0xFF, 0x00, 0x01, 0xFF, 0xC1, 0xFF,
  0xC0, 0x01, 0xFF, 0xE0, 0xFF, 0xE0, 0x00, 0xFF, 0xE0, 0x7F, 0xF0, 0x00,
  0x7F, 0xF0, 0x1F, 0xFC, 0x00, 0x7F, 0xF0, 0x0F, 0xFE, 0x00, 0x3F, 0xF8,
  0x07, 0xFF, 0x00, 0x1F, 0xFC, 0x01, 0xFF, 0xC0, 0x1F, 0xFC, 0x00, 0xFF,
  0xE0, 0x0F, 0xFE, 0x00, 0x7F, 0xF0, 0x07, 0xFF, 0x00, 0x1F, 0xFC, 0x07,
  0xFF, 0x00, 0x0F, 0xFE, 0x03, 0xFF, 0x80, 0x07, 0xFF, 0x01, 0xFF, 0xC0,
  0x01, 0xFF, 0xC1, 0xFF, 0xC0, 0x00, 0xFF, 0xE0, 0xFF, 0xE0, 0x00, 0x3F,
  0xF8, 0x7F, 0xE0, 0x00, 0x1F, 0xFC, 0x7F, 0xF0, 0x00, 0x0F, 0xFE, 0x3F,
  0xF8, 0x00, 0x03, 0xFF, 0x9F, 0xF8, 0x00, 0x01, 0xFF, 0xDF, 0xFC, 0x00,
  0x00, 0xFF, 0xEF, 0xFE, 0x00, 0x00, 0x3F, 0xFF, 0xFE, 0x00, 0x00, 0x1F,
  0xFF, 0xFF, 0x00, 0x00, 0x0F, 0xFF, 0xFF, 0x80, 0x00, 0x03, 0xFF, 0xFF,
  0x80, 0x00, 0x01, 0xFF, 0xFF, 0xC0, 0x00, 0x00, 0x7F, 0xFF, 0xC0, 0x00,
  0x00, 0x3F, 0xFF, 0xE0, 0x00, 0x00, 0x1F, 0xFF, 0xF0, 0x00, 0x00, 0x07,
  0xFF, 0xF0, 0x00, 0x00, 0x03, 0xFF, 0xF8, 0x00, 0x00, 0x01, 0xFF, 0xFC,
  0x00, 0x00, 0x00, 0x7F, 0xFC, 0x00, 0x00, 0x00, 0x3F, 0xFE, 0x00, 0x00,
  0x00, 0x1F, 0xFF, 0x00, 0x00, 0x00, 0x1F, 0xFF, 0xC0, 0x00, 0x00, 0x0F,
  0xFF, 0xE0, 0x00, 0x00, 0x07, 0xFF, 0xF0, 0x00, 0x00, 0x07, 0xFF, 0xFC,
  0x00, 0x00, 0x03, 0xFF, 0xFE, 0x00, 0x00, 0x01, 0xFF, 0xFF, 0x80, 0x00,
  0x01, 0xFF, 0xFF, 0xC0, 0x00, 0x00, 0xFF, 0xFF, 0xE0, 0x00, 0x00, 0xFF,
  0xFF, 0xF8, 0x00, 0x00, 0x7F, 0xFF, 0xFC, 0x00, 0x00, 0x3F, 0xFF, 0xFE,
  0x00, 0x00, 0x3F, 0xFB, 0xFF, 0x80, 0x00, 0x1F, 0xFD, 0xFF, 0xC0, 0x00,
  0x0F, 0xFC, 0x7F, 0xE0, 0x00, 0x0F, 0xFE, 0x3F, 0xF8, 0x00, 0x07, 0xFF,
  0x1F, 0xFC, 0x00, 0x07, 0xFF, 0x07, 0xFF, 0x00, 0x03, 0xFF, 0x83, 0xFF,
  0x80, 0x01, 0xFF, 0xC1, 0xFF, 0xC0, 0x01, 0xFF, 0xC0, 0x7F, 0xF0, 0x00,
  0xFF, 0xE0, 0x3F, 0xF8, 0x00, 0x7F, 0xF0, 0x1F, 0xFC, 0x00, 0x7F, 0xF0,
  0x07, 0xFF, 0x00, 0x3F, 0xF8, 0x03, 0xFF, 0x80, 0x1F, 0xFC, 0x01, 0xFF,
  0xC0, 0x1F, 0xFC, 0x00, 0x7F, 0xF0, 0x0F, 0xFE, 0x00, 0x3F, 0xF8, 0x0F,
  0xFE, 0x00, 0x0F, 0xFE, 0x07, 0xFF, 0x00, 0x07, 0xFF, 0x03, 0xFF, 0x80,
  0x03, 0xFF, 0x83, 0xFF, 0x80, 0x00, 0xFF, 0xE1, 0xFF, 0xC0, 0x00, 0x7F,
  0xF0, 0xFF, 0xE0, 0x00, 0x3F, 0xF8, 0xFF, 0xE0, 0x00, 0x0F, 0xFE, 0x7F,
  0xF0, 0x00, 0x07, 0xFF, 0x7F, 0xF8, 0x00, 0x03, 0xFF, 0xBF, 0xF8, 0x00,
  0x00, 0xFF, 0xE0, 0xFF, 0xE0, 0x00, 0x03, 0xFF, 0xFF, 0xF0, 0x00, 0x01,
  0xFF, 0xDF, 0xFC, 0x00, 0x01, 0xFF, 0xCF, 0xFE, 0x00, 0x00, 0xFF, 0xE7,
  0xFF, 0x00, 0x00, 0x7F, 0xF1, 0xFF, 0xC0, 0x00, 0x7F, 0xF0, 0xFF, 0xE0,
  0x00, 0x3F, 0xF8, 0x7F, 0xF0, 0x00, 0x1F, 0xFC, 0x1F, 0xF8, 0x00, 0x0F,
  0xFC, 0x0F, 0xFE, 0x00, 0x0F, 0xFE, 0x07, 0xFF, 0x00, 0x07, 0xFF, 0x01,
  0xFF, 0x80, 0x03, 0xFF, 0x00, 0xFF, 0xE0, 0x03, 0xFF, 0x80, 0x7F, 0xF0,
  0x01, 0xFF, 0xC0, 0x3F, 0xF8, 0x00, 0xFF, 0xE0, 0x0F, 0xFE, 0x00, 0xFF,
  0xE0, 0x07, 0xFF, 0x00, 0x7F, 0xF0, 0x03, 0xFF, 0x80, 0x3F, 0xF8, 0x00,
  0xFF, 0xC0, 0x1F, 0xF8, 0x00, 0x7F, 0xF0, 0x1F, 0xFC, 0x00, 0x3F, 0xF8,
  0x0F, 0xFE, 0x00, 0x0F, 0xFC, 0x07, 0xFE, 0x00, 0x07, 0xFF, 0x07, 0xFF,
  0x00, 0x03, 0xFF, 0x83, 0xFF, 0x80, 0x00, 0xFF, 0xC1, 0xFF, 0x80, 0x00,
  0x7F, 0xE0, 0xFF, 0xC0, 0x00, 0x3F, 0xF8, 0xFF, 0xE0, 0x00, 0x0F, 0xFC,
  0x7F, 0xE0, 0x00, 0x07, 0xFE, 0x3F, 0xF0, 0x00, 0x03, 0xFF, 0xBF, 0xF8,
  0x00, 0x00, 0xFF, 0xDF, 0xF8, 0x00, 0x00, 0x7F, 0xEF, 0xFC, 0x00, 0x00,
  0x3F, 0xFF, 0xFE, 0x00, 0x00, 0x0F, 0xFF, 0xFE, 0x00, 0x00, 0x07, 0xFF,
  0xFF, 0x00, 0x00, 0x03, 0xFF, 0xFF, 0x80, 0x00, 0x00, 0xFF, 0xFF, 0x80,
  0x00, 0x00, 0x7F, 0xFF, 0xC0, 0x00, 0x00, 0x3F, 0xFF, 0xE0, 0x00, 0x00,
  0x0F, 0xFF, 0xE0, 0x00, 0x00, 0x07, 0xFF, 0xF0, 0x00, 0x00, 0x03, 0xFF,
  0xF8, 0x00, 0x00, 0x00, 0xFF, 0xF8, 0x00, 0x00, 0x00, 0x7F, 0xFC, 0x00,
  0x00, 0x00, 0x3F, 0xFE, 0x00, 0x00, 0x00, 0x0F, 0xFF, 0x00, 0x00, 0x00,
  0x07, 0xFF, 0x00, 0x00, 0x00, 0x03, 0xFF, 0x80, 0x00, 0x00, 0x01, 0xFF,
  0xC0, 0x00, 0x00, 0x00, 0xFF, 0xE0, 0x00, 0x00, 0x00, 0x7F, 0xF0, 0x00,
  0x00, 0x00, 0x3F, 0xF8, 0x00, 0x00, 0x00, 0x1F, 0xFC, 0x00, 0x00, 0x00,
  0x0F, 0xFE, 0x00, 0x00, 0x00, 0x07, 0xFF, 0x00, 0x00, 0x00, 0x03, 0xFF,
  0x80, 0x00, 0x00, 0x01, 0xFF, 0xC0, 0x00, 0x00, 0x00, 0xFF, 0xE0, 0x00,
  0x00, 0x00, 0x7F, 0xF0, 0x00, 0x00, 0x00, 0x3F, 0xF8, 0x00, 0x00, 0x00,
  0x1F, 0xFC, 0x00, 0x00, 0x00, 0x0F, 0xFE, 0x00, 0x00, 0x00, 0x07, 0xFF,
  0x00, 0x00, 0x00, 0x03, 0xFF, 0x80, 0x00, 0x00, 0x01, 0xFF, 0xC0, 0x00,
  0x00, 0x00, 0xFF, 0xE0, 0x00, 0x00, 0x00, 0x7F, 0xF0, 0x00, 0x00, 0x00,
  0x3F, 0xF8, 0x00, 0x00, 0x00, 0x1F, 0xFC, 0x00, 0x00, 0x00, 0x0F, 0xFE,
  0x00, 0x00, 0x00, 0x07, 0xFF, 0x00, 0x00, 0x00, 0x03, 0xFF, 0x80, 0x00,
  0x00, 0x01, 0xFF, 0xC0, 0x00, 0x00, 0x00, 0xFF, 0xE0, 0x00, 0x00, 0x00,
  0x7F, 0xF0, 0x00, 0x00, 0x3F, 0xFF, 0xFF, 0xFF, 0xCF, 0xFF, 0xFF, 0xFF,
  0xF3, 0xFF, 0xFF, 0xFF, 0xFC, 0xFF, 0xFF, 0xFF, 0xFF, 0x3F, 0xFF, 0xFF,
  0xFF, 0xCF, 0xFF, 0xFF, 0xFF, 0xF3, 0xFF, 0xFF, 0xFF, 0xFC, 0xFF, 0xFF,
  0xFF, 0xFF, 0x3F, 0xFF, 0xFF, 0xFF, 0x8F, 0xFF, 0xFF, 0xFF, 0xE0, 0x00,
  0x00, 0x7F, 0xF8, 0x00, 0x00, 0x3F, 0xFC, 0x00, 0x00, 0x0F, 0xFF, 0x00,
  0x00, 0x03, 0xFF, 0x80, 0x00, 0x01, 0xFF, 0xE0, 0x00, 0x00, 0x7F, 0xF8,
  0x00, 0x00, 0x1F, 0xFC, 0x00, 0x00, 0x0F, 0xFF, 0x00, 0x00, 0x03, 0xFF,
  0xC0, 0x00, 0x00, 0xFF, 0xE0, 0x00, 0x00, 0x7F, 0xF8, 0x00, 0x00, 0x1F,
  0xFE, 0x00, 0x00, 0x07, 0xFF, 0x00, 0x00, 0x03, 0xFF, 0xC0, 0x00, 0x00,
  0xFF, 0xF0, 0x00, 0x00, 0x7F, 0xF8, 0x00, 0x00, 0x1F, 0xFE, 0x00, 0x00,
  0x07, 0xFF, 0x00, 0x00, 0x03, 0xFF, 0xC0, 0x00, 0x00, 0xFF, 0xF0, 0x00,
  0x00, 0x3F, 0xF8, 0x00, 0x00, 0x1F, 0xFE, 0x00, 0x00, 0x07, 0xFF, 0x80,
  0x00, 0x01, 0xFF, 0xC0, 0x00, 0x00, 0xFF, 0xF0, 0x00, 0x00, 0x3F, 0xFC,
  0x00, 0x00, 0x0F, 0xFE, 0x00, 0x00, 0x07, 0xFF, 0x80, 0x00, 0x01, 0xFF,
  0xE0, 0x00, 0x00, 0x7F, 0xF0, 0x00, 0x00, 0x3F, 0xFC, 0x00, 0x00, 0x0F,
  0xFE, 0x00, 0x00, 0x07, 0xFF, 0x80, 0x00, 0x01, 0xFF, 0xE0, 0x00, 0x00,
  0x7F, 0xF0, 0x00, 0x00, 0x3F, 0xFC, 0x00, 0x00, 0x0F, 0xFF, 0x00, 0x00,
  0x03, 0xFF, 0x80, 0x00, 0x01, 0xFF, 0xE0, 0x00, 0x00, 0x7F, 0xF8, 0x00,
  0x00, 0x1F, 0xFC, 0x00, 0x00, 0x0F, 0xFF, 0x00, 0x00, 0x03, 0xFF, 0x80,
  0x00, 0x00, 0xFF, 0xE0, 0x00, 0x00, 0x7F, 0xF8, 0x00, 0x00, 0x1F, 0xFC,
  0x00, 0x00, 0x0F, 0xFF, 0x00, 0x00, 0x03, 0xFF, 0xC0, 0x00, 0x00, 0xFF,
  0xE0, 0x00, 0x00, 0x7F, 0xF8, 0x00, 0x00, 0x1F, 0xFE, 0x00, 0x00, 0x07,
  0xFF, 0x00, 0x00, 0x03, 0xFF, 0xC0, 0x00, 0x00, 0xFF, 0xF0, 0x00, 0x00,
  0x3F, 0xF8, 0x00, 0x00, 0x1F, 0xFF, 0xFF, 0xFF, 0xF7, 0xFF, 0xFF, 0xFF,
  0xFD, 0xFF, 0xFF, 0xFF, 0xFF, 0xFF, 0xFF, 0xFF, 0xFF, 0xFF, 0xFF, 0xFF,
  0xFF, 0xFF, 0xFF, 0xFF, 0xFF, 0xFF, 0xFF, 0xFF, 0xFF, 0xFF, 0xFF, 0xFF,
  0xFF, 0xFF, 0xFF, 0xFF, 0xFF, 0xFF, 0xFF, 0xFF, 0xFF, 0xFF, 0xFC, 0x1F,
  0xFF, 0xFB, 0xFF, 0xFF, 0xDF, 0xFF, 0xFF, 0xFF, 0xFF, 0xFF, 0xFF, 0xFF,
  0xFF, 0xFF, 0xFF, 0xFF, 0xFF, 0xFF, 0xFF, 0xFF, 0xFF, 0xFF, 0xFF, 0xFF,
  0xFF, 0xFF, 0xF8, 0x01, 0xFF, 0xC0, 0x0F, 0xFE, 0x00, 0x7F, 0xF0, 0x03,
  0xFF, 0x80, 0x1F, 0xFC, 0x00, 0xFF, 0xE0, 0x07, 0xFF, 0x00, 0x3F, 0xF8,
  0x01, 0xFF, 0xC0, 0x0F, 0xFE, 0x00, 0x7F, 0xF0, 0x03, 0xFF, 0x80, 0x1F,
  0xFC, 0x00, 0xFF, 0xE0, 0x07, 0xFF, 0x00, 0x3F, 0xF8, 0x01, 0xFF, 0xC0,
  0x0F, 0xFE, 0x00, 0x7F, 0xF0, 0x03, 0xFF, 0x80, 0x1F, 0xFC, 0x00, 0xFF,
  0xE0, 0x07, 0xFF, 0x00, 0x3F, 0xF8, 0x01, 0xFF, 0xC0, 0x0F, 0xFE, 0x00,
  0x7F, 0xF0, 0x03, 0xFF, 0x80, 0x1F, 0xFC, 0x00, 0xFF, 0xE0, 0x07, 0xFF,
  0x00, 0x3F, 0xF8, 0x01, 0xFF, 0xC0, 0x0F, 0xFE, 0x00, 0x7F, 0xF0, 0x03,
  0xFF, 0x80, 0x1F, 0xFC, 0x00, 0xFF, 0xE0, 0x07, 0xFF, 0x00, 0x3F, 0xF8,
  0x01, 0xFF, 0xC0, 0x0F, 0xFE, 0x00, 0x7F, 0xF0, 0x03, 0xFF, 0x80, 0x1F,
  0xFC, 0x00, 0xFF, 0xE0, 0x07, 0xFF, 0x00, 0x3F, 0xF8, 0x01, 0xFF, 0xC0,
  0x0F, 0xFE, 0x00, 0x7F, 0xF0, 0x03, 0xFF, 0x80, 0x1F, 0xFC, 0x00, 0xFF,
  0xE0, 0x07, 0xFF, 0x00, 0x3F, 0xF8, 0x01, 0xFF, 0xC0, 0x0F, 0xFE, 0x00,
  0x7F, 0xF0, 0x03, 0xFF, 0x80, 0x1F, 0xFC, 0x00, 0xFF, 0xE0, 0x07, 0xFF,
  0x00, 0x3F, 0xF8, 0x01, 0xFF, 0xC0, 0x0F, 0xFE, 0x00, 0x7F, 0xFF, 0xFF,
  0xFF, 0xFF, 0xFF, 0xFF, 0xFF, 0xFF, 0xFF, 0xFF, 0xFF, 0xFF, 0xFF, 0xFF,
  0xFF, 0xFF, 0xFF, 0xF7, 0xFF, 0xFF, 0xBF, 0xFF, 0xFC, 0x7F, 0xFF, 0xE0,
  0xFF, 0xE0, 0x00, 0x00, 0x00, 0x7F, 0xF0, 0x00, 0x00, 0x00, 0x7F, 0xF0,
  0x00, 0x00, 0x00, 0x7F, 0xF0, 0x00, 0x00, 0x00, 0x3F, 0xF8, 0x00, 0x00,
  0x00, 0x3F, 0xF8, 0x00, 0x00, 0x00, 0x1F, 0xFC, 0x00, 0x00, 0x00, 0x1F,
  0xFC, 0x00, 0x00, 0x00, 0x1F, 0xFC, 0x00, 0x00, 0x00, 0x0F, 0xFE, 0x00,
  0x00, 0x00, 0x0F, 0xFE, 0x00, 0x00, 0x00, 0x0F, 0xFE, 0x00, 0x00, 0x00,
  0x07, 0xFF, 0x00, 0x00, 0x00, 0x07, 0xFF, 0x00, 0x00, 0x00, 0x03, 0xFF,
  0x80, 0x00, 0x00, 0x03, 0xFF, 0x80, 0x00, 0x00, 0x03, 0xFF, 0x80, 0x00,
  0x00, 0x01, 0xFF, 0xC0, 0x00, 0x00, 0x01, 0xFF, 0xC0, 0x00, 0x00, 0x00,
  0xFF, 0xE0, 0x00, 0x00, 0x00, 0xFF, 0xE0, 0x00, 0x00, 0x00, 0xFF, 0xE0,
  0x00, 0x00, 0x00, 0x7F, 0xF0, 0x00, 0x00, 0x00, 0x7F, 0xF0, 0x00, 0x00,
  0x00, 0x7F, 0xF0, 0x00, 0x00, 0x00, 0x3F, 0xF8, 0x00, 0x00, 0x00, 0x3F,
  0xF8, 0x00, 0x00, 0x00, 0x1F, 0xFC, 0x00, 0x00, 0x00, 0x1F, 0xFC, 0x00,
  0x00, 0x00, 0x1F, 0xFC, 0x00, 0x00, 0x00, 0x0F, 0xFE, 0x00, 0x00, 0x00,
  0x0F, 0xFE, 0x00, 0x00, 0x00, 0x07, 0xFF, 0x00, 0x00, 0x00, 0x07, 0xFF,
  0x00, 0x00, 0x00, 0x07, 0xFF, 0x00, 0x00, 0x00, 0x03, 0xFF, 0x80, 0x00,
  0x00, 0x03, 0xFF, 0x80, 0x00, 0x00, 0x03, 0xFF, 0xC0, 0x00, 0x00, 0x01,
  0xFF, 0xC0, 0x00, 0x00, 0x01, 0xFF, 0xC0, 0x00, 0x00, 0x00, 0xFF, 0xE0,
  0x00, 0x00, 0x00, 0xFF, 0xE0, 0x00, 0x00, 0x00, 0xFF, 0xE0, 0x00, 0x00,
  0x00, 0x7F, 0xF0, 0x00, 0x00, 0x00, 0x7F, 0xF0, 0x00, 0x00, 0x00, 0x3F,
  0xF8, 0x00, 0x00, 0x00, 0x3F, 0xF8, 0x00, 0x00, 0x00, 0x3F, 0xF8, 0x00,
  0x00, 0x00, 0x1F, 0xFC, 0x00, 0x00, 0x00, 0x1F, 0xFC, 0x00, 0x00, 0x00,
  0x0F, 0xFE, 0x00, 0x00, 0x00, 0x0F, 0xFE, 0x00, 0x00, 0x00, 0x0F, 0xFE,
  0x00, 0x00, 0x00, 0x07, 0xFF, 0x00, 0x00, 0x00, 0x07, 0xFF, 0x00, 0x00,
  0x00, 0x07, 0xFF, 0x00, 0x00, 0x00, 0x03, 0xFF, 0x80, 0x00, 0x00, 0x03,
  0xFF, 0x80, 0x00, 0x00, 0x01, 0xFF, 0xC0, 0x00, 0x00, 0x01, 0xFF, 0xC0,
  0x00, 0x00, 0x01, 0xFF, 0xC0, 0x00, 0x00, 0x00, 0xFF, 0xE0, 0x00, 0x00,
  0x00, 0xFF, 0xE0, 0x00, 0x00, 0x00, 0x7F, 0xF0, 0x00, 0x00, 0x00, 0x7F,
  0xF0, 0x00, 0x00, 0x00, 0x7F, 0xF0, 0x00, 0x00, 0x00, 0x3F, 0xF8, 0x00,
  0x00, 0x00, 0x3F, 0xF8, 0x00, 0x00, 0x00, 0x3F, 0xF8, 0x00, 0x00, 0x00,
  0x1F, 0xFC, 0x00, 0x00, 0x00, 0x1F, 0xFC, 0x00, 0x00, 0x00, 0x0F, 0xFE,
  0x00, 0x00, 0x00, 0x0F, 0xFE, 0x00, 0x00, 0x00, 0x0F, 0xFE, 0x00, 0x00,
  0x00, 0x07, 0xFF, 0xFF, 0xFF, 0xC7, 0xFF, 0xFF, 0xBF, 0xFF, 0xFD, 0xFF,
  0xFF, 0xFF, 0xFF, 0xFF, 0xFF, 0xFF, 0xFF, 0xFF, 0xFF, 0xFF, 0xFF, 0xFF,
  0xFF, 0xFF, 0xFF, 0xFF, 0xFF, 0xC0, 0x0F, 0xFE, 0x00, 0x7F, 0xF0, 0x03,
  0xFF, 0x80, 0x1F, 0xFC, 0x00, 0xFF, 0xE0, 0x07, 0xFF, 0x00, 0x3F, 0xF8,
  0x01, 0xFF, 0xC0, 0x0F, 0xFE, 0x00, 0x7F, 0xF0, 0x03, 0xFF, 0x80, 0x1F,
  0xFC, 0x00, 0xFF, 0xE0, 0x07, 0xFF, 0x00, 0x3F, 0xF8, 0x01, 0xFF, 0xC0,
  0x0F, 0xFE, 0x00, 0x7F, 0xF0, 0x03, 0xFF, 0x80, 0x1F, 0xFC, 0x00, 0xFF,
  0xE0, 0x07, 0xFF, 0x00, 0x3F, 0xF8, 0x01, 0xFF, 0xC0, 0x0F, 0xFE, 0x00,
  0x7F, 0xF0, 0x03, 0xFF, 0x80, 0x1F, 0xFC, 0x00, 0xFF, 0xE0, 0x07, 0xFF,
  0x00, 0x3F, 0xF8, 0x01, 0xFF, 0xC0, 0x0F, 0xFE, 0x00, 0x7F, 0xF0, 0x03,
  0xFF, 0x80, 0x1F, 0xFC, 0x00, 0xFF, 0xE0, 0x07, 0xFF, 0x00, 0x3F, 0xF8,
  0x01, 0xFF, 0xC0, 0x0F, 0xFE, 0x00, 0x7F, 0xF0, 0x03, 0xFF, 0x80, 0x1F,
  0xFC, 0x00, 0xFF, 0xE0, 0x07, 0xFF, 0x00, 0x3F, 0xF8, 0x01, 0xFF, 0xC0,
  0x0F, 0xFE, 0x00, 0x7F, 0xF0, 0x03, 0xFF, 0x80, 0x1F, 0xFC, 0x00, 0xFF,
  0xE0, 0x07, 0xFF, 0x00, 0x3F, 0xF8, 0x01, 0xFF, 0xC0, 0x0F, 0xFE, 0x00,
  0x7F, 0xF0, 0x03, 0xFF, 0x80, 0x1F, 0xFC, 0x00, 0xFF, 0xE0, 0x07, 0xFF,
  0x00, 0x3F, 0xF8, 0x01, 0xFF, 0xC0, 0x0F, 0xFE, 0x00, 0x7F, 0xF0, 0x03,
  0xFF, 0xFF, 0xFF, 0xFF, 0xFF, 0xFF, 0xFF, 0xFF, 0xFF, 0xFF, 0xFF, 0xFF,
  0xFF, 0xFF, 0xFF, 0xFF, 0xFF, 0xFF, 0xFF, 0xFF, 0xFF, 0xFF, 0x7F, 0xFF,
  0xFB, 0xFF, 0xFF, 0x00, 0x00, 0x0F, 0xF8, 0x00, 0x00, 0x0F, 0xFE, 0x00,
  0x00, 0x07, 0xFF, 0x00, 0x00, 0x07, 0xFF, 0xC0, 0x00, 0x03, 0xFF, 0xE0,
  0x00, 0x03, 0xFF, 0xF8, 0x00, 0x01, 0xFF, 0xFC, 0x00, 0x01, 0xFF, 0xFE,
  0x00, 0x00, 0xFF, 0xFF, 0x80, 0x00, 0x7F, 0xFF, 0xC0, 0x00, 0x7F, 0xFF,
  0xF0, 0x00, 0x3F, 0xFF, 0xF8, 0x00, 0x3F, 0xF7, 0xFE, 0x00, 0x1F, 0xF1,
  0xFF, 0x00, 0x1F, 0xF8, 0xFF, 0xC0, 0x0F, 0xF8, 0x3F, 0xE0, 0x0F, 0xFC,
  0x1F, 0xF8, 0x07, 0xFC, 0x07, 0xFC, 0x07, 0xFE, 0x03, 0xFF, 0x03, 0xFE,
  0x00, 0xFF, 0x83, 0xFF, 0x00, 0x7F, 0xC1, 0xFF, 0x00, 0x1F, 0xF1, 0xFF,
  0x80, 0x0F, 0xF8, 0xFF, 0x80, 0x03, 0xFE, 0xFF, 0x80, 0x00, 0xFF, 0x7F,
  0xC0, 0x00, 0x7F, 0xC0, 0xFF, 0xFF, 0xFF, 0xFF, 0xFF, 0xFF, 0xFF, 0xFF,
  0xFF, 0xFF, 0xFF, 0xFF, 0xFF, 0xFF, 0xFF, 0xFF, 0xFF, 0xFF, 0xFF, 0xFF,
  0xFF, 0xFF, 0xFF, 0xFF, 0xFF, 0xFF, 0xFF, 0xFF, 0xFF, 0xFF, 0xFF, 0xFF,
  0xFF, 0xFF, 0xFF, 0xFF, 0xFF, 0xFF, 0xFF, 0xFF, 0xFC, 0x01, 0xFF, 0xF8,
  0x03, 0xFF, 0xE0, 0x07, 0xFF, 0xC0, 0x07, 0xFF, 0x80, 0x0F, 0xFE, 0x00,
  0x1F, 0xFC, 0x00, 0x3F, 0xF8, 0x00, 0x7F, 0xE0, 0x00, 0xFF, 0xC0, 0x01,
  0xFF, 0x80, 0x03, 0xFE, 0x00, 0x07, 0xFC, 0x0F, 0xFF, 0xFF, 0xF8, 0x3F,
  0xFF, 0xFF, 0xFC, 0x3F, 0xFF, 0xFF, 0xFE, 0x7F, 0xFF, 0xFF, 0xFF, 0x7F,
  0xFF, 0xFF, 0xFF, 0x7F, 0xFF, 0xFF, 0xFF, 0x7F, 0xFF, 0xFF, 0xFF, 0x7F,
  0xFF, 0xFF, 0xFF, 0x7F, 0xFF, 0xFF, 0xFF, 0x7F, 0xF0, 0x07, 0xFF, 0x7F,
  0xF0, 0x07, 0xFF, 0x7F, 0xF0, 0x07, 0xFF, 0x7F, 0xF0, 0x07, 0xFF, 0x7F,
  0xF0, 0x07, 0xFF, 0x00, 0x00, 0x07, 0xFF, 0x00, 0x00, 0x07, 0xFF, 0x00,
  0x00, 0x07, 0xFF, 0x00, 0x00, 0x07, 0xFF, 0x00, 0x00, 0x07, 0xFF, 0x1F,
  0xFF, 0xFF, 0xFF, 0x3F, 0xFF, 0xFF, 0xFF, 0x7F, 0xFF, 0xFF, 0xFF, 0xFF,
  0xFF, 0xFF, 0xFF, 0xFF, 0xFF, 0xFF, 0xFF, 0xFF, 0xFF, 0xFF, 0xFF, 0xFF,
  0xFF, 0xFF, 0xFF, 0xFF, 0xE0, 0x07, 0xFF, 0xFF, 0xE0, 0x07, 0xFF, 0xFF,
  0xE0, 0x07, 0xFF, 0xFF, 0xE0, 0x07, 0xFF, 0xFF, 0xE0, 0x07, 0xFF, 0xFF,
  0xE0, 0x07, 0xFF, 0xFF, 0xE0, 0x07, 0xFF, 0xFF, 0xE0, 0x07, 0xFF, 0xFF,
  0xE0, 0x07, 0xFF, 0xFF, 0xE0, 0x07, 0xFF, 0xFF, 0xE0, 0x07, 0xFF, 0xFF,
  0xE0, 0x07, 0xFF, 0xFF, 0xE0, 0x07, 0xFF, 0xFF, 0xFF, 0xFF, 0xFF, 0xFF,
  0xFF, 0xFF, 0xFF, 0xFF, 0xFF, 0xFF, 0xFF, 0xFF, 0xFF, 0xFF, 0xFF, 0xFF,
  0xFF, 0xFF, 0xFF, 0xFF, 0xFF, 0xFF, 0xFF, 0x7F, 0xFF, 0xFF, 0xFF, 0x7F,
  0xFF, 0xC7, 0xFF, 0x1F, 0xE0, 0x07, 0xFF, 0xFF, 0xE0, 0x00, 0x00, 0xFF,
  0xE0, 0x00, 0x00, 0xFF, 0xE0, 0x00, 0x00, 0xFF, 0xE0, 0x00, 0x00, 0xFF,
  0xE0, 0x00, 0x00, 0xFF, 0xE0, 0x00, 0x00, 0xFF, 0xE0, 0x00, 0x00, 0xFF,
  0xE0, 0x00, 0x00, 0xFF, 0xE0, 0x00, 0x00, 0xFF, 0xE0, 0x00, 0x00, 0xFF,
  0xE0, 0x00, 0x00, 0xFF, 0xE0, 0x00, 0x00, 0xFF, 0xE0, 0x00, 0x00, 0xFF,
  0xE0, 0x00, 0x00, 0xFF, 0xE0, 0x00, 0x00, 0xFF, 0xE0, 0x00, 0x00, 0xFF,
  0xE0, 0x00, 0x00, 0xFF, 0xE0, 0x00, 0x00, 0xFF, 0xE0, 0x00, 0x00, 0xFF,
  0xE0, 0x00, 0x00, 0xFF, 0xE0, 0x00, 0x00, 0xFF, 0xE0, 0x00, 0x00, 0xFF,
  0xE0, 0x00, 0x00, 0xFF, 0xE0, 0x00, 0x00, 0xFF, 0xE0, 0x00, 0x00, 0xFF,
  0xE0, 0x00, 0x00, 0xFF, 0xE0, 0x00, 0x00, 0xFF, 0xE0, 0x0F, 0xF8, 0xFF,
  0xE3, 0xFF, 0xFC, 0xFF, 0xFF, 0xFF, 0xFE, 0xFF, 0xFF, 0xFF, 0xFF, 0xFF,
  0xFF, 0xFF, 0xFF, 0xFF, 0xFF, 0xFF, 0xFF, 0xFF, 0xFF, 0xFF, 0xFF, 0xFF,
  0xFF, 0xFF, 0xFF, 0xFF, 0xFF, 0xFF, 0xFF, 0xFF, 0xFF, 0x07, 0xFF, 0xFF,
  0xE0, 0x07, 0xFF, 0xFF, 0xE0, 0x07, 0xFF, 0xFF, 0xE0, 0x07, 0xFF, 0xFF,
  0xE0, 0x07, 0xFF, 0xFF, 0xE0, 0x07, 0xFF, 0xFF, 0xE0, 0x07, 0xFF, 0xFF,
  0xE0, 0x07, 0xFF, 0xFF, 0xE0, 0x07, 0xFF, 0xFF, 0xE0, 0x07, 0xFF, 0xFF,
  0xE0, 0x07, 0xFF, 0xFF, 0xE0, 0x07, 0xFF, 0xFF, 0xE0, 0x07, 0xFF, 0xFF,
  0xE0, 0x07, 0xFF, 0xFF, 0xE0, 0x07, 0xFF, 0xFF, 0xE0, 0x07, 0xFF, 0xFF,
  0xE0, 0x07, 0xFF, 0xFF, 0xE0, 0x07, 0xFF, 0xFF, 0xE0, 0x07, 0xFF, 0xFF,
  0xE0, 0x07, 0xFF, 0xFF, 0xE0, 0x07, 0xFF, 0xFF, 0xE0, 0x07, 0xFF, 0xFF,
  0xE0, 0x07, 0xFF, 0xFF, 0xE0, 0x07, 0xFF, 0xFF, 0xE0, 0x07, 0xFF, 0xFF,
  0xE0, 0x07, 0xFF, 0xFF, 0xE0, 0x07, 0xFF, 0xFF, 0xE0, 0x07, 0xFF, 0xFF,
  0xE0, 0x07, 0xFF, 0xFF, 0xE0, 0x0F, 0xFF, 0xFF, 0xFF, 0xFF, 0xFF, 0xFF,
  0xFF, 0xFF, 0xFF, 0xFF, 0xFF, 0xFF, 0xFF, 0xFF, 0xFF, 0xFF, 0xFF, 0xFF,
  0xFF, 0xFF, 0xFF, 0xFF, 0xFF, 0xFF, 0xFE, 0xFF, 0xFF, 0xFF, 0xFC, 0xFF,
  0xFF, 0xFF, 0xF8, 0xFF, 0xFF, 0xFF, 0xC0, 0x1F, 0xFF, 0xFF, 0xF8, 0x3F,
  0xFF, 0xFF, 0xFC, 0x7F, 0xFF, 0xFF, 0xFE, 0xFF, 0xFF, 0xFF, 0xFF, 0xFF,
  0xFF, 0xFF, 0xFF, 0xFF, 0xFF, 0xFF, 0xFF, 0xFF, 0xFF, 0xFF, 0xFF, 0xFF,
  0xFF, 0xFF, 0xFF, 0xFF, 0xFF, 0xFF, 0xFF, 0xFF, 0xE0, 0x07, 0xFF, 0xFF,
  0xE0, 0x07, 0xFF, 0xFF, 0xE0, 0x07, 0xFF, 0xFF, 0xE0, 0x07, 0xFF, 0xFF,
  0xE0, 0x07, 0xFF, 0xFF, 0xE0, 0x07, 0xFF, 0xFF, 0xE0, 0x07, 0xFF, 0xFF,
  0xE0, 0x07, 0xFF, 0xFF, 0xE0, 0x00, 0x00, 0xFF, 0xE0, 0x00, 0x00, 0xFF,
  0xE0, 0x00, 0x00, 0xFF, 0xE0, 0x00, 0x00, 0xFF, 0xE0, 0x00, 0x00, 0xFF,
  0xE0, 0x00, 0x00, 0xFF, 0xE0, 0x00, 0x00, 0xFF, 0xE0, 0x00, 0x00, 0xFF,
  0xE0, 0x00, 0x00, 0xFF, 0xE0, 0x00, 0x00, 0xFF, 0xE0, 0x00, 0x00, 0xFF,
  0xE0, 0x00, 0x00, 0xFF, 0xE0, 0x00, 0x00, 0xFF, 0xE0, 0x07, 0xFF, 0xFF,
  0xE0, 0x07, 0xFF, 0xFF, 0xE0, 0x07, 0xFF, 0xFF, 0xE0, 0x07, 0xFF, 0xFF,
  0xE0, 0x07, 0xFF, 0xFF, 0xE0, 0x07, 0xFF, 0xFF, 0xE0, 0x07, 0xFF, 0xFF,
  0xE0, 0x07, 0xFF, 0xFF, 0xE0, 0x07, 0xFF, 0xFF, 0xFF, 0xFF, 0xFF, 0xFF,
  0xFF, 0xFF, 0xFF, 0xFF, 0xFF, 0xFF, 0xFF, 0xFF, 0xFF, 0xFF, 0xFF, 0xFF,
  0xFF, 0xFF, 0xFF, 0xFF, 0xFF, 0xFF, 0xFF, 0x7F, 0xFF, 0xFF, 0xFE, 0x3F,
  0xFF, 0xFF, 0xFC, 0x1F, 0xFF, 0xFF, 0xF8, 0x00, 0x00, 0x07, 0xFF, 0x00,
  0x00, 0x07, 0xFF, 0x00, 0x00, 0x07, 0xFF, 0x00, 0x00, 0x07, 0xFF, 0x00,
  0x00, 0x07, 0xFF, 0x00, 0x00, 0x07, 0xFF, 0x00, 0x00, 0x07, 0xFF, 0x00,
  0x00, 0x07, 0xFF, 0x00, 0x00, 0x07, 0xFF, 0x00, 0x00, 0x07, 0xFF, 0x00,
  0x00, 0x07, 0xFF, 0x00, 0x00, 0x07, 0xFF, 0x00, 0x00, 0x07, 0xFF, 0x00,
  0x00, 0x07, 0xFF, 0x00, 0x00, 0x07, 0xFF, 0x00, 0x00, 0x07, 0xFF, 0x00,
  0x00, 0x07, 0xFF, 0x00, 0x00, 0x07, 0xFF, 0x00, 0x00, 0x07, 0xFF, 0x00,
  0x00, 0x07, 0xFF, 0x00, 0x00, 0x07, 0xFF, 0x00, 0x00, 0x07, 0xFF, 0x00,
  0x00, 0x07, 0xFF, 0x00, 0x00, 0x07, 0xFF, 0x00, 0x00, 0x07, 0xFF, 0x00,
  0x00, 0x07, 0xFF, 0x00, 0x00, 0x07, 0xFF, 0x01, 0xFF, 0xFF, 0xFF, 0x1F,
  0xFF, 0xFF, 0xFF, 0x3F, 0xFF, 0xFF, 0xFF, 0x7F, 0xFF, 0xFF, 0xFF, 0xFF,
  0xFF, 0xFF, 0xFF, 0xFF, 0xFF, 0xFF, 0xFF, 0xFF, 0xFF, 0xFF, 0xFF, 0xFF,
  0xFF, 0xFF, 0xFF, 0xFF, 0xFF, 0xFF, 0xFF, 0xFF, 0xF0, 0x07, 0xFF, 0xFF,
  0xE0, 0x07, 0xFF, 0xFF, 0xE0, 0x07, 0xFF, 0xFF, 0xE0, 0x07, 0xFF, 0xFF,
  0xE0, 0x07, 0xFF, 0xFF, 0xE0, 0x07, 0xFF, 0xFF, 0xE0, 0x07, 0xFF, 0xFF,
  0xE0, 0x07, 0xFF, 0xFF, 0xE0, 0x07, 0xFF, 0xFF, 0xE0, 0x07, 0xFF, 0xFF,
  0xE0, 0x07, 0xFF, 0xFF, 0xE0, 0x07, 0xFF, 0xFF, 0xE0, 0x07, 0xFF, 0xFF,
  0xE0, 0x07, 0xFF, 0xFF, 0xE0, 0x07, 0xFF, 0xFF, 0xE0, 0x07, 0xFF, 0xFF,
  0xE0, 0x07, 0xFF, 0xFF, 0xE0, 0x07, 0xFF, 0xFF, 0xE0, 0x07, 0xFF, 0xFF,
  0xE0, 0x07, 0xFF, 0xFF, 0xE0, 0x07, 0xFF, 0xFF, 0xE0, 0x07, 0xFF, 0xFF,
  0xE0, 0x07, 0xFF, 0xFF, 0xE0, 0x07, 0xFF, 0xFF, 0xE0, 0x07, 0xFF, 0xFF,
  0xE0, 0x07, 0xFF, 0xFF, 0xE0, 0x07, 0xFF, 0xFF, 0xE0, 0x0F, 0xFF, 0xFF,
  0xE0, 0x3F, 0xFF, 0xFF, 0xF0, 0xFF, 0xFF, 0xFF, 0xFF, 0xFF, 0xFF, 0xFF,
  0xFF, 0xFF, 0xFF, 0xFF, 0xFF, 0xFF, 0xFF, 0xFF, 0xFF, 0xFF, 0xFF, 0x7F,
  0xFF, 0xFF, 0xFF, 0x7F, 0xFF, 0xFF, 0xFF, 0x7F, 0xFF, 0xF7, 0xFF, 0x3F,
  0xFE, 0x07, 0xFF, 0x0F, 0x80, 0x07, 0xFF, 0x1F, 0xFF, 0xFF, 0xF8, 0x3F,
  0xFF, 0xFF, 0xFC, 0x7F, 0xFF, 0xFF, 0xFE, 0xFF, 0xFF, 0xFF, 0xFF, 0xFF,
  0xFF, 0xFF, 0xFF, 0xFF, 0xFF, 0xFF, 0xFF, 0xFF, 0xFF, 0xFF, 0xFF, 0xFF,
  0xFF, 0xFF, 0xFF, 0xFF, 0xFF, 0xFF, 0xFF, 0xFF, 0xE0, 0x07, 0xFF, 0xFF,
  0xE0, 0x07, 0xFF, 0xFF, 0xE0, 0x07, 0xFF, 0xFF, 0xE0, 0x07, 0xFF, 0xFF,
  0xE0, 0x07, 0xFF, 0xFF, 0xE0, 0x07, 0xFF, 0xFF, 0xE0, 0x07, 0xFF, 0xFF,
  0xE0, 0x07, 0xFF, 0xFF, 0xE0, 0x07, 0xFF, 0xFF, 0xE0, 0x07, 0xFF, 0xFF,
  0xE0, 0x07, 0xFF, 0xFF, 0xFF, 0xFF, 0xFF, 0xFF, 0xFF, 0xFF, 0xFF, 0xFF,
  0xFF, 0xFF, 0xFF, 0xFF, 0xFF, 0xFF, 0xFF, 0xFF, 0xFF, 0xFF, 0xFE, 0xFF,
  0xFF, 0xFF, 0xFC, 0xFF, 0xFF, 0xFF, 0xF8, 0xFF, 0xE0, 0x00, 0x00, 0xFF,
  0xE0, 0x00, 0x00, 0xFF, 0xE0, 0x00, 0x00, 0xFF, 0xE0, 0x00, 0x00, 0xFF,
  0xE0, 0x00, 0x00, 0xFF, 0xE0, 0x00, 0x00, 0xFF, 0xE0, 0x07, 0xFF, 0xFF,
  0xE0, 0x07, 0xFF, 0xFF, 0xE0, 0x07, 0xFF, 0xFF, 0xE0, 0x07, 0xFF, 0xFF,
  0xE0, 0x07, 0xFF, 0xFF, 0xE0, 0x07, 0xFF, 0xFF, 0xFF, 0xFF, 0xFF, 0xFF,
  0xFF, 0xFF, 0xFF, 0xFF, 0xFF, 0xFF, 0xFF, 0xFF, 0xFF, 0xFF, 0xFF, 0xFF,
  0xFF, 0xFF, 0xFF, 0xFF, 0xFF, 0xFF, 0xFF, 0x7F, 0xFF, 0xFF, 0xFE, 0x3F,
  0xFF, 0xFF, 0xFC, 0x1F, 0xFF, 0xFF, 0xF8, 0x00, 0xFF, 0xFF, 0x01, 0xFF,
  0xFF, 0x03, 0xFF, 0xFF, 0x07, 0xFF, 0xFF, 0x07, 0xFF, 0xFF, 0x07, 0xFF,
  0xFF, 0x07, 0xFF, 0xFF, 0x07, 0xFF, 0xFF, 0x07, 0xFF, 0xFF, 0x07, 0xFF,
  0x00, 0x07, 0xFF, 0x00, 0x07, 0xFF, 0x00, 0x07, 0xFF, 0x00, 0x07, 0xFF,
  0x00, 0x07, 0xFF, 0x00, 0x07, 0xFF, 0x00, 0x07, 0xFF, 0x00, 0x07, 0xFF,
  0x00, 0x07, 0xFF, 0x00, 0x07, 0xFF, 0x00, 0x07, 0xFF, 0x00, 0x07, 0xFF,
  0x00, 0x07, 0xFF, 0x00, 0x07, 0xFF, 0x00, 0x07, 0xFF, 0x00, 0x07, 0xFF,
  0x00, 0x07, 0xFF, 0x00, 0xFF, 0xFF, 0xFE, 0xFF, 0xFF, 0xFE, 0xFF, 0xFF,
  0xFE, 0xFF, 0xFF, 0xFE, 0xFF, 0xFF, 0xFE, 0xFF, 0xFF, 0xFE, 0xFF, 0xFF,
  0xFE, 0xFF, 0xFF, 0xFE, 0xFF, 0xFF, 0xFE, 0x07, 0xFF, 0x00, 0x07, 0xFF,
  0x00, 0x07, 0xFF, 0x00, 0x07, 0xFF, 0x00, 0x07, 0xFF, 0x00, 0x07, 0xFF,
  0x00, 0x07, 0xFF, 0x00, 0x07, 0xFF, 0x00, 0x07, 0xFF, 0x00, 0x07, 0xFF,
  0x00, 0x07, 0xFF, 0x00, 0x07, 0xFF, 0x00, 0x07, 0xFF, 0x00, 0x07, 0xFF,
  0x00, 0x07, 0xFF, 0x00, 0x07, 0xFF, 0x00, 0x07, 0xFF, 0x00, 0x07, 0xFF,
  0x00, 0x07, 0xFF, 0x00, 0x07, 0xFF, 0x00, 0x07, 0xFF, 0x00, 0x07, 0xFF,
  0x00, 0x07, 0xFF, 0x00, 0x07, 0xFF, 0x00, 0x07, 0xFF, 0x00, 0x07, 0xFF,
  0x00, 0x07, 0xFF, 0x00, 0x07, 0xFF, 0x00, 0x07, 0xFF, 0x00, 0x07, 0xFF,
  0x00, 0x07, 0xFF, 0x00, 0x07, 0xFF, 0x00, 0x07, 0xFF, 0x00, 0x07, 0xFF,
  0x00, 0x07, 0xFF, 0x00, 0x07, 0xFF, 0x00, 0x07, 0xFF, 0x00, 0x07, 0xFF,
  0x00, 0x07, 0xFF, 0x00, 0x03, 0xF8, 0x07, 0xFF, 0x0F, 0xFF, 0xC7, 0xFF,
  0x3F, 0xFF, 0xFF, 0xFF, 0x3F, 0xFF, 0xFF, 0xFF, 0x7F, 0xFF, 0xFF, 0xFF,
  0x7F, 0xFF, 0xFF, 0xFF, 0xFF, 0xFF, 0xFF, 0xFF, 0xFF, 0xFF, 0xFF, 0xFF,
  0xFF, 0xFF, 0xFF, 0xFF, 0xFF, 0xF0, 0x7F, 0xFF, 0xFF, 0xE0, 0x0F, 0xFF,
  0xFF, 0xE0, 0x07, 0xFF, 0xFF, 0xE0, 0x07, 0xFF, 0xFF, 0xE0, 0x07, 0xFF,
  0xFF, 0xE0, 0x07, 0xFF, 0xFF, 0xE0, 0x07, 0xFF, 0xFF, 0xE0, 0x07, 0xFF,
  0xFF, 0xE0, 0x07, 0xFF, 0xFF, 0xE0, 0x07, 0xFF, 0xFF, 0xE0, 0x07, 0xFF,
  0xFF, 0xE0, 0x07, 0xFF, 0xFF, 0xE0, 0x07, 0xFF, 0xFF, 0xE0, 0x07, 0xFF,
  0xFF, 0xE0, 0x07, 0xFF, 0xFF, 0xE0, 0x07, 0xFF, 0xFF, 0xE0, 0x07, 0xFF,
  0xFF, 0xE0, 0x07, 0xFF, 0xFF, 0xE0, 0x07, 0xFF, 0xFF, 0xE0, 0x07, 0xFF,
  0xFF, 0xE0, 0x07, 0xFF, 0xFF, 0xE0, 0x07, 0xFF, 0xFF, 0xE0, 0x07, 0xFF,
  0xFF, 0xE0, 0x07, 0xFF, 0xFF, 0xE0, 0x07, 0xFF, 0xFF, 0xE0, 0x07, 0xFF,
  0xFF, 0xE0, 0x07, 0xFF, 0xFF, 0xE0, 0x07, 0xFF, 0xFF, 0xE0, 0x07, 0xFF,
  0xFF, 0xF0, 0x07, 0xFF, 0xFF, 0xFF, 0xFF, 0xFF, 0xFF, 0xFF, 0xFF, 0xFF,
  0xFF, 0xFF, 0xFF, 0xFF, 0x7F, 0xFF, 0xFF, 0xFF, 0x7F, 0xFF, 0xFF, 0xFF,
  0x3F, 0xFF, 0xFF, 0xFF, 0x1F, 0xFF, 0xFF, 0xFF, 0x0F, 0xFF, 0xFF, 0xFF,
  0x03, 0xFF, 0xFF, 0xFF, 0x00, 0x00, 0x07, 0xFF, 0x00, 0x00, 0x07, 0xFF,
  0x00, 0x00, 0x07, 0xFF, 0x00, 0x00, 0x07, 0xFF, 0x00, 0x00, 0x07, 0xFF,
  0x7F, 0xF0, 0x07, 0xFF, 0x7F, 0xF0, 0x07, 0xFF, 0x7F, 0xF0, 0x07, 0xFF,
  0x7F, 0xF0, 0x07, 0xFF, 0x7F, 0xFF, 0xFF, 0xFF, 0x7F, 0xFF, 0xFF, 0xFF,
  0x7F, 0xFF, 0xFF, 0xFF, 0x7F, 0xFF, 0xFF, 0xFF, 0x7F, 0xFF, 0xFF, 0xFF,
  0x7F, 0xFF, 0xFF, 0xFF, 0x3F, 0xFF, 0xFF, 0xFE, 0x1F, 0xFF, 0xFF, 0xFC,
  0x0F, 0xFF, 0xFF, 0xF8, 0xFF, 0xE0, 0x00, 0x00, 0xFF, 0xE0, 0x00, 0x00,
  0xFF, 0xE0, 0x00, 0x00, 0xFF, 0xE0, 0x00, 0x00, 0xFF, 0xE0, 0x00, 0x00,
  0xFF, 0xE0, 0x00, 0x00, 0xFF, 0xE0, 0x00, 0x00, 0xFF, 0xE0, 0x00, 0x00,
  0xFF, 0xE0, 0x00, 0x00, 0xFF, 0xE0, 0x00, 0x00, 0xFF, 0xE0, 0x00, 0x00,
  0xFF, 0xE0, 0x00, 0x00, 0xFF, 0xE0, 0x00, 0x00, 0xFF, 0xE0, 0x00, 0x00,
  0xFF, 0xE0, 0x00, 0x00, 0xFF, 0xE0, 0x00, 0x00, 0xFF, 0xE0, 0x00, 0x00,
  0xFF, 0xE0, 0x00, 0x00, 0xFF, 0xE0, 0x00, 0x00, 0xFF, 0xE0, 0x00, 0x00,
  0xFF, 0xE0, 0x00, 0x00, 0xFF, 0xE0, 0x00, 0x00, 0xFF, 0xE0, 0x00, 0x00,
  0xFF, 0xE0, 0x00, 0x00, 0xFF, 0xE0, 0x00, 0x00, 0xFF, 0xE0, 0x00, 0x00,
  0xFF, 0xE0, 0x00, 0x00, 0xFF, 0xE0, 0x07, 0xF8, 0xFF, 0xE0, 0xFF, 0xFC,
  0xFF, 0xFF, 0xFF, 0xFE, 0xFF, 0xFF, 0xFF, 0xFF, 0xFF, 0xFF, 0xFF, 0xFF,
  0xFF, 0xFF, 0xFF, 0xFF, 0xFF, 0xFF, 0xFF, 0xFF, 0xFF, 0xFF, 0xFF, 0xFF,
  0xFF, 0xFF, 0xFF, 0xFF, 0xFF, 0xFF, 0x07, 0xFF, 0xFF, 0xE0, 0x07, 0xFF,
  0xFF, 0xE0, 0x07, 0xFF, 0xFF, 0xE0, 0x07, 0xFF, 0xFF, 0xE0, 0x07, 0xFF,
  0xFF, 0xE0, 0x07, 0xFF, 0xFF, 0xE0, 0x07, 0xFF, 0xFF, 0xE0, 0x07, 0xFF,
  0xFF, 0xE0, 0x07, 0xFF, 0xFF, 0xE0, 0x07, 0xFF, 0xFF, 0xE0, 0x07, 0xFF,
  0xFF, 0xE0, 0x07, 0xFF, 0xFF, 0xE0, 0x07, 0xFF, 0xFF, 0xE0, 0x07, 0xFF,
  0xFF, 0xE0, 0x07, 0xFF, 0xFF, 0xE0, 0x07, 0xFF, 0xFF, 0xE0, 0x07, 0xFF,
  0xFF, 0xE0, 0x07, 0xFF, 0xFF, 0xE0, 0x07, 0xFF, 0xFF, 0xE0, 0x07, 0xFF,
  0xFF, 0xE0, 0x07, 0xFF, 0xFF, 0xE0, 0x07, 0xFF, 0xFF, 0xE0, 0x07, 0xFF,
  0xFF, 0xE0, 0x07, 0xFF, 0xFF, 0xE0, 0x07, 0xFF, 0xFF, 0xE0, 0x07, 0xFF,
  0xFF, 0xE0, 0x07, 0xFF, 0xFF, 0xE0, 0x07, 0xFF, 0xFF, 0xE0, 0x07, 0xFF,
  0xFF, 0xE0, 0x07, 0xFF, 0xFF, 0xE0, 0x07, 0xFF, 0xFF, 0xE0, 0x07, 0xFF,
  0xFF, 0xE0, 0x07, 0xFF, 0xFF, 0xE0, 0x07, 0xFF, 0xFF, 0xE0, 0x07, 0xFF,
  0xFF, 0xE0, 0x07, 0xFF, 0xFF, 0xE0, 0x07, 0xFF, 0xFF, 0xE0, 0x07, 0xFF,
  0xFF, 0xE0, 0x07, 0xFF, 0xFF, 0xFF, 0xFF, 0xFF, 0xFF, 0xFF, 0xFF, 0xFF,
  0xFF, 0xFF, 0xFF, 0xFF, 0xFF, 0xFF, 0xFF, 0xFF, 0xF0, 0x00, 0x00, 0x00,
  0x00, 0x00, 0x00, 0x00, 0x00, 0x00, 0x7F, 0xFF, 0xFF, 0xFF, 0xFF, 0xFF,
  0xFF, 0xFF, 0xFF, 0xFF, 0xFF, 0xFF, 0xFF, 0xFF, 0xFF, 0xFF, 0xFF, 0xFF,
  0xFF, 0xFF, 0xFF, 0xFF, 0xFF, 0xFF, 0xFF, 0xFF, 0xFF, 0xFF, 0xFF, 0xFF,
  0xFF, 0xFF, 0xFF, 0xFF, 0xFF, 0xFF, 0xFF, 0xFF, 0xFF, 0xFF, 0xFF, 0xFF,
  0xFF, 0xFF, 0xFF, 0xFF, 0xFF, 0xFF, 0xFF, 0xFF, 0xFF, 0xFF, 0xFF, 0xFF,
  0xFF, 0xFF, 0xFF, 0xFF, 0xFF, 0xFF, 0xFF, 0xFF, 0xFF, 0xFF, 0xFF, 0xFF,
  0x80, 0x01, 0xFF, 0xC0, 0x7F, 0xF0, 0x1F, 0xFC, 0x07, 0xFF, 0x01, 0xFF,
  0xC0, 0x7F, 0xF0, 0x1F, 0xFC, 0x07, 0xFF, 0x01, 0xFF, 0xC0, 0x7F, 0xF0,
  0x1F, 0xFC, 0x07, 0xFF, 0x00, 0x00, 0x00, 0x00, 0x00, 0x00, 0x00, 0x00,
  0x00, 0x00, 0x00, 0x00, 0x00, 0x00, 0x00, 0x00, 0x07, 0xFF, 0x01, 0xFF,
  0xC0, 0x7F, 0xF0, 0x1F, 0xFC, 0x07, 0xFF, 0x01, 0xFF, 0xC0, 0x7F, 0xF0,
  0x1F, 0xFC, 0x07, 0xFF, 0x01, 0xFF, 0xC0, 0x7F, 0xF0, 0x1F, 0xFC, 0x07,
  0xFF, 0x01, 0xFF, 0xC0, 0x7F, 0xF0, 0x1F, 0xFC, 0x07, 0xFF, 0x01, 0xFF,
  0xC0, 0x7F, 0xF0, 0x1F, 0xFC, 0x07, 0xFF, 0x01, 0xFF, 0xC0, 0x7F, 0xF0,
  0x1F, 0xFC, 0x07, 0xFF, 0x01, 0xFF, 0xC0, 0x7F, 0xF0, 0x1F, 0xFC, 0x07,
  0xFF, 0x01, 0xFF, 0xC0, 0x7F, 0xF0, 0x1F, 0xFC, 0x07, 0xFF, 0x01, 0xFF,
  0xC0, 0x7F, 0xF0, 0x1F, 0xFC, 0x07, 0xFF, 0x01, 0xFF, 0xC0, 0x7F, 0xF0,
  0x1F, 0xFC, 0x07, 0xFF, 0x01, 0xFF, 0xC0, 0x7F, 0xF0, 0x1F, 0xFC, 0x07,
  0xFF, 0x01, 0xFF, 0xC0, 0x7F, 0xF0, 0x1F, 0xFC, 0x07, 0xFF, 0x01, 0xFF,
  0xC0, 0x7F, 0xF0, 0x1F, 0xFC, 0x07, 0xFF, 0x01, 0xFF, 0xC0, 0x7F, 0xF0,
  0x1F, 0xFC, 0x07, 0xFF, 0xFF, 0xFF, 0xFF, 0xFF, 0xFF, 0xFF, 0xFF, 0xFF,
  0xFF, 0xFF, 0xFF, 0xFF, 0xFF, 0xFF, 0xFF, 0xFB, 0xFF, 0xFC, 0xFF, 0xFE,
  0x00, 0xFF, 0xE0, 0x00, 0x00, 0xFF, 0xE0, 0x00, 0x00, 0xFF, 0xE0, 0x00,
  0x00, 0xFF, 0xE0, 0x00, 0x00, 0xFF, 0xE0, 0x00, 0x00, 0xFF, 0xE0, 0x00,
  0x00, 0xFF, 0xE0, 0x00, 0x00, 0xFF, 0xE0, 0x00, 0x00, 0xFF, 0xE0, 0x00,
  0x00, 0xFF, 0xE0, 0x00, 0x00, 0xFF, 0xE0, 0x00, 0x00, 0xFF, 0xE0, 0x00,
  0x00, 0xFF, 0xE0, 0x00, 0x00, 0xFF, 0xE0, 0x00, 0x00, 0xFF, 0xE0, 0x00,
  0x00, 0xFF, 0xE0, 0x00, 0x00, 0xFF, 0xE0, 0x00, 0x00, 0xFF, 0xE0, 0x00,
  0x00, 0xFF, 0xE0, 0x00, 0x00, 0xFF, 0xE0, 0x00, 0x00, 0xFF, 0xE0, 0x00,
  0x00, 0xFF, 0xE0, 0x00, 0x00, 0xFF, 0xE0, 0x00, 0x00, 0xFF, 0xE0, 0x00,
  0x00, 0xFF, 0xE0, 0x00, 0x00, 0xFF, 0xE0, 0x00, 0x00, 0xFF, 0xE0, 0x00,
  0x00, 0xFF, 0xE0, 0x0F, 0xFE, 0xFF, 0xE0, 0x1F, 0xFC, 0xFF, 0xE0, 0x1F,
  0xFC, 0xFF, 0xE0, 0x3F, 0xF8, 0xFF, 0xE0, 0x3F, 0xF8, 0xFF, 0xE0, 0x7F,
  0xF0, 0xFF, 0xE0, 0x7F, 0xF0, 0xFF, 0xE0, 0xFF, 0xE0, 0xFF, 0xE0, 0xFF,
  0xE0, 0xFF, 0xE1, 0xFF, 0xC0, 0xFF, 0xE1, 0xFF, 0xC0, 0xFF, 0xE3, 0xFF,
  0x80, 0xFF, 0xE3, 0xFF, 0x80, 0xFF, 0xE7, 0xFF, 0x00, 0xFF, 0xE7, 0xFF,
  0x00, 0xFF, 0xEF, 0xFE, 0x00, 0xFF, 0xEF, 0xFE, 0x00, 0xFF, 0xFF, 0xFC,
  0x00, 0xFF, 0xFF, 0xFC, 0x00, 0xFF, 0xFF, 0xF8, 0x00, 0xFF, 0xFF, 0xF8,
  0x00, 0xFF, 0xFF, 0xF0, 0x00, 0xFF, 0xFF, 0xF0, 0x00, 0xFF, 0xFF, 0xF8,
  0x00, 0xFF, 0xFF, 0xF8, 0x00, 0xFF, 0xFF, 0xFC, 0x00, 0xFF, 0xFF, 0xFC,
  0x00, 0xFF, 0xEF, 0xFE, 0x00, 0xFF, 0xEF, 0xFE, 0x00, 0xFF, 0xE7, 0xFF,
  0x00, 0xFF, 0xE7, 0xFF, 0x00, 0xFF, 0xE3, 0xFF, 0x80, 0xFF, 0xE3, 0xFF,
  0x80, 0xFF, 0xE1, 0xFF, 0x80, 0xFF, 0xE1, 0xFF, 0xC0, 0xFF, 0xE1, 0xFF,
  0xC0, 0xFF, 0xE0, 0xFF, 0xE0, 0xFF, 0xE0, 0xFF, 0xE0, 0xFF, 0xE0, 0x7F,
  0xF0, 0xFF, 0xE0, 0x7F, 0xF0, 0xFF, 0xE0, 0x3F, 0xF8, 0xFF, 0xE0, 0x3F,
  0xF8, 0xFF, 0xE0, 0x1F, 0xFC, 0xFF, 0xE0, 0x1F, 0xFC, 0xFF, 0xE0, 0x1F,
  0xFC, 0xFF, 0xE0, 0x0F, 0xFE, 0xFF, 0xE0, 0x0F, 0xFE, 0xFF, 0xE0, 0x07,
  0xFF, 0xFF, 0xFF, 0xFF, 0xFF, 0xFF, 0xFF, 0xFF, 0xFF, 0xFF, 0xFF, 0xFF,
  0xFF, 0xFF, 0xFF, 0xFF, 0xFF, 0xFF, 0xFF, 0xFF, 0xFF, 0xFF, 0xFF, 0xFF,
  0xFF, 0xFF, 0xFF, 0xFF, 0xFF, 0xFF, 0xFF, 0xFF, 0xFF, 0xFF, 0xFF, 0xFF,
  0xFF, 0xFF, 0xFF, 0xFF, 0xFF, 0xFF, 0xFF, 0xFF, 0xFF, 0xFF, 0xFF, 0xFF,
  0xFF, 0xFF, 0xFF, 0xFF, 0xFF, 0xFF, 0xFF, 0xFF, 0xFF, 0xFF, 0xFF, 0xFF,
  0xFF, 0xFF, 0xFF, 0xFF, 0xFF, 0xFF, 0xFF, 0xFF, 0xFF, 0xFF, 0xFF, 0xFF,
  0xFF, 0xFF, 0xFF, 0xFF, 0xFF, 0xFF, 0xFF, 0xFF, 0xFF, 0xFF, 0xFF, 0xFF,
  0xFF, 0xFF, 0xFF, 0xFF, 0xFF, 0xFF, 0xFF, 0xFF, 0xFF, 0xFF, 0xFF, 0xFF,
  0xFF, 0xFF, 0xFF, 0xFF, 0xFF, 0xFF, 0xFF, 0xFF, 0x80, 0xFF, 0xE0, 0x07,
  0xF8, 0x00, 0x3F, 0xC7, 0xFF, 0x07, 0xFF, 0xE0, 0x1F, 0xFF, 0x3F, 0xFB,
  0xFF, 0xFF, 0x9F, 0xFF, 0xFD, 0xFF, 0xFF, 0xFF, 0xFF, 0xFF, 0xFF, 0xFF,
  0xFF, 0xFF, 0xFF, 0xFF, 0xFF, 0xFF, 0xFF, 0xFF, 0xFF, 0xFF, 0xFF, 0xFF,
  0xFF, 0xFF, 0xFF, 0xFF, 0xFF, 0xFF, 0xFF, 0xFF, 0xFF, 0xFF, 0xFF, 0xFF,
  0xFF, 0xFF, 0xFF, 0xFF, 0xFF, 0xFF, 0xFF, 0xFF, 0xFF, 0xFF, 0xFC, 0x3F,
  0xFF, 0xE1, 0xFF, 0xFF, 0xF8, 0x01, 0xFF, 0xC0, 0x0F, 0xFF, 0xFF, 0xC0,
  0x0F, 0xFE, 0x00, 0x7F, 0xFF, 0xFE, 0x00, 0x7F, 0xF0, 0x03, 0xFF, 0xFF,
  0xF0, 0x03, 0xFF, 0x80, 0x1F, 0xFF, 0xFF, 0x80, 0x1F, 0xFC, 0x00, 0xFF,
  0xFF, 0xFC, 0x00, 0xFF, 0xE0, 0x07, 0xFF, 0xFF, 0xE0, 0x07, 0xFF, 0x00,
  0x3F, 0xFF, 0xFF, 0x00, 0x3F, 0xF8, 0x01, 0xFF, 0xFF, 0xF8, 0x01, 0xFF,
  0xC0, 0x0F, 0xFF, 0xFF, 0xC0, 0x0F, 0xFE, 0x00, 0x7F, 0xFF, 0xFE, 0x00,
  0x7F, 0xF0, 0x03, 0xFF, 0xFF, 0xF0, 0x03, 0xFF, 0x80, 0x1F, 0xFF, 0xFF,
  0x80, 0x1F, 0xFC, 0x00, 0xFF, 0xFF, 0xFC, 0x00, 0xFF, 0xE0, 0x07, 0xFF,
  0xFF, 0xE0, 0x07, 0xFF, 0x00, 0x3F, 0xFF, 0xFF, 0x00, 0x3F, 0xF8, 0x01,
  0xFF, 0xFF, 0xF8, 0x01, 0xFF, 0xC0, 0x0F, 0xFF, 0xFF, 0xC0, 0x0F, 0xFE,
  0x00, 0x7F, 0xFF, 0xFE, 0x00, 0x7F, 0xF0, 0x03, 0xFF, 0xFF, 0xF0, 0x03,
  0xFF, 0x80, 0x1F, 0xFF, 0xFF, 0x80, 0x1F, 0xFC, 0x00, 0xFF, 0xFF, 0xFC,
  0x00, 0xFF, 0xE0, 0x07, 0xFF, 0xFF, 0xE0, 0x07, 0xFF, 0x00, 0x3F, 0xFF,
  0xFF, 0x00, 0x3F, 0xF8, 0x01, 0xFF, 0xFF, 0xF8, 0x01, 0xFF, 0xC0, 0x0F,
  0xFF, 0xFF, 0xC0, 0x0F, 0xFE, 0x00, 0x7F, 0xFF, 0xFE, 0x00, 0x7F, 0xF0,
  0x03, 0xFF, 0xFF, 0xF0, 0x03, 0xFF, 0x80, 0x1F, 0xFF, 0xFF, 0x80, 0x1F,
  0xFC, 0x00, 0xFF, 0xFF, 0xFC, 0x00, 0xFF, 0xE0, 0x07, 0xFF, 0xFF, 0xE0,
  0x07, 0xFF, 0x00, 0x3F, 0xFF, 0xFF, 0x00, 0x3F, 0xF8, 0x01, 0xFF, 0xFF,
  0xF8, 0x01, 0xFF, 0xC0, 0x0F, 0xFF, 0xFF, 0xC0, 0x0F, 0xFE, 0x00, 0x7F,
  0xFF, 0xFE, 0x00, 0x7F, 0xF0, 0x03, 0xFF, 0xFF, 0xF0, 0x03, 0xFF, 0x80,
  0x1F, 0xFF, 0xFF, 0x80, 0x1F, 0xFC, 0x00, 0xFF, 0xFF, 0xFC, 0x00, 0xFF,
  0xE0, 0x07, 0xFF, 0xFF, 0xE0, 0x07, 0xF8, 0xFF, 0xE0, 0xFF, 0xFE, 0xFF,
  0xFF, 0xFF, 0xFE, 0xFF, 0xFF, 0xFF, 0xFF, 0xFF, 0xFF, 0xFF, 0xFF, 0xFF,
  0xFF, 0xFF, 0xFF, 0xFF, 0xFF, 0xFF, 0xFF, 0xFF, 0xFF, 0xFF, 0xFF, 0xFF,
  0xFF, 0xFF, 0xFF, 0xFF, 0xFF, 0xC7, 0xFF, 0xFF, 0xE0, 0x07, 0xFF, 0xFF,
  0xE0, 0x07, 0xFF, 0xFF, 0xE0, 0x07, 0xFF, 0xFF, 0xE0, 0x07, 0xFF, 0xFF,
  0xE0, 0x07, 0xFF, 0xFF, 0xE0, 0x07, 0xFF, 0xFF, 0xE0, 0x07, 0xFF, 0xFF,
  0xE0, 0x07, 0xFF, 0xFF, 0xE0, 0x07, 0xFF, 0xFF, 0xE0, 0x07, 0xFF, 0xFF,
  0xE0, 0x07, 0xFF, 0xFF, 0xE0, 0x07, 0xFF, 0xFF, 0xE0, 0x07, 0xFF, 0xFF,
  0xE0, 0x07, 0xFF, 0xFF, 0xE0, 0x07, 0xFF, 0xFF, 0xE0, 0x07, 0xFF, 0xFF,
  0xE0, 0x07, 0xFF, 0xFF, 0xE0, 0x07, 0xFF, 0xFF, 0xE0, 0x07, 0xFF, 0xFF,
  0xE0, 0x07, 0xFF, 0xFF, 0xE0, 0x07, 0xFF, 0xFF, 0xE0, 0x07, 0xFF, 0xFF,
  0xE0, 0x07, 0xFF, 0xFF, 0xE0, 0x07, 0xFF, 0xFF, 0xE0, 0x07, 0xFF, 0xFF,
  0xE0, 0x07, 0xFF, 0xFF, 0xE0, 0x07, 0xFF, 0xFF, 0xE0, 0x07, 0xFF, 0xFF,
  0xE0, 0x07, 0xFF, 0xFF, 0xE0, 0x07, 0xFF, 0xFF, 0xE0, 0x07, 0xFF, 0xFF,
  0xE0, 0x07, 0xFF, 0xFF, 0xE0, 0x07, 0xFF, 0xFF, 0xE0, 0x07, 0xFF, 0xFF,
  0xE0, 0x07, 0xFF, 0xFF, 0xE0, 0x07, 0xFF, 0xFF, 0xE0, 0x07, 0xFF, 0xFF,
  0xE0, 0x07, 0xFF, 0x1F, 0xFF, 0xFF, 0xF8, 0x3F, 0xFF, 0xFF, 0xFC, 0x7F,
  0xFF, 0xFF, 0xFE, 0xFF, 0xFF, 0xFF, 0xFF, 0xFF, 0xFF, 0xFF, 0xFF, 0xFF,
  0xFF, 0xFF, 0xFF, 0xFF, 0xFF, 0xFF, 0xFF, 0xFF, 0xFF, 0xFF, 0xFF, 0xFF,
  0xFF, 0xFF, 0xFF, 0xFF, 0xE0, 0x07, 0xFF, 0xFF, 0xE0, 0x07, 0xFF, 0xFF,
  0xE0, 0x07, 0xFF, 0xFF, 0xE0, 0x07, 0xFF, 0xFF, 0xE0, 0x07, 0xFF, 0xFF,
  0xE0, 0x07, 0xFF, 0xFF, 0xE0, 0x07, 0xFF, 0xFF, 0xE0, 0x07, 0xFF, 0xFF,
  0xE0, 0x07, 0xFF, 0xFF, 0xE0, 0x07, 0xFF, 0xFF, 0xE0, 0x07, 0xFF, 0xFF,
  0xE0, 0x07, 0xFF, 0xFF, 0xE0, 0x07, 0xFF, 0xFF, 0xE0, 0x07, 0xFF, 0xFF,
  0xE0, 0x07, 0xFF, 0xFF, 0xE0, 0x07, 0xFF, 0xFF, 0xE0, 0x07, 0xFF, 0xFF,
  0xE0, 0x07, 0xFF, 0xFF, 0xE0, 0x07, 0xFF, 0xFF, 0xE0, 0x07, 0xFF, 0xFF,
  0xE0, 0x07, 0xFF, 0xFF, 0xE0, 0x07, 0xFF, 0xFF, 0xE0, 0x07, 0xFF, 0xFF,
  0xE0, 0x07, 0xFF, 0xFF, 0xE0, 0x07, 0xFF, 0xFF, 0xE0, 0x07, 0xFF, 0xFF,
  0xE0, 0x07, 0xFF, 0xFF, 0xE0, 0x07, 0xFF, 0xFF, 0xE0, 0x07, 0xFF, 0xFF,
  0xE0, 0x07, 0xFF, 0xFF, 0xFF, 0xFF, 0xFF, 0xFF, 0xFF, 0xFF, 0xFF, 0xFF,
  0xFF, 0xFF, 0xFF, 0xFF, 0xFF, 0xFF, 0xFF, 0xFF, 0xFF, 0xFF, 0xFF, 0xFF,
  0xFF, 0xFF, 0xFF, 0x7F, 0xFF, 0xFF, 0xFE, 0x3F, 0xFF, 0xFF, 0xFC, 0x1F,
  0xFF, 0xFF, 0xF8, 0xFF, 0xE0, 0x0F, 0xF8, 0xFF, 0xE3, 0xFF, 0xFC, 0xFF,
  0xFF, 0xFF, 0xFE, 0xFF, 0xFF, 0xFF, 0xFF, 0xFF, 0xFF, 0xFF, 0xFF, 0xFF,
  0xFF, 0xFF, 0xFF, 0xFF, 0xFF, 0xFF, 0xFF, 0xFF, 0xFF, 0xFF, 0xFF, 0xFF,
  0xFF, 0xFF, 0xFF, 0xFF, 0xFF, 0x07, 0xFF, 0xFF, 0xE0, 0x07, 0xFF, 0xFF,
  0xE0, 0x07, 0xFF, 0xFF, 0xE0, 0x07, 0xFF, 0xFF, 0xE0, 0x07, 0xFF, 0xFF,
  0xE0, 0x07, 0xFF, 0xFF, 0xE0, 0x07, 0xFF, 0xFF, 0xE0, 0x07, 0xFF, 0xFF,
  0xE0, 0x07, 0xFF, 0xFF, 0xE0, 0x07, 0xFF, 0xFF, 0xE0, 0x07, 0xFF, 0xFF,
  0xE0, 0x07, 0xFF, 0xFF, 0xE0, 0x07, 0xFF, 0xFF, 0xE0, 0x07, 0xFF, 0xFF,
  0xE0, 0x07, 0xFF, 0xFF, 0xE0, 0x07, 0xFF, 0xFF, 0xE0, 0x07, 0xFF, 0xFF,
  0xE0, 0x07, 0xFF, 0xFF, 0xE0, 0x07, 0xFF, 0xFF, 0xE0, 0x07, 0xFF, 0xFF,
  0xE0, 0x07, 0xFF, 0xFF, 0xE0, 0x07, 0xFF, 0xFF, 0xE0, 0x07, 0xFF, 0xFF,
  0xE0, 0x07, 0xFF, 0xFF, 0xE0, 0x07, 0xFF, 0xFF, 0xE0, 0x07, 0xFF, 0xFF,
  0xE0, 0x07, 0xFF, 0xFF, 0xE0, 0x07, 0xFF, 0xFF, 0xE0, 0x07, 0xFF, 0xFF,
  0xE0, 0x0F, 0xFF, 0xFF, 0xFF, 0xFF, 0xFF, 0xFF, 0xFF, 0xFF, 0xFF, 0xFF,
  0xFF, 0xFF, 0xFF, 0xFF, 0xFF, 0xFF, 0xFE, 0xFF, 0xFF, 0xFF, 0xFE, 0xFF,
  0xFF, 0xFF, 0xFC, 0xFF, 0xFF, 0xFF, 0xF8, 0xFF, 0xFF, 0xFF, 0xF0, 0xFF,
  0xFF, 0xFF, 0xC0, 0xFF, 0xE0, 0x00, 0x00, 0xFF, 0xE0, 0x00, 0x00, 0xFF,
  0xE0, 0x00, 0x00, 0xFF, 0xE0, 0x00, 0x00, 0xFF, 0xE0, 0x00, 0x00, 0xFF,
  0xE0, 0x00, 0x00, 0xFF, 0xE0, 0x00, 0x00, 0xFF, 0xE0, 0x00, 0x00, 0xFF,
  0xE0, 0x00, 0x00, 0xFF, 0xE0, 0x00, 0x00, 0xFF, 0xE0, 0x00, 0x00, 0xFF,
  0xE0, 0x00, 0x00, 0xFF, 0xE0, 0x00, 0x00, 0xFF, 0xE0, 0x00, 0x00, 0xFF,
  0xE0, 0x00, 0x00, 0xFF, 0xE0, 0x00, 0x00, 0xFF, 0xE0, 0x00, 0x00, 0xFF,
  0xE0, 0x00, 0x00, 0x0F, 0xE0, 0x07, 0xFF, 0x3F, 0xFF, 0xC7, 0xFF, 0x3F,
  0xFF, 0xFF, 0xFF, 0x7F, 0xFF, 0xFF, 0xFF, 0x7F, 0xFF, 0xFF, 0xFF, 0xFF,
  0xFF, 0xFF, 0xFF, 0xFF, 0xFF, 0xFF, 0xFF, 0xFF, 0xFF, 0xFF, 0xFF, 0xFF,
  0xFF, 0xFF, 0xFF, 0xFF, 0xF0, 0xFF, 0xFF, 0xFF, 0xE0, 0x0F, 0xFF, 0xFF,
  0xE0, 0x07, 0xFF, 0xFF, 0xE0, 0x07, 0xFF, 0xFF, 0xE0, 0x07, 0xFF, 0xFF,
  0xE0, 0x07, 0xFF, 0xFF, 0xE0, 0x07, 0xFF, 0xFF, 0xE0, 0x07, 0xFF, 0xFF,
  0xE0, 0x07, 0xFF, 0xFF, 0xE0, 0x07, 0xFF, 0xFF, 0xE0, 0x07, 0xFF, 0xFF,
  0xE0, 0x07, 0xFF, 0xFF, 0xE0, 0x07, 0xFF, 0xFF, 0xE0, 0x07, 0xFF, 0xFF,
  0xE0, 0x07, 0xFF, 0xFF, 0xE0, 0x07, 0xFF, 0xFF, 0xE0, 0x07, 0xFF, 0xFF,
  0xE0, 0x07, 0xFF, 0xFF, 0xE0, 0x07, 0xFF, 0xFF, 0xE0, 0x07, 0xFF, 0xFF,
  0xE0, 0x07, 0xFF, 0xFF, 0xE0, 0x07, 0xFF, 0xFF, 0xE0, 0x07, 0xFF, 0xFF,
  0xE0, 0x07, 0xFF, 0xFF, 0xE0, 0x07, 0xFF, 0xFF, 0xE0, 0x07, 0xFF, 0xFF,
  0xE0, 0x07, 0xFF, 0xFF, 0xE0, 0x07, 0xFF, 0xFF, 0xE0, 0x07, 0xFF, 0xFF,
  0xF0, 0x07, 0xFF, 0xFF, 0xFF, 0xFF, 0xFF, 0xFF, 0xFF, 0xFF, 0xFF, 0xFF,
  0xFF, 0xFF, 0xFF, 0x7F, 0xFF, 0xFF, 0xFF, 0x7F, 0xFF, 0xFF, 0xFF, 0x7F,
  0xFF, 0xFF, 0xFF, 0x3F, 0xFF, 0xFF, 0xFF, 0x1F, 0xFF, 0xFF, 0xFF, 0x0F,
  0xFF, 0xFF, 0xFF, 0x00, 0x00, 0x07, 0xFF, 0x00, 0x00, 0x07, 0xFF, 0x00,
  0x00, 0x07, 0xFF, 0x00, 0x00, 0x07, 0xFF, 0x00, 0x00, 0x07, 0xFF, 0x00,
  0x00, 0x07, 0xFF, 0x00, 0x00, 0x07, 0xFF, 0x00, 0x00, 0x07, 0xFF, 0x00,
  0x00, 0x07, 0xFF, 0x00, 0x00, 0x07, 0xFF, 0x00, 0x00, 0x07, 0xFF, 0x00,
  0x00, 0x07, 0xFF, 0x00, 0x00, 0x07, 0xFF, 0x00, 0x00, 0x07, 0xFF, 0x00,
  0x00, 0x07, 0xFF, 0x00, 0x00, 0x07, 0xFF, 0x00, 0x00, 0x07, 0xFF, 0x00,
  0x00, 0x07, 0xFF, 0xFF, 0xE0, 0x0F, 0xF1, 0xFF, 0xC3, 0xFF, 0xF3, 0xFF,
  0xFF, 0xFF, 0xF7, 0xFF, 0xFF, 0xFF, 0xFF, 0xFF, 0xFF, 0xFF, 0xFF, 0xFF,
  0xFF, 0xFF, 0xFF, 0xFF, 0xFF, 0xFF, 0xFF, 0xFF, 0xFF, 0xFF, 0xFF, 0xFF,
  0xFF, 0xFF, 0xFF, 0xFE, 0x1F, 0xFF, 0xFF, 0x80, 0x3F, 0xFF, 0xFF, 0x00,
  0x7F, 0xFF, 0xFE, 0x00, 0xFF, 0xFF, 0xFC, 0x01, 0xFF, 0xFF, 0xF8, 0x03,
  0xFF, 0xFF, 0xF0, 0x07, 0xFF, 0xFF, 0xE0, 0x0F, 0xFF, 0xFF, 0xC0, 0x1F,
  0xFF, 0xFF, 0x80, 0x3F, 0xFF, 0xFF, 0x00, 0x7F, 0xFF, 0xFE, 0x00, 0x00,
  0x1F, 0xFC, 0x00, 0x00, 0x3F, 0xF8, 0x00, 0x00, 0x7F, 0xF0, 0x00, 0x00,
  0xFF, 0xE0, 0x00, 0x01, 0xFF, 0xC0, 0x00, 0x03, 0xFF, 0x80, 0x00, 0x07,
  0xFF, 0x00, 0x00, 0x0F, 0xFE, 0x00, 0x00, 0x1F, 0xFC, 0x00, 0x00, 0x3F,
  0xF8, 0x00, 0x00, 0x7F, 0xF0, 0x00, 0x00, 0xFF, 0xE0, 0x00, 0x01, 0xFF,
  0xC0, 0x00, 0x03, 0xFF, 0x80, 0x00, 0x07, 0xFF, 0x00, 0x00, 0x0F, 0xFE,
  0x00, 0x00, 0x1F, 0xFC, 0x00, 0x00, 0x3F, 0xF8, 0x00, 0x00, 0x7F, 0xF0,
  0x00, 0x00, 0xFF, 0xE0, 0x00, 0x01, 0xFF, 0xC0, 0x00, 0x03, 0xFF, 0x80,
  0x00, 0x07, 0xFF, 0x00, 0x00, 0x0F, 0xFE, 0x00, 0x00, 0x1F, 0xFC, 0x00,
  0x00, 0x3F, 0xF8, 0x00, 0x00, 0x7F, 0xF0, 0x00, 0x00, 0x1F, 0xFF, 0xFF,
  0xF8, 0x3F, 0xFF, 0xFF, 0xFC, 0x7F, 0xFF, 0xFF, 0xFE, 0xFF, 0xFF, 0xFF,
  0xFF, 0xFF, 0xFF, 0xFF, 0xFF, 0xFF, 0xFF, 0xFF, 0xFF, 0xFF, 0xFF, 0xFF,
  0xFF, 0xFF, 0xFF, 0xFF, 0xFF, 0xFF, 0xFF, 0xFF, 0xFF, 0xFF, 0xE0, 0x07,
  0xFF, 0xFF, 0xE0, 0x07, 0xFF, 0xFF, 0xE0, 0x07, 0xFF, 0xFF, 0xE0, 0x07,
  0xFF, 0xFF, 0xE0, 0x07, 0xFF, 0xFF, 0xE0, 0x07, 0xFF, 0xFF, 0xE0, 0x07,
  0xFF, 0xFF, 0xF8, 0x00, 0x00, 0xFF, 0xFE, 0x00, 0x00, 0xFF, 0xFF, 0x00,
  0x00, 0xFF, 0xFF, 0xC0, 0x00, 0x7F, 0xFF, 0xF0, 0x00, 0x3F, 0xFF, 0xFC,
  0x00, 0x1F, 0xFF, 0xFF, 0x00, 0x07, 0xFF, 0xFF, 0xC0, 0x01, 0xFF, 0xFF,
  0xE0, 0x00, 0xFF, 0xFF, 0xF8, 0x00, 0x3F, 0xFF, 0xFC, 0x00, 0x0F, 0xFF,
  0xFE, 0x00, 0x03, 0xFF, 0xFF, 0x00, 0x00, 0xFF, 0xFF, 0x00, 0x00, 0x7F,
  0xFF, 0xFF, 0xE0, 0x1F, 0xFF, 0xFF, 0xE0, 0x07, 0xFF, 0xFF, 0xE0, 0x07,
  0xFF, 0xFF, 0xE0, 0x07, 0xFF, 0xFF, 0xE0, 0x07, 0xFF, 0xFF, 0xE0, 0x07,
  0xFF, 0xFF, 0xE0, 0x07, 0xFF, 0xFF, 0xE0, 0x07, 0xFF, 0xFF, 0xFF, 0xFF,
  0xFF, 0xFF, 0xFF, 0xFF, 0xFF, 0xFF, 0xFF, 0xFF, 0xFF, 0xFF, 0xFF, 0xFF,
  0xFF, 0xFF, 0xFF, 0xFF, 0xFF, 0xFF, 0xFF, 0xFF, 0xFF, 0x7F, 0xFF, 0xFF,
  0xFE, 0x3F, 0xFF, 0xFF, 0xFC, 0x1F, 0xFF, 0xFF, 0xF8, 0x07, 0xFF, 0x00,
  0x0F, 0xFE, 0x00, 0x1F, 0xFC, 0x00, 0x3F, 0xF8, 0x00, 0x7F, 0xF0, 0x00,
  0xFF, 0xE0, 0x01, 0xFF, 0xC0, 0x03, 0xFF, 0x80, 0x07, 0xFF, 0x00, 0x0F,
  0xFE, 0x00, 0x1F, 0xFC, 0x00, 0x3F, 0xF8, 0x00, 0x7F, 0xF0, 0x1F, 0xFF,
  0xFF, 0xFF, 0xFF, 0xFF, 0xFF, 0xFF, 0xFF, 0xFF, 0xFF, 0xFF, 0xFF, 0xFF,
  0xFF, 0xFF, 0xFF, 0xFF, 0xFF, 0xFF, 0xFF, 0xFF, 0xFF, 0xFF, 0xFF, 0xFF,
  0xC1, 0xFF, 0xC0, 0x03, 0xFF, 0x80, 0x07, 0xFF, 0x00, 0x0F, 0xFE, 0x00,
  0x1F, 0xFC, 0x00, 0x3F, 0xF8, 0x00, 0x7F, 0xF0, 0x00, 0xFF, 0xE0, 0x01,
  0xFF, 0xC0, 0x03, 0xFF, 0x80, 0x07, 0xFF, 0x00, 0x0F, 0xFE, 0x00, 0x1F,
  0xFC, 0x00, 0x3F, 0xF8, 0x00, 0x7F, 0xF0, 0x00, 0xFF, 0xE0, 0x01, 0xFF,
  0xC0, 0x03, 0xFF, 0x80, 0x07, 0xFF, 0x00, 0x0F, 0xFE, 0x00, 0x1F, 0xFC,
  0x00, 0x3F, 0xF8, 0x00, 0x7F, 0xF0, 0x00, 0xFF, 0xE0, 0x01, 0xFF, 0xC0,
  0x03, 0xFF, 0x80, 0x07, 0xFF, 0x00, 0x0F, 0xFE, 0x00, 0x1F, 0xFC, 0x00,
  0x3F, 0xF8, 0x00, 0x7F, 0xFF, 0xE0, 0xFF, 0xFF, 0xC1, 0xFF, 0xFF, 0x83,
  0xFF, 0xFF, 0x07, 0xFF, 0xFE, 0x0F, 0xFF, 0xFC, 0x0F, 0xFF, 0xF8, 0x0F,
  0xFF, 0xF0, 0x0F, 0xFF, 0xE0, 0xFF, 0xE0, 0x07, 0xFF, 0xFF, 0xE0, 0x07,
  0xFF, 0xFF, 0xE0, 0x07, 0xFF, 0xFF, 0xE0, 0x07, 0xFF, 0xFF, 0xE0, 0x07,
  0xFF, 0xFF, 0xE0, 0x07, 0xFF, 0xFF, 0xE0, 0x07, 0xFF, 0xFF, 0xE0, 0x07,
  0xFF, 0xFF, 0xE0, 0x07, 0xFF, 0xFF, 0xE0, 0x07, 0xFF, 0xFF, 0xE0, 0x07,
  0xFF, 0xFF, 0xE0, 0x07, 0xFF, 0xFF, 0xE0, 0x07, 0xFF, 0xFF, 0xE0, 0x07,
  0xFF, 0xFF, 0xE0, 0x07, 0xFF, 0xFF, 0xE0, 0x07, 0xFF, 0xFF, 0xE0, 0x07,
  0xFF, 0xFF, 0xE0, 0x07, 0xFF, 0xFF, 0xE0, 0x07, 0xFF, 0xFF, 0xE0, 0x07,
  0xFF, 0xFF, 0xE0, 0x07, 0xFF, 0xFF, 0xE0, 0x07, 0xFF, 0xFF, 0xE0, 0x07,
  0xFF, 0xFF, 0xE0, 0x07, 0xFF, 0xFF, 0xE0, 0x07, 0xFF, 0xFF, 0xE0, 0x07,
  0xFF, 0xFF, 0xE0, 0x07, 0xFF, 0xFF, 0xE0, 0x07, 0xFF, 0xFF, 0xE0, 0x07,
  0xFF, 0xFF, 0xE0, 0x07, 0xFF, 0xFF, 0xE0, 0x07, 0xFF, 0xFF, 0xE0, 0x07,
  0xFF, 0xFF, 0xE0, 0x07, 0xFF, 0xFF, 0xE0, 0x07, 0xFF, 0xFF, 0xE0, 0x07,
  0xFF, 0xFF, 0xE0, 0x07, 0xFF, 0xFF, 0xE0, 0x07, 0xFF, 0xFF, 0xE0, 0x3F,
  0xFF, 0xFF, 0xE7, 0xFF, 0xFF, 0xFF, 0xFF, 0xFF, 0xFF, 0xFF, 0xFF, 0xFF,
  0xFF, 0xFF, 0xFF, 0xFF, 0xFF, 0xFF, 0xFF, 0xFF, 0xFF, 0xFF, 0xFF, 0xFF,
  0xFF, 0xFF, 0xFF, 0xFF, 0xFF, 0x7F, 0xFF, 0xFF, 0xFF, 0x3F, 0xFF, 0xC7,
  0xFF, 0x1F, 0xF0, 0x07, 0xFF, 0xFF, 0xE0, 0x03, 0xFF, 0xFF, 0xF0, 0x01,
  0xFF, 0xDF, 0xF8, 0x00, 0xFF, 0xCF, 0xFE, 0x00, 0xFF, 0xE7, 0xFF, 0x00,
  0x7F, 0xF3, 0xFF, 0x80, 0x3F, 0xF9, 0xFF, 0xC0, 0x1F, 0xFC, 0x7F, 0xE0,
  0x0F, 0xFC, 0x3F, 0xF0, 0x07, 0xFE, 0x1F, 0xFC, 0x07, 0xFF, 0x0F, 0xFE,
  0x03, 0xFF, 0x83, 0xFF, 0x01, 0xFF, 0x81, 0xFF, 0x80, 0xFF, 0xC0, 0xFF,
  0xC0, 0x7F, 0xE0, 0x7F, 0xF0, 0x7F, 0xF0, 0x1F, 0xF8, 0x3F, 0xF0, 0x0F,
  0xFC, 0x1F, 0xF8, 0x07, 0xFE, 0x0F, 0xFC, 0x03, 0xFF, 0x07, 0xFE, 0x01,
  0xFF, 0x83, 0xFF, 0x00, 0x7F, 0xE3, 0xFF, 0x00, 0x3F, 0xF1, 0xFF, 0x80,
  0x1F, 0xF8, 0xFF, 0xC0, 0x0F, 0xFC, 0x7F, 0xE0, 0x03, 0xFE, 0x3F, 0xE0,
  0x01, 0xFF, 0x1F, 0xF0, 0x00, 0xFF, 0xDF, 0xF8, 0x00, 0x7F, 0xEF, 0xFC,
  0x00, 0x1F, 0xF7, 0xFC, 0x00, 0x0F, 0xFB, 0xFE, 0x00, 0x07, 0xFD, 0xFF,
  0x00, 0x03, 0xFE, 0xFF, 0x80, 0x01, 0xFF, 0xFF, 0xC0, 0x00, 0x7F, 0xFF,
  0xC0, 0x00, 0x3F, 0xFF, 0xE0, 0x00, 0x1F, 0xFF, 0xF0, 0x00, 0x0F, 0xFF,
  0xF8, 0x00, 0x03, 0xFF, 0xF8, 0x00, 0x01, 0xFF, 0xFC, 0x00, 0x00, 0xFF,
  0xFE, 0x00, 0x00, 0x7F, 0xFF, 0x00, 0x00, 0x1F, 0xFF, 0x80, 0x00, 0x0F,
  0xFF, 0x80, 0x00, 0x07, 0xFF, 0xC0, 0x00, 0x03, 0xFF, 0xE0, 0x00, 0x01,
  0xFF, 0xF0, 0x00, 0x00, 0x7F, 0xF0, 0x00, 0x00, 0x3F, 0xF8, 0x00, 0xFF,
  0xE0, 0x01, 0xFE, 0x00, 0x1F, 0xFF, 0xFF, 0x80, 0x07, 0xF8, 0x00, 0x7F,
  0xF7, 0xFE, 0x00, 0x3F, 0xF0, 0x01, 0xFF, 0x9F, 0xFC, 0x00, 0xFF, 0xC0,
  0x0F, 0xFE, 0x7F, 0xF0, 0x03, 0xFF, 0x00, 0x3F, 0xF9, 0xFF, 0xC0, 0x0F,
  0xFC, 0x00, 0xFF, 0xE7, 0xFF, 0x00, 0x3F, 0xF0, 0x03, 0xFF, 0x8F, 0xFC,
  0x01, 0xFF, 0xE0, 0x0F, 0xFC, 0x3F, 0xF0, 0x07, 0xFF, 0x80, 0x3F, 0xF0,
  0xFF, 0xE0, 0x1F, 0xFE, 0x01, 0xFF, 0xC3, 0xFF, 0x80, 0x7F, 0xF8, 0x07,
  0xFF, 0x0F, 0xFE, 0x03, 0xFF, 0xF0, 0x1F, 0xFC, 0x1F, 0xF8, 0x0F, 0xFF,
  0xC0, 0x7F, 0xE0, 0x7F, 0xE0, 0x3F, 0xFF, 0x01, 0xFF, 0x81, 0xFF, 0x80,
  0xFF, 0xFC, 0x07, 0xFE, 0x07, 0xFE, 0x03, 0xFF, 0xF0, 0x1F, 0xF8, 0x1F,
  0xFC, 0x1F, 0xFF, 0xE0, 0xFF, 0xE0, 0x3F, 0xF0, 0x7F, 0xFF, 0x83, 0xFF,
  0x00, 0xFF, 0xC1, 0xFF, 0xFE, 0x0F, 0xFC, 0x03, 0xFF, 0x07, 0xFF, 0xF8,
  0x3F, 0xF0, 0x0F, 0xFC, 0x3F, 0xFF, 0xF0, 0xFF, 0xC0, 0x3F, 0xF0, 0xFF,
  0xFF, 0xC3, 0xFF, 0x00, 0x7F, 0xE3, 0xFF, 0xFF, 0x1F, 0xF8, 0x01, 0xFF,
  0x8F, 0xF3, 0xFC, 0x7F, 0xE0, 0x07, 0xFE, 0x3F, 0xCF, 0xF1, 0xFF, 0x80,
  0x1F, 0xF9, 0xFF, 0x3F, 0xE7, 0xFE, 0x00, 0x3F, 0xE7, 0xFC, 0xFF, 0x9F,
  0xF0, 0x00, 0xFF, 0x9F, 0xF3, 0xFE, 0x7F, 0xC0, 0x03, 0xFF, 0x7F, 0x87,
  0xFB, 0xFF, 0x00, 0x0F, 0xFF, 0xFE, 0x1F, 0xFF, 0xFC, 0x00, 0x3F, 0xFF,
  0xF8, 0x7F, 0xFF, 0xF0, 0x00, 0x7F, 0xFF, 0xE1, 0xFF, 0xFF, 0x80, 0x01,
  0xFF, 0xFF, 0x03, 0xFF, 0xFE, 0x00, 0x07, 0xFF, 0xFC, 0x0F, 0xFF, 0xF8,
  0x00, 0x1F, 0xFF, 0xF0, 0x3F, 0xFF, 0xE0, 0x00, 0x7F, 0xFF, 0xC0, 0xFF,
  0xFF, 0x80, 0x00, 0xFF, 0xFF, 0x03, 0xFF, 0xFC, 0x00, 0x03, 0xFF, 0xF8,
  0x07, 0xFF, 0xF0, 0x00, 0x0F, 0xFF, 0xE0, 0x1F, 0xFF, 0xC0, 0x00, 0x3F,
  0xFF, 0x80, 0x7F, 0xFF, 0x00, 0x00, 0xFF, 0xFE, 0x01, 0xFF, 0xFC, 0x00,
  0x01, 0xFF, 0xF0, 0x03, 0xFF, 0xE0, 0x00, 0x07, 0xFF, 0xC0, 0x0F, 0xFF,
  0x80, 0x00, 0x1F, 0xFF, 0x00, 0x3F, 0xFE, 0x00, 0x00, 0x7F, 0xFC, 0x00,
  0xFF, 0xF8, 0x00, 0x01, 0xFF, 0xF0, 0x03, 0xFF, 0xE0, 0x00, 0x03, 0xFF,
  0x80, 0x07, 0xFF, 0x00, 0x00, 0x0F, 0xFE, 0x00, 0x1F, 0xFC, 0x00, 0x3F,
  0xF8, 0x00, 0xFF, 0xE1, 0xFF, 0xC0, 0x1F, 0xFC, 0x1F, 0xFC, 0x01, 0xFF,
  0xC0, 0xFF, 0xC0, 0x1F, 0xF8, 0x0F, 0xFE, 0x03, 0xFF, 0x80, 0xFF, 0xE0,
  0x3F, 0xF8, 0x07, 0xFF, 0x07, 0xFF, 0x00, 0x7F, 0xF0, 0x7F, 0xF0, 0x03,
  0xFF, 0x07, 0xFE, 0x00, 0x3F, 0xF8, 0xFF, 0xE0, 0x01, 0xFF, 0x8F, 0xFC,
  0x00, 0x1F, 0xFD, 0xFF, 0xC0, 0x00, 0xFF, 0xDF, 0xF8, 0x00, 0x0F, 0xFD,
  0xFF, 0x80, 0x00, 0xFF, 0xFF, 0xF0, 0x00, 0x07, 0xFF, 0xFF, 0x00, 0x00,
  0x7F, 0xFF, 0xE0, 0x00, 0x03, 0xFF, 0xFE, 0x00, 0x00, 0x3F, 0xFF, 0xE0,
  0x00, 0x01, 0xFF, 0xFC, 0x00, 0x00, 0x1F, 0xFF, 0xC0, 0x00, 0x00, 0xFF,
  0xF8, 0x00, 0x00, 0x0F, 0xFF, 0x80, 0x00, 0x00, 0x7F, 0xF8, 0x00, 0x00,
  0x0F, 0xFF, 0x80, 0x00, 0x00, 0xFF, 0xFC, 0x00, 0x00, 0x1F, 0xFF, 0xC0,
  0x00, 0x01, 0xFF, 0xFE, 0x00, 0x00, 0x3F, 0xFF, 0xE0, 0x00, 0x03, 0xFF,
  0xFE, 0x00, 0x00, 0x7F, 0xFF, 0xF0, 0x00, 0x07, 0xFF, 0xFF, 0x00, 0x00,
  0xFF, 0xFF, 0xF8, 0x00, 0x0F, 0xFD, 0xFF, 0x80, 0x01, 0xFF, 0xDF, 0xFC,
  0x00, 0x1F, 0xFD, 0xFF, 0xC0, 0x03, 0xFF, 0x8F, 0xFE, 0x00, 0x3F, 0xF8,
  0xFF, 0xE0, 0x07, 0xFF, 0x07, 0xFF, 0x00, 0x7F, 0xF0, 0x7F, 0xF0, 0x0F,
  0xFE, 0x03, 0xFF, 0x80, 0xFF, 0xE0, 0x3F, 0xF8, 0x0F, 0xFC, 0x01, 0xFF,
  0x81, 0xFF, 0xC0, 0x1F, 0xFC, 0x1F, 0xFC, 0x01, 0xFF, 0xC3, 0xFF, 0x80,
  0x0F, 0xFE, 0x3F, 0xF8, 0x00, 0xFF, 0xE7, 0xFF, 0x00, 0x07, 0xFF, 0xFF,
  0xE0, 0x03, 0xFF, 0xFF, 0xF0, 0x01, 0xFF, 0xDF, 0xF8, 0x00, 0xFF, 0xCF,
  0xFE, 0x00, 0xFF, 0xE7, 0xFF, 0x00, 0x7F, 0xF3, 0xFF, 0x80, 0x3F, 0xF9,
  0xFF, 0xC0, 0x1F, 0xFC, 0x7F, 0xE0, 0x0F, 0xFC, 0x3F, 0xF0, 0x07, 0xFE,
  0x1F, 0xFC, 0x07, 0xFF, 0x0F, 0xFE, 0x03, 0xFF, 0x83, 0xFF, 0x01, 0xFF,
  0x81, 0xFF, 0x80, 0xFF, 0xC0, 0xFF, 0xC0, 0x7F, 0xE0, 0x7F, 0xE0, 0x7F,
  0xF0, 0x1F, 0xF8, 0x3F, 0xF0, 0x0F, 0xFC, 0x1F, 0xF8, 0x07, 0xFE, 0x0F,
  0xFC, 0x03, 0xFF, 0x07, 0xFE, 0x01, 0xFF, 0x83, 0xFF, 0x00, 0x7F, 0xE3,
  0xFF, 0x00, 0x3F, 0xF1, 0xFF, 0x80, 0x1F, 0xF8, 0xFF, 0xC0, 0x0F, 0xFC,
  0x7F, 0xE0, 0x03, 0xFE, 0x3F, 0xE0, 0x01, 0xFF, 0x1F, 0xF0, 0x00, 0xFF,
  0xDF, 0xF8, 0x00, 0x7F, 0xEF, 0xFC, 0x00, 0x1F, 0xF7, 0xFC, 0x00, 0x0F,
  0xFB, 0xFE, 0x00, 0x07, 0xFD, 0xFF, 0x00, 0x03, 0xFE, 0xFF, 0x80, 0x01,
  0xFF, 0xFF, 0xC0, 0x00, 0x7F, 0xFF, 0xC0, 0x00, 0x3F, 0xFF, 0xE0, 0x00,
  0x1F, 0xFF, 0xF0, 0x00, 0x0F, 0xFF, 0xF8, 0x00, 0x03, 0xFF, 0xF8, 0x00,
  0x01, 0xFF, 0xFC, 0x00, 0x00, 0xFF, 0xFE, 0x00, 0x00, 0x7F, 0xFF, 0x00,
  0x00, 0x1F, 0xFF, 0x00, 0x00, 0x0F, 0xFF, 0x80, 0x00, 0x07, 0xFF, 0xC0,
  0x00, 0x03, 0xFF, 0xE0, 0x00, 0x01, 0xFF, 0xF0, 0x00, 0x00, 0x7F, 0xF0,
  0x00, 0x00, 0x3F, 0xF8, 0x00, 0x00, 0x1F, 0xFC, 0x00, 0x00, 0x1F, 0xFC,
  0x00, 0x00, 0x0F, 0xFE, 0x00, 0x00, 0x07, 0xFF, 0x00, 0x00, 0x07, 0xFF,
  0x00, 0x00, 0x03, 0xFF, 0x80, 0x00, 0x01, 0xFF, 0xC0, 0x00, 0x01, 0xFF,
  0xC0, 0x00, 0x00, 0xFF, 0xE0, 0x00, 0x00, 0x7F, 0xF0, 0x00, 0x00, 0x7F,
  0xF0, 0x00, 0x00, 0x3F, 0xF8, 0x00, 0x00, 0x1F, 0xFC, 0x00, 0x00, 0x1F,
  0xFC, 0x00, 0x00, 0x0F, 0xFE, 0x00, 0x00, 0x07, 0xFF, 0x00, 0x00, 0x07,
  0xFF, 0x80, 0x00, 0x03, 0xFF, 0x80, 0x00, 0x00, 0x7F, 0xFF, 0xFF, 0xFB,
  0xFF, 0xFF, 0xFF, 0xDF, 0xFF, 0xFF, 0xFE, 0xFF, 0xFF, 0xFF, 0xF7, 0xFF,
  0xFF, 0xFF, 0xBF, 0xFF, 0xFF, 0xFD, 0xFF, 0xFF, 0xFF, 0xEF, 0xFF, 0xFF,
  0xFF, 0x7F, 0xFF, 0xFF, 0xF0, 0x00, 0x07, 0xFF, 0x80, 0x00, 0x7F, 0xF8,
  0x00, 0x03, 0xFF, 0xC0, 0x00, 0x3F, 0xFC, 0x00, 0x01, 0xFF, 0xE0, 0x00,
  0x1F, 0xFE, 0x00, 0x00, 0xFF, 0xF0, 0x00, 0x0F, 0xFF, 0x00, 0x00, 0x7F,
  0xF8, 0x00, 0x07, 0xFF, 0x80, 0x00, 0x3F, 0xFC, 0x00, 0x03, 0xFF, 0xC0,
  0x00, 0x1F, 0xFE, 0x00, 0x01, 0xFF, 0xE0, 0x00, 0x0F, 0xFF, 0x00, 0x00,
  0xFF, 0xF0, 0x00, 0x07, 0xFF, 0x80, 0x00, 0x7F, 0xF8, 0x00, 0x03, 0xFF,
  0xC0, 0x00, 0x3F, 0xFC, 0x00, 0x01, 0xFF, 0xE0, 0x00, 0x1F, 0xFE, 0x00,
  0x00, 0xFF, 0xF0, 0x00, 0x0F, 0xFF, 0x00, 0x00, 0x7F, 0xF8, 0x00, 0x07,
  0xFF, 0x80, 0x00, 0x3F, 0xFC, 0x00, 0x03, 0xFF, 0xC0, 0x00, 0x1F, 0xFE,
  0x00, 0x01, 0xFF, 0xE0, 0x00, 0x0F, 0xFF, 0xFF, 0xFF, 0xFF, 0xFF, 0xFF,
  0xFF, 0xFF, 0xFF, 0xFF, 0xFF, 0xFF, 0xFF, 0xFF, 0xFF, 0xFF, 0xFF, 0xFF,
  0xFF, 0xFF, 0xFF, 0xFF, 0xFF, 0xFF, 0xFF, 0xFF, 0xFF, 0xFF, 0xFF, 0xFF,
  0xFF, 0xFF, 0x00, 0x00, 0x7F, 0xFC, 0x00, 0x0F, 0xFF, 0xF0, 0x00, 0x7F,
  0xFF, 0xC0, 0x03, 0xFF, 0xFF, 0x00, 0x1F, 0xFF, 0xFC, 0x00, 0xFF, 0xFF,
  0xF0, 0x03, 0xFF, 0xFF, 0xC0, 0x0F, 0xFF, 0xFF, 0x00, 0x7F, 0xFF, 0xFC,
  0x01, 0xFF, 0xFF, 0xF0, 0x07, 0xFF, 0xC0, 0x00, 0x1F, 0xFE, 0x00, 0x00,
  0x7F, 0xF0, 0x00, 0x01, 0xFF, 0xC0, 0x00, 0x07, 0xFF, 0x00, 0x00, 0x1F,
  0xFC, 0x00, 0x00, 0x7F, 0xF0, 0x00, 0x01, 0xFF, 0xC0, 0x00, 0x07, 0xFF,
  0x00, 0x00, 0x1F, 0xFC, 0x00, 0x00, 0x7F, 0xF0, 0x00, 0x01, 0xFF, 0xC0,
  0x00, 0x07, 0xFF, 0x00, 0x00, 0x1F, 0xFC, 0x00, 0x00, 0x7F, 0xF0, 0x00,
  0x01, 0xFF, 0xC0, 0x00, 0x07, 0xFF, 0x00, 0x00, 0x1F, 0xFC, 0x00, 0x00,
  0x7F, 0xF0, 0x00, 0x01, 0xFF, 0xC0, 0x00, 0x07, 0xFF, 0x00, 0x00, 0x1F,
  0xFC, 0x00, 0x00, 0xFF, 0xF0, 0x00, 0x07, 0xFF, 0xC0, 0x00, 0x3F, 0xFE,
  0x00, 0x01, 0xFF, 0xF8, 0x00, 0x0F, 0xFF, 0xC0, 0x00, 0x7F, 0xFC, 0x00,
  0x03, 0xFF, 0xE0, 0x00, 0x1F, 0xFF, 0x00, 0x00, 0xFF, 0xF0, 0x00, 0x03,
  0xFF, 0x80, 0x00, 0x0F, 0xFF, 0x00, 0x00, 0x1F, 0xFF, 0x00, 0x00, 0x3F,
  0xFE, 0x00, 0x00, 0x7F, 0xFC, 0x00, 0x00, 0xFF, 0xF8, 0x00, 0x01, 0xFF,
  0xF0, 0x00, 0x03, 0xFF, 0xE0, 0x00, 0x07, 0xFF, 0xC0, 0x00, 0x0F, 0xFF,
  0x00, 0x00, 0x1F, 0xFC, 0x00, 0x00, 0x7F, 0xF0, 0x00, 0x01, 0xFF, 0xC0,
  0x00, 0x07, 0xFF, 0x00, 0x00, 0x1F, 0xFC, 0x00, 0x00, 0x7F, 0xF0, 0x00,
  0x01, 0xFF, 0xC0, 0x00, 0x07, 0xFF, 0x00, 0x00, 0x1F, 0xFC, 0x00, 0x00,
  0x7F, 0xF0, 0x00, 0x01, 0xFF, 0xC0, 0x00, 0x07, 0xFF, 0x00, 0x00, 0x1F,
  0xFC, 0x00, 0x00, 0x7F, 0xF0, 0x00, 0x01, 0xFF, 0xC0, 0x00, 0x07, 0xFF,
  0x00, 0x00, 0x1F, 0xFC, 0x00, 0x00, 0x7F, 0xF0, 0x00, 0x01, 0xFF, 0xC0,
  0x00, 0x07, 0xFF, 0x00, 0x00, 0x1F, 0xFC, 0x00, 0x00, 0x7F, 0xF0, 0x00,
  0x01, 0xFF, 0xC0, 0x00, 0x07, 0xFF, 0x00, 0x00, 0x1F, 0xFE, 0x00, 0x00,
  0x7F, 0xFE, 0x00, 0x01, 0xFF, 0xFF, 0xF0, 0x07, 0xFF, 0xFF, 0xC0, 0x0F,
  0xFF, 0xFF, 0x00, 0x3F, 0xFF, 0xFC, 0x00, 0xFF, 0xFF, 0xF0, 0x01, 0xFF,
  0xFF, 0xC0, 0x03, 0xFF, 0xFF, 0x00, 0x07, 0xFF, 0xFC, 0x00, 0x0F, 0xFF,
  0xF0, 0x00, 0x07, 0xFF, 0xC0, 0xFF, 0xFF, 0xFF, 0xFF, 0xFF, 0xFF, 0xFF,
  0xFF, 0xFF, 0xFF, 0xFF, 0xFF, 0xFF, 0xFF, 0xFF, 0xFF, 0xFF, 0xFF, 0xFF,
  0xFF, 0xFF, 0xFF, 0xFF, 0xFF, 0xFF, 0xFF, 0xFF, 0xFF, 0xFF, 0xFF, 0xFF,
  0xFF, 0xFF, 0xFF, 0xFF, 0xFF, 0xFF, 0xFF, 0xFF, 0xFF, 0xFF, 0xFF, 0xFF,
  0xFF, 0xFF, 0xFF, 0xFF, 0xFF, 0xFF, 0xFF, 0xFF, 0xFF, 0xFF, 0xFF, 0xFF,
  0xFF, 0xFF, 0xFF, 0xFF, 0xFF, 0xFF, 0xFF, 0xFF, 0xFF, 0xFF, 0xFF, 0xFF,
  0xFF, 0xFF, 0xFF, 0xFF, 0xFF, 0xFF, 0xFF, 0xFF, 0xFF, 0xFF, 0xFF, 0xFF,
  0xFF, 0xFF, 0xFF, 0xFF, 0xFF, 0xFF, 0xFF, 0xFF, 0xFF, 0xFF, 0xFF, 0xFF,
  0xFF, 0xFF, 0xFF, 0xFF, 0xFF, 0xFF, 0xFF, 0xFF, 0xFF, 0xFF, 0xFF, 0xFF,
  0xFF, 0xFF, 0xFF, 0xFF, 0xFF, 0xFF, 0xFF, 0xFF, 0xFF, 0xFF, 0xFF, 0xFF,
  0xFF, 0xFF, 0xFF, 0xFF, 0xFF, 0xFF, 0xFF, 0xFF, 0xFF, 0xFF, 0xFF, 0xF0,
  0xFF, 0xF8, 0x00, 0x03, 0xFF, 0xFC, 0x00, 0x0F, 0xFF, 0xF8, 0x00, 0x3F,
  0xFF, 0xF0, 0x00, 0xFF, 0xFF, 0xE0, 0x03, 0xFF, 0xFF, 0xC0, 0x0F, 0xFF,
  0xFF, 0x00, 0x3F, 0xFF, 0xFC, 0x00, 0xFF, 0xFF, 0xF8, 0x03, 0xFF, 0xFF,
  0xE0, 0x00, 0x0F, 0xFF, 0x80, 0x00, 0x1F, 0xFE, 0x00, 0x00, 0x3F, 0xF8,
  0x00, 0x00, 0xFF, 0xE0, 0x00, 0x03, 0xFF, 0x80, 0x00, 0x0F, 0xFE, 0x00,
  0x00, 0x3F, 0xF8, 0x00, 0x00, 0xFF, 0xE0, 0x00, 0x03, 0xFF, 0x80, 0x00,
  0x0F, 0xFE, 0x00, 0x00, 0x3F, 0xF8, 0x00, 0x00, 0xFF, 0xE0, 0x00, 0x03,
  0xFF, 0x80, 0x00, 0x0F, 0xFE, 0x00, 0x00, 0x3F, 0xF8, 0x00, 0x00, 0xFF,
  0xE0, 0x00, 0x03, 0xFF, 0x80, 0x00, 0x0F, 0xFE, 0x00, 0x00, 0x3F, 0xF8,
  0x00, 0x00, 0xFF, 0xE0, 0x00, 0x03, 0xFF, 0x80, 0x00, 0x0F, 0xFE, 0x00,
  0x00, 0x3F, 0xFC, 0x00, 0x00, 0xFF, 0xF8, 0x00, 0x01, 0xFF, 0xF0, 0x00,
  0x07, 0xFF, 0xE0, 0x00, 0x0F, 0xFF, 0xC0, 0x00, 0x0F, 0xFF, 0x80, 0x00,
  0x1F, 0xFF, 0x00, 0x00, 0x3F, 0xFE, 0x00, 0x00, 0x3F, 0xFC, 0x00, 0x00,
  0x7F, 0xF0, 0x00, 0x03, 0xFF, 0xC0, 0x00, 0x3F, 0xFE, 0x00, 0x01, 0xFF,
  0xF0, 0x00, 0x0F, 0xFF, 0x80, 0x00, 0x7F, 0xFC, 0x00, 0x07, 0xFF, 0xE0,
  0x00, 0x1F, 0xFF, 0x00, 0x00, 0xFF, 0xF8, 0x00, 0x03, 0xFF, 0xC0, 0x00,
  0x0F, 0xFE, 0x00, 0x00, 0x3F, 0xF8, 0x00, 0x00, 0xFF, 0xE0, 0x00, 0x03,
  0xFF, 0x80, 0x00, 0x0F, 0xFE, 0x00, 0x00, 0x3F, 0xF8, 0x00, 0x00, 0xFF,
  0xE0, 0x00, 0x03, 0xFF, 0x80, 0x00, 0x0F, 0xFE, 0x00, 0x00, 0x3F, 0xF8,
  0x00, 0x00, 0xFF, 0xE0, 0x00, 0x03, 0xFF, 0x80, 0x00, 0x0F, 0xFE, 0x00,
  0x00, 0x3F, 0xF8, 0x00, 0x00, 0xFF, 0xE0, 0x00, 0x03, 0xFF, 0x80, 0x00,
  0x0F, 0xFE, 0x00, 0x00, 0x3F, 0xF8, 0x00, 0x00, 0xFF, 0xE0, 0x00, 0x03,
  0xFF, 0x80, 0x00, 0x0F, 0xFE, 0x00, 0x00, 0x3F, 0xF8, 0x00, 0x00, 0xFF,
  0xE0, 0x00, 0x03, 0xFF, 0x80, 0x00, 0x1F, 0xFE, 0x00, 0x01, 0xFF, 0xF8,
  0x03, 0xFF, 0xFF, 0xE0, 0x0F, 0xFF, 0xFF, 0x80, 0x3F, 0xFF, 0xFC, 0x00,
  0xFF, 0xFF, 0xF0, 0x03, 0xFF, 0xFF, 0xC0, 0x0F, 0xFF, 0xFE, 0x00, 0x3F,
  0xFF, 0xF0, 0x00, 0xFF, 0xFF, 0x80, 0x03, 0xFF, 0xFC, 0x00, 0x0F, 0xFF,
  0x80, 0x00, 0x00, 0x1F, 0x80, 0x00, 0x3F, 0xFB, 0xFF, 0x80, 0x01, 0xFF,
  0xDF, 0xFF, 0x00, 0x0F, 0xFF, 0xFF, 0xFF, 0x00, 0x7F, 0xFF, 0xFF, 0xFE,
  0x03, 0xFF, 0xFF, 0xFF, 0xFE, 0x1F, 0xFF, 0xFF, 0xFF, 0xFE, 0xFF, 0xFF,
  0xFF, 0xFF, 0xFF, 0xFF, 0xFF, 0xFF, 0xFF, 0xFF, 0xFF, 0xFF, 0xFF, 0xFF,
  0xFF, 0xFF, 0xFB, 0xFF, 0xFF, 0xFF, 0xFF, 0xC3, 0xFF, 0xFF, 0xFF, 0xFE,
  0x03, 0xFF, 0xFF, 0xFF, 0xF0, 0x07, 0xFF, 0xFF, 0xFF, 0x80, 0x07, 0xFF,
  0xDF, 0xFC, 0x00, 0x0F, 0xFE, 0xFF, 0xE0, 0x00, 0x0F, 0xE0 };

const GFXglyph AGENCYB50pt7bGlyphs[] PROGMEM = {
  {     0,   1,   1,  20,    0,    0 },   // 0x20 ' '
  {     1,  11,  75,  19,    4,  -74 },   // 0x21 '!'
  {   105,  27,  23,  34,    3,  -74 },   // 0x22 '"'
  {   183,  49,  75,  53,    2,  -74 },   // 0x23 '#'
  {   643,  35,  88,  43,    4,  -81 },   // 0x24 '$'
  {  1028,  61,  75,  65,    2,  -74 },   // 0x25 '%'
  {  1600,  42,  75,  48,    4,  -74 },   // 0x26 '&'
  {  1994,  11,  23,  19,    4,  -74 },   // 0x27 '''
  {  2026,  22,  85,  28,    4,  -74 },   // 0x28 '('
  {  2260,  23,  85,  30,    3,  -74 },   // 0x29 ')'
  {  2505,  38,  37,  46,    4,  -74 },   // 0x2A '*'
  {  2681,  41,  38,  47,    3,  -50 },   // 0x2B '+'
  {  2876,  13,  20,  18,    2,  -11 },   // 0x2C ','
  {  2909,  23,  10,  31,    4,  -33 },   // 0x2D '-'
  {  2938,  11,  12,  19,    4,  -11 },   // 0x2E '.'
  {  2955,  40,  75,  44,    2,  -74 },   // 0x2F '/'
  {  3330,  36,  75,  44,    4,  -74 },   // 0x30 '0'
  {  3668,  15,  75,  22,    3,  -74 },   // 0x31 '1'
  {  3809,  37,  75,  45,    4,  -74 },   // 0x32 '2'
  {  4156,  37,  75,  45,    4,  -74 },   // 0x33 '3'
  {  4503,  41,  75,  45,    2,  -74 },   // 0x34 '4'
  {  4888,  37,  75,  45,    4,  -74 },   // 0x35 '5'
  {  5235,  37,  75,  45,    4,  -74 },   // 0x36 '6'
  {  5582,  37,  75,  42,    3,  -74 },   // 0x37 '7'
  {  5929,  37,  75,  45,    4,  -74 },   // 0x38 '8'
  {  6276,  37,  75,  45,    4,  -74 },   // 0x39 '9'
  {  6623,  11,  42,  19,    4,  -41 },   // 0x3A ':'
  {  6681,  13,  50,  19,    2,  -41 },   // 0x3B ';'
  {  6763,  28,  45,  36,    3,  -54 },   // 0x3C '<'
  {  6921,  38,  30,  46,    4,  -45 },   // 0x3D '='
  {  7064,  29,  45,  36,    4,  -54 },   // 0x3E '>'
  {  7228,  34,  75,  41,    4,  -74 },   // 0x3F '?'
  {  7547,  49,  75,  57,    4,  -74 },   // 0x40 '@'
  {  8007,  41,  75,  41,    0,  -74 },   // 0x41 'A'
  {  8392,  37,  75,  45,    4,  -74 },   // 0x42 'B'
  {  8739,  37,  75,  45,    4,  -74 },   // 0x43 'C'
  {  9086,  37,  75,  45,    4,  -74 },   // 0x44 'D'
  {  9433,  31,  75,  39,    4,  -74 },   // 0x45 'E'
  {  9724,  30,  75,  34,    4,  -74 },   // 0x46 'F'
  { 10006,  37,  75,  45,    4,  -74 },   // 0x47 'G'
  { 10353,  37,  75,  45,    4,  -74 },   // 0x48 'H'
  { 10700,  11,  75,  19,    4,  -74 },   // 0x49 'I'
  { 10804,  35,  75,  42,    3,  -74 },   // 0x4A 'J'
  { 11133,  38,  75,  42,    4,  -74 },   // 0x4B 'K'
  { 11490,  29,  75,  35,    4,  -74 },   // 0x4C 'L'
  { 11762,  45,  75,  53,    4,  -74 },   // 0x4D 'M'
  { 12184,  37,  75,  45,    4,  -74 },   // 0x4E 'N'
  { 12531,  37,  75,  45,    4,  -74 },   // 0x4F 'O'
  { 12878,  37,  75,  45,    4,  -74 },   // 0x50 'P'
  { 13225,  42,  75,  47,    4,  -74 },   // 0x51 'Q'
  { 13619,  39,  75,  45,    4,  -74 },   // 0x52 'R'
  { 13985,  37,  75,  45,    4,  -74 },   // 0x53 'S'
  { 14332,  35,  75,  35,    0,  -74 },   // 0x54 'T'
  { 14661,  37,  75,  45,    4,  -74 },   // 0x55 'U'
  { 15008,  37,  75,  37,    0,  -74 },   // 0x56 'V'
  { 15355,  57,  75,  57,    0,  -74 },   // 0x57 'W'
  { 15890,  41,  75,  41,    0,  -74 },   // 0x58 'X'
  { 16275,  41,  75,  41,    0,  -74 },   // 0x59 'Y'
  { 16660,  34,  75,  34,    0,  -74 },   // 0x5A 'Z'
  { 16979,  21,  87,  29,    5,  -74 },   // 0x5B '['
  { 17208,  40,  75,  44,    2,  -74 },   // 0x5C '\'
  { 17583,  21,  87,  28,    3,  -74 },   // 0x5D ']'
  { 17812,  33,  26,  41,    4,  -74 },   // 0x5E '^'
  { 17920,  39,   8,  39,    0,   13 },   // 0x5F '_'
  { 17959,  22,  13,  40,   11,  -63 },   // 0x60 '`'
  { 17995,  32,  48,  40,    4,  -47 },   // 0x61 'a'
  { 18187,  32,  75,  40,    4,  -74 },   // 0x62 'b'
  { 18487,  32,  48,  40,    4,  -47 },   // 0x63 'c'
  { 18679,  32,  75,  40,    4,  -74 },   // 0x64 'd'
  { 18979,  32,  48,  40,    4,  -47 },   // 0x65 'e'
  { 19171,  24,  75,  25,    1,  -74 },   // 0x66 'f'
  { 19396,  32,  66,  40,    4,  -47 },   // 0x67 'g'
  { 19660,  32,  75,  40,    4,  -74 },   // 0x68 'h'
  { 19960,  11,  67,  19,    4,  -66 },   // 0x69 'i'
  { 20053,  18,  85,  19,   -3,  -66 },   // 0x6A 'j'
  { 20245,  32,  75,  36,    4,  -74 },   // 0x6B 'k'
  { 20545,  11,  75,  19,    4,  -74 },   // 0x6C 'l'
  { 20649,  53,  48,  61,    4,  -47 },   // 0x6D 'm'
  { 20967,  32,  48,  40,    4,  -47 },   // 0x6E 'n'
  { 21159,  32,  48,  40,    4,  -47 },   // 0x6F 'o'
  { 21351,  32,  66,  40,    4,  -47 },   // 0x70 'p'
  { 21615,  32,  66,  40,    4,  -47 },   // 0x71 'q'
  { 21879,  31,  48,  37,    4,  -47 },   // 0x72 'r'
  { 22065,  32,  48,  40,    4,  -47 },   // 0x73 's'
  { 22257,  23,  61,  27,    2,  -60 },   // 0x74 't'
  { 22433,  32,  48,  40,    4,  -47 },   // 0x75 'u'
  { 22625,  33,  48,  33,    0,  -47 },   // 0x76 'v'
  { 22823,  54,  48,  54,    0,  -47 },   // 0x77 'w'
  { 23147,  36,  48,  36,    0,  -47 },   // 0x78 'x'
  { 23363,  33,  66,  33,    0,  -47 },   // 0x79 'y'
  { 23636,  29,  48,  34,    2,  -47 },   // 0x7A 'z'
  { 23810,  30,  87,  36,    3,  -74 },   // 0x7B '{'
  { 24137,  11,  92,  21,    5,  -74 },   // 0x7C '|'
  { 24264,  30,  87,  36,    3,  -74 },   // 0x7D '}'
  { 24591,  37,  17,  50,    6,  -37 } }; // 0x7E '~'

const GFXfont AGENCYB50pt7b PROGMEM = {
  (uint8_t  *)AGENCYB50pt7bBitmaps,
  (GFXglyph *)AGENCYB50pt7bGlyphs,
  0x20, 0x7E, 117 };

// Approx. 25342 bytes
