const uint8_t AGENCYB40pt7bBitmaps[] PROGMEM = {
  0x00, 0xFF, 0xFF, 0xFF, 0xFF, 0xFF, 0xFF, 0xFF, 0xFF, 0xFF, 0xFF, 0xFF,
  0xFF, 0xFF, 0xFF, 0xFF, 0xFF, 0xFF, 0xFF, 0xFF, 0xFF, 0xFF, 0xFF, 0xFF,
  0xFF, 0xFF, 0xFF, 0xFF, 0xFF, 0xFF, 0xFF, 0xFF, 0xFF, 0xFB, 0xFD, 0xFE,
  0xFF, 0x7F, 0xBF, 0x9F, 0xCF, 0xE7, 0xF3, 0xF9, 0xFC, 0xFE, 0x7F, 0x3F,
  0x9F, 0xCF, 0xE7, 0xF3, 0xF8, 0x00, 0x00, 0x00, 0x00, 0x00, 0x1F, 0xFF,
  0xFF, 0xFF, 0xFF, 0xFF, 0xFF, 0xFF, 0xFF, 0xFF, 0xF0, 0xFF, 0x87, 0xFF,
  0xFE, 0x1F, 0xFF, 0xF8, 0x7F, 0xFF, 0xE1, 0xFF, 0xFF, 0x87, 0xFD, 0xFE,
  0x1F, 0xF7, 0xF0, 0x3F, 0x9F, 0xC0, 0xFE, 0x7F, 0x03, 0xF9, 0xFC, 0x0F,
  0xE7, 0xF0, 0x3F, 0x9F, 0xC0, 0xFE, 0x7F, 0x03, 0xF9, 0xFC, 0x0F, 0xE7,
  0xF0, 0x3F, 0x9F, 0xC0, 0xFE, 0x3E, 0x03, 0xF8, 0xF8, 0x07, 0xC3, 0xE0,
  0x1F, 0x00, 0x00, 0x07, 0xF8, 0x1F, 0xE0, 0x00, 0x0F, 0xF0, 0x3F, 0xC0,
  0x00, 0x1F, 0xE0, 0x7F, 0x80, 0x00, 0x7F, 0x81, 0xFE, 0x00, 0x00, 0xFF,
  0x03, 0xFC, 0x00, 0x01, 0xFE, 0x07, 0xF8, 0x00, 0x03, 0xFC, 0x0F, 0xF0,
  0x00, 0x07, 0xF8, 0x1F, 0xE0, 0x00, 0x0F, 0xF0, 0x3F, 0xC0, 0x00, 0x3F,
  0xC0, 0xFF, 0x00, 0x00, 0x7F, 0x81, 0xFE, 0x00, 0x00, 0xFF, 0x03, 0xFC,
  0x00, 0x01, 0xFE, 0x07, 0xF8, 0x00, 0x03, 0xFC, 0x0F, 0xF0, 0x00, 0x07,
  0xF8, 0x1F, 0xE0, 0x0F, 0xFF, 0xFF, 0xFF, 0xFF, 0x1F, 0xFF, 0xFF, 0xFF,
  0xFE, 0x3F, 0xFF, 0xFF, 0xFF, 0xFC, 0x7F, 0xFF, 0xFF, 0xFF, 0xF8, 0xFF,
  0xFF, 0xFF, 0xFF, 0xF1, 0xFF, 0xFF, 0xFF, 0xFF, 0xE3, 0xFF, 0xFF, 0xFF,
  0xFF, 0xC0, 0x1F, 0xE0, 0x7F, 0x80, 0x00, 0x3F, 0xC0, 0xFF, 0x00, 0x00,
  0x7F, 0x81, 0xFE, 0x00, 0x00, 0xFF, 0x03, 0xFC, 0x00, 0x01, 0xFE, 0x07,
  0xF8, 0x00, 0x07, 0xF8, 0x1F, 0xE0, 0x00, 0x0F, 0xF0, 0x3F, 0xC0, 0x00,
  0x1F, 0xE0, 0x7F, 0x80, 0x00, 0x3F, 0xC0, 0xFF, 0x00, 0x00, 0x7F, 0x81,
  0xFE, 0x00, 0x00, 0xFF, 0x03, 0xFC, 0x00, 0x03, 0xFC, 0x0F, 0xF0, 0x00,
  0x07, 0xF8, 0x1F, 0xE0, 0x00, 0x0F, 0xF0, 0x3F, 0xC0, 0x00, 0x1F, 0xE0,
  0x7F, 0x80, 0x00, 0x3F, 0xC0, 0xFF, 0x00, 0x3F, 0xFF, 0xFF, 0xFF, 0xFC,
  0x7F, 0xFF, 0xFF, 0xFF, 0xF8, 0xFF, 0xFF, 0xFF, 0xFF, 0xF1, 0xFF, 0xFF,
  0xFF, 0xFF, 0xE3, 0xFF, 0xFF, 0xFF, 0xFF, 0xC7, 0xFF, 0xFF, 0xFF, 0xFF,
  0x8F, 0xFF, 0xFF, 0xFF, 0xFF, 0x00, 0xFF, 0x03, 0xFC, 0x00, 0x01, 0xFE,
  0x07, 0xF8, 0x00, 0x03, 0xFC, 0x0F, 0xF0, 0x00, 0x07, 0xF8, 0x1F, 0xE0,
  0x00, 0x0F, 0xF0, 0x3F, 0xC0, 0x00, 0x1F, 0xE0, 0x7F, 0x80, 0x00, 0x7F,
  0x81, 0xFE, 0x00, 0x00, 0xFF, 0x03, 0xFC, 0x00, 0x01, 0xFE, 0x07, 0xF8,
  0x00, 0x03, 0xFC, 0x0F, 0xF0, 0x00, 0x07, 0xF8, 0x1F, 0xE0, 0x00, 0x0F,
  0xF0, 0x3F, 0xC0, 0x00, 0x3F, 0xC0, 0xFF, 0x00, 0x00, 0x7F, 0x81, 0xFE,
  0x00, 0x00, 0xFF, 0x03, 0xFC, 0x00, 0x00, 0x00, 0x7F, 0xE0, 0x00, 0x07,
  0xFE, 0x00, 0x00, 0x7F, 0xE0, 0x00, 0x07, 0xFE, 0x00, 0x00, 0x7F, 0xE0,
  0x03, 0xFF, 0xFF, 0xFC, 0x7F, 0xFF, 0xFF, 0xEF, 0xFF, 0xFF, 0xFF, 0xFF,
  0xFF, 0xFF, 0xFF, 0xFF, 0xFF, 0xFF, 0xFF, 0xFF, 0xFF, 0xFF, 0xFF, 0xFF,
  0xFF, 0xFF, 0xFF, 0xFF, 0xFF, 0xF8, 0x01, 0xFF, 0xFF, 0x80, 0x1F, 0xFF,
  0xF8, 0x01, 0xFF, 0xFF, 0x80, 0x1F, 0xFF, 0xF8, 0x01, 0xFF, 0xFF, 0x80,
  0x1F, 0xFF, 0xF8, 0x01, 0xFF, 0xFF, 0x80, 0x1F, 0xFF, 0xF8, 0x01, 0xFF,
  0xFF, 0x80, 0x1F, 0xFF, 0xF8, 0x00, 0x00, 0xFF, 0xC0, 0x00, 0x0F, 0xFE,
  0x00, 0x00, 0x7F, 0xF0, 0x00, 0x03, 0xFF, 0x80, 0x00, 0x3F, 0xFC, 0x00,
  0x01, 0xFF, 0xE0, 0x00, 0x0F, 0xFF, 0x00, 0x00, 0x7F, 0xF8, 0x00, 0x03,
  0xFF, 0xC0, 0x00, 0x1F, 0xFE, 0x00, 0x00, 0xFF, 0xF0, 0x00, 0x07, 0xFF,
  0x80, 0x00, 0x3F, 0xFC, 0x00, 0x01, 0xFF, 0xE0, 0x00, 0x0F, 0xFF, 0x00,
  0x00, 0x7F, 0xF8, 0x00, 0x03, 0xFF, 0xC0, 0x00, 0x1F, 0xFE, 0x00, 0x00,
  0xFF, 0xE0, 0x00, 0x07, 0xFF, 0x00, 0x00, 0x3F, 0xFF, 0xF8, 0x01, 0xFF,
  0xFF, 0x80, 0x1F, 0xFF, 0xF8, 0x01, 0xFF, 0xFF, 0x80, 0x1F, 0xFF, 0xF8,
  0x01, 0xFF, 0xFF, 0x80, 0x1F, 0xFF, 0xF8, 0x01, 0xFF, 0xFF, 0x80, 0x1F,
  0xFF, 0xF8, 0x01, 0xFF, 0xFF, 0x80, 0x1F, 0xFF, 0xF8, 0x01, 0xFF, 0xFF,
  0xFF, 0xFF, 0xFF, 0xFF, 0xFF, 0xFF, 0xFF, 0xFF, 0xFF, 0xFF, 0xFF, 0xFF,
  0xFF, 0xFF, 0xFF, 0xFF, 0xFF, 0xFF, 0xFF, 0xFF, 0x7F, 0xFF, 0xFF, 0xE3,
  0xFF, 0xFF, 0xFC, 0x00, 0x7F, 0xE0, 0x00, 0x07, 0xFE, 0x00, 0x00, 0x7F,
  0xE0, 0x00, 0x07, 0xFE, 0x00, 0x00, 0x7F, 0xE0, 0x00, 0x3F, 0xFF, 0x80,
  0x00, 0x07, 0xC0, 0xFF, 0xFF, 0x80, 0x00, 0x1F, 0x83, 0xFF, 0xFF, 0x80,
  0x00, 0x3E, 0x07, 0xFF, 0xFF, 0x00, 0x00, 0xFC, 0x0F, 0xFF, 0xFE, 0x00,
  0x01, 0xF0, 0x1F, 0x80, 0xFC, 0x00, 0x07, 0xE0, 0x3F, 0x01, 0xF8, 0x00,
  0x1F, 0x80, 0x7E, 0x03, 0xF0, 0x00, 0x3F, 0x00, 0xFC, 0x07, 0xE0, 0x00,
  0xFC, 0x01, 0xF8, 0x0F, 0xC0, 0x01, 0xF0, 0x03, 0xF0, 0x1F, 0x80, 0x07,
  0xE0, 0x07, 0xE0, 0x3F, 0x00, 0x0F, 0x80, 0x0F, 0xC0, 0x7E, 0x00, 0x3F,
  0x00, 0x1F, 0x80, 0xFC, 0x00, 0x7C, 0x00, 0x3F, 0x01, 0xF8, 0x01, 0xF8,
  0x00, 0x7E, 0x03, 0xF0, 0x03, 0xE0, 0x00, 0xFC, 0x07, 0xE0, 0x0F, 0xC0,
  0x01, 0xF8, 0x0F, 0xC0, 0x3F, 0x00, 0x03, 0xF0, 0x1F, 0x80, 0x7E, 0x00,
  0x07, 0xE0, 0x3F, 0x01, 0xF8, 0x00, 0x0F, 0xC0, 0x7E, 0x03, 0xE0, 0x00,
  0x1F, 0x80, 0xFC, 0x0F, 0xC0, 0x00, 0x3F, 0x01, 0xF8, 0x1F, 0x00, 0x00,
  0x7E, 0x03, 0xF0, 0x7E, 0x00, 0x00, 0xFC, 0x07, 0xE0, 0xF8, 0x00, 0x01,
  0xFF, 0xFF, 0xC3, 0xF0, 0x00, 0x03, 0xFF, 0xFF, 0x87, 0xC0, 0x00, 0x07,
  0xFF, 0xFF, 0x1F, 0x80, 0x00, 0x07, 0xFF, 0xFC, 0x3E, 0x00, 0x00, 0x07,
  0xFF, 0xF0, 0xFC, 0x00, 0x00, 0x00, 0x00, 0x03, 0xF0, 0xFF, 0xFE, 0x00,
  0x00, 0x07, 0xE3, 0xFF, 0xFE, 0x00, 0x00, 0x1F, 0x8F, 0xFF, 0xFE, 0x00,
  0x00, 0x3E, 0x1F, 0xFF, 0xFC, 0x00, 0x00, 0xFC, 0x3F, 0xFF, 0xF8, 0x00,
  0x01, 0xF0, 0x7E, 0x03, 0xF0, 0x00, 0x07, 0xE0, 0xFC, 0x07, 0xE0, 0x00,
  0x0F, 0x81, 0xF8, 0x0F, 0xC0, 0x00, 0x3F, 0x03, 0xF0, 0x1F, 0x80, 0x00,
  0x7C, 0x07, 0xE0, 0x3F, 0x00, 0x01, 0xF8, 0x0F, 0xC0, 0x7E, 0x00, 0x07,
  0xE0, 0x1F, 0x80, 0xFC, 0x00, 0x0F, 0xC0, 0x3F, 0x01, 0xF8, 0x00, 0x3F,
  0x00, 0x7E, 0x03, 0xF0, 0x00, 0x7C, 0x00, 0xFC, 0x07, 0xE0, 0x01, 0xF8,
  0x01, 0xF8, 0x0F, 0xC0, 0x03, 0xE0, 0x03, 0xF0, 0x1F, 0x80, 0x0F, 0xC0,
  0x07, 0xE0, 0x3F, 0x00, 0x1F, 0x00, 0x0F, 0xC0, 0x7E, 0x00, 0x7E, 0x00,
  0x1F, 0x80, 0xFC, 0x00, 0xF8, 0x00, 0x3F, 0x01, 0xF8, 0x03, 0xF0, 0x00,
  0x7E, 0x03, 0xF0, 0x0F, 0xC0, 0x00, 0xFC, 0x07, 0xE0, 0x1F, 0x80, 0x01,
  0xF8, 0x0F, 0xC0, 0x7E, 0x00, 0x03, 0xF0, 0x1F, 0x80, 0xF8, 0x00, 0x07,
  0xFF, 0xFF, 0x03, 0xF0, 0x00, 0x0F, 0xFF, 0xFE, 0x07, 0xC0, 0x00, 0x1F,
  0xFF, 0xFC, 0x1F, 0x80, 0x00, 0x1F, 0xFF, 0xF0, 0x3E, 0x00, 0x00, 0x1F,
  0xFF, 0xC0, 0x1F, 0xFF, 0xFF, 0xF0, 0x1F, 0xFF, 0xFF, 0xFE, 0x07, 0xFF,
  0xFF, 0xFF, 0xC3, 0xFF, 0xFF, 0xFF, 0xF0, 0xFF, 0xFF, 0xFF, 0xFC, 0x3F,
  0xFF, 0xFF, 0xFF, 0x0F, 0xFF, 0xFF, 0xFF, 0xC3, 0xFF, 0xFF, 0xFF, 0xF0,
  0xFF, 0x80, 0x07, 0xFC, 0x3F, 0xE0, 0x01, 0xFF, 0x0F, 0xF8, 0x00, 0x7F,
  0xC3, 0xFE, 0x00, 0x1F, 0xF0, 0xFF, 0x80, 0x07, 0xFC, 0x3F, 0xE0, 0x01,
  0xFF, 0x0F, 0xF8, 0x00, 0x7F, 0xC3, 0xFE, 0x00, 0x1F, 0xF0, 0xFF, 0x80,
  0x07, 0xFC, 0x3F, 0xE0, 0x01, 0xFF, 0x0F, 0xF8, 0x00, 0x7F, 0xC3, 0xFE,
  0x00, 0x00, 0x00, 0xFF, 0x80, 0x00, 0x00, 0x3F, 0xE0, 0x00, 0x00, 0x0F,
  0xFC, 0x00, 0x00, 0x03, 0xFF, 0x80, 0x00, 0x00, 0x7F, 0xF8, 0x00, 0x00,
  0x0F, 0xFF, 0xFF, 0xFF, 0xF1, 0xFF, 0xFF, 0xFF, 0xFC, 0x3F, 0xFF, 0xFF,
  0xFF, 0x07, 0xFF, 0xFF, 0xFF, 0xC1, 0xFF, 0xFF, 0xFF, 0xF0, 0xFF, 0xFF,
  0xFF, 0xFC, 0x7F, 0xFF, 0xFF, 0xFF, 0x7F, 0xFF, 0xFF, 0xFF, 0xDF, 0xFE,
  0x01, 0xFF, 0x0F, 0xFE, 0x00, 0x7F, 0xC3, 0xFE, 0x00, 0x1F, 0xF0, 0xFF,
  0x80, 0x07, 0xFC, 0x3F, 0xE0, 0x01, 0xFF, 0x0F, 0xF8, 0x00, 0x7F, 0xC3,
  0xFE, 0x00, 0x1F, 0xF0, 0xFF, 0x80, 0x07, 0xFC, 0x3F, 0xE0, 0x01, 0xFF,
  0x0F, 0xF8, 0x00, 0x7F, 0xC3, 0xFE, 0x00, 0x1F, 0xF0, 0xFF, 0x80, 0x07,
  0xFC, 0x3F, 0xE0, 0x01, 0xFF, 0x0F, 0xF8, 0x00, 0x7F, 0xC3, 0xFE, 0x00,
  0x1F, 0xF0, 0xFF, 0x80, 0x07, 0xFC, 0x3F, 0xE0, 0x01, 0xFF, 0x0F, 0xF8,
  0x00, 0x7F, 0xC3, 0xFE, 0x00, 0x1F, 0xF0, 0xFF, 0xFF, 0xFF, 0xFC, 0x3F,
  0xFF, 0xFF, 0xFF, 0x0F, 0xFF, 0xFF, 0xFF, 0xC3, 0xFF, 0xFF, 0xFF, 0xF0,
  0xFF, 0xFF, 0xFF, 0xFC, 0x3F, 0xFF, 0xFF, 0xFF, 0x07, 0xFF, 0xFF, 0xFF,
  0xC0, 0xFF, 0xFF, 0xFF, 0xF0, 0xFF, 0xFF, 0xFF, 0xFF, 0xFF, 0xFB, 0xFD,
  0xFC, 0xFE, 0x7F, 0x3F, 0x9F, 0xCF, 0xE7, 0xF3, 0xF9, 0xFC, 0xFE, 0x3E,
  0x1F, 0x0F, 0x80, 0x00, 0x7F, 0xC0, 0x3F, 0xE0, 0x0F, 0xF8, 0x07, 0xFC,
  0x01, 0xFF, 0x00, 0xFF, 0x80, 0x3F, 0xE0, 0x1F, 0xF0, 0x07, 0xFC, 0x03,
  0xFF, 0x00, 0xFF, 0x80, 0x3F, 0xE0, 0x1F, 0xF8, 0x07, 0xFC, 0x01, 0xFF,
  0x00, 0xFF, 0xC0, 0x3F, 0xE0, 0x0F, 0xF8, 0x03, 0xFE, 0x01, 0xFF, 0x80,
  0x7F, 0xC0, 0x1F, 0xF0, 0x07, 0xFC, 0x01, 0xFF, 0x00, 0x7F, 0xC0, 0x3F,
  0xF0, 0x0F, 0xF8, 0x03, 0xFE, 0x00, 0xFF, 0x80, 0x3F, 0xE0, 0x0F, 0xF8,
  0x03, 0xFE, 0x00, 0xFF, 0x80, 0x3F, 0xE0, 0x0F, 0xF8, 0x03, 0xFE, 0x00,
  0xFF, 0x80, 0x3F, 0xE0, 0x0F, 0xF8, 0x03, 0xFE, 0x00, 0xFF, 0x80, 0x3F,
  0xE0, 0x0F, 0xFC, 0x01, 0xFF, 0x00, 0x7F, 0xC0, 0x1F, 0xF0, 0x07, 0xFC,
  0x01, 0xFF, 0x00, 0x7F, 0xE0, 0x0F, 0xF8, 0x03, 0xFE, 0x00, 0xFF, 0x80,
  0x3F, 0xF0, 0x07, 0xFC, 0x01, 0xFF, 0x00, 0x7F, 0xE0, 0x0F, 0xF8, 0x03,
  0xFE, 0x00, 0xFF, 0xC0, 0x1F, 0xF0, 0x07, 0xFC, 0x00, 0xFF, 0x80, 0x3F,
  0xE0, 0x07, 0xFC, 0x01, 0xFF, 0x00, 0x3F, 0xE0, 0x0F, 0xF8, 0x01, 0xFF,
  0xFF, 0x80, 0x0F, 0xF8, 0x01, 0xFF, 0x80, 0x1F, 0xF0, 0x03, 0xFF, 0x00,
  0x3F, 0xE0, 0x07, 0xFE, 0x00, 0x7F, 0xC0, 0x0F, 0xFC, 0x00, 0xFF, 0x80,
  0x1F, 0xF0, 0x01, 0xFF, 0x00, 0x3F, 0xE0, 0x07, 0xFE, 0x00, 0x7F, 0xC0,
  0x0F, 0xF8, 0x01, 0xFF, 0x80, 0x1F, 0xF0, 0x03, 0xFE, 0x00, 0x7F, 0xC0,
  0x0F, 0xFC, 0x00, 0xFF, 0x80, 0x1F, 0xF0, 0x03, 0xFE, 0x00, 0x7F, 0xC0,
  0x0F, 0xF8, 0x00, 0xFF, 0x80, 0x1F, 0xF0, 0x03, 0xFE, 0x00, 0x7F, 0xC0,
  0x0F, 0xF8, 0x01, 0xFF, 0x00, 0x3F, 0xE0, 0x07, 0xFC, 0x00, 0xFF, 0x80,
  0x1F, 0xF0, 0x03, 0xFE, 0x00, 0x7F, 0xC0, 0x0F, 0xF8, 0x01, 0xFF, 0x00,
  0x3F, 0xE0, 0x07, 0xFC, 0x01, 0xFF, 0x00, 0x3F, 0xE0, 0x07, 0xFC, 0x00,
  0xFF, 0x80, 0x1F, 0xF0, 0x07, 0xFE, 0x00, 0xFF, 0x80, 0x1F, 0xF0, 0x03,
  0xFE, 0x00, 0xFF, 0xC0, 0x1F, 0xF0, 0x03, 0xFE, 0x00, 0xFF, 0xC0, 0x1F,
  0xF0, 0x03, 0xFE, 0x00, 0xFF, 0x80, 0x1F, 0xF0, 0x07, 0xFE, 0x00, 0xFF,
  0x80, 0x3F, 0xF0, 0x07, 0xFC, 0x01, 0xFF, 0x80, 0x3F, 0xE0, 0x0F, 0xF8,
  0x01, 0xFF, 0x00, 0x7F, 0xC0, 0x00, 0x00, 0x1F, 0xF0, 0x00, 0x00, 0x1F,
  0xF0, 0x00, 0x00, 0x1F, 0xF0, 0x00, 0x00, 0x1F, 0xF0, 0x00, 0x08, 0x1F,
  0xF0, 0x10, 0x1C, 0x1F, 0xF0, 0x78, 0x1F, 0x0F, 0xF0, 0xF8, 0x3F, 0x8F,
  0xE3, 0xFC, 0x7F, 0xCF, 0xE7, 0xFE, 0x7F, 0xFF, 0xFF, 0xFE, 0xFF, 0xFF,
  0xFF, 0xFF, 0x3F, 0xFF, 0xFF, 0xFC, 0x07, 0xFF, 0xFF, 0xE0, 0x01, 0xFF,
  0xFF, 0x80, 0x00, 0x7F, 0xFC, 0x00, 0x01, 0xFF, 0xFF, 0x00, 0x07, 0xFF,
  0xFF, 0xE0, 0x3F, 0xFF, 0xFF, 0xFC, 0xFF, 0xFF, 0xFF, 0xFF, 0x7F, 0xFF,
  0xEF, 0xFE, 0x7F, 0xCF, 0xE7, 0xFE, 0x3F, 0x8F, 0xE3, 0xFC, 0x1F, 0x0F,
  0xF0, 0xF8, 0x1C, 0x1F, 0xF0, 0x78, 0x08, 0x1F, 0xF0, 0x10, 0x00, 0x1F,
  0xF0, 0x00, 0x00, 0x1F, 0xF0, 0x00, 0x00, 0x1F, 0xF0, 0x00, 0x00, 0x1F,
  0xF0, 0x00, 0x00, 0x0F, 0xF8, 0x00, 0x00, 0x07, 0xFC, 0x00, 0x00, 0x03,
  0xFE, 0x00, 0x00, 0x01, 0xFF, 0x00, 0x00, 0x00, 0xFF, 0x80, 0x00, 0x00,
  0x7F, 0xC0, 0x00, 0x00, 0x3F, 0xE0, 0x00, 0x00, 0x1F, 0xF0, 0x00, 0x00,
  0x0F, 0xF8, 0x00, 0x00, 0x07, 0xFC, 0x00, 0x00, 0x03, 0xFE, 0x00, 0x1F,
  0xFF, 0xFF, 0xFF, 0xFF, 0xFF, 0xFF, 0xFF, 0xFF, 0xFF, 0xFF, 0xFF, 0xFF,
  0xFF, 0xFF, 0xFF, 0xFF, 0xFF, 0xFF, 0xFF, 0xFF, 0xFF, 0xFF, 0xFF, 0xFF,
  0xFF, 0xFF, 0xFF, 0xFF, 0xFF, 0xFF, 0xFF, 0xFF, 0xE0, 0x01, 0xFF, 0x00,
  0x00, 0x00, 0xFF, 0x80, 0x00, 0x00, 0x7F, 0xC0, 0x00, 0x00, 0x3F, 0xE0,
  0x00, 0x00, 0x1F, 0xF0, 0x00, 0x00, 0x0F, 0xF8, 0x00, 0x00, 0x07, 0xFC,
  0x00, 0x00, 0x03, 0xFE, 0x00, 0x00, 0x01, 0xFF, 0x00, 0x00, 0x00, 0xFF,
  0x80, 0x00, 0x00, 0x7F, 0xC0, 0x00, 0x7F, 0xDF, 0xF7, 0xF9, 0xFE, 0x7F,
  0x9F, 0xE7, 0xF1, 0xFC, 0xFF, 0x3F, 0xCF, 0xE3, 0xF8, 0xFE, 0x3F, 0x8F,
  0xC3, 0xF0, 0xFF, 0xFF, 0xFF, 0xFF, 0xFF, 0xFF, 0xFF, 0xFF, 0xFF, 0xFF,
  0xFF, 0xFF, 0xFF, 0xFF, 0xFF, 0xFF, 0xFF, 0xFF, 0xFF, 0xFF, 0xFF, 0xFF,
  0xFF, 0xFF, 0xFF, 0xFF, 0xFF, 0xFF, 0xFF, 0xC0, 0x00, 0x00, 0x01, 0xFF,
  0x00, 0x00, 0x03, 0xFF, 0x00, 0x00, 0x03, 0xFE, 0x00, 0x00, 0x03, 0xFE,
  0x00, 0x00, 0x07, 0xFC, 0x00, 0x00, 0x07, 0xFC, 0x00, 0x00, 0x0F, 0xFC,
  0x00, 0x00, 0x0F, 0xF8, 0x00, 0x00, 0x0F, 0xF8, 0x00, 0x00, 0x1F, 0xF8,
  0x00, 0x00, 0x1F, 0xF0, 0x00, 0x00, 0x1F, 0xF0, 0x00, 0x00, 0x3F, 0xE0,
  0x00, 0x00, 0x3F, 0xE0, 0x00, 0x00, 0x7F, 0xE0, 0x00, 0x00, 0x7F, 0xC0,
  0x00, 0x00, 0x7F, 0xC0, 0x00, 0x00, 0xFF, 0x80, 0x00, 0x00, 0xFF, 0x80,
  0x00, 0x01, 0xFF, 0x80, 0x00, 0x01, 0xFF, 0x00, 0x00, 0x01, 0xFF, 0x00,
  0x00, 0x03, 0xFF, 0x00, 0x00, 0x03, 0xFE, 0x00, 0x00, 0x03, 0xFE, 0x00,
  0x00, 0x07, 0xFC, 0x00, 0x00, 0x07, 0xFC, 0x00, 0x00, 0x0F, 0xFC, 0x00,
  0x00, 0x0F, 0xF8, 0x00, 0x00, 0x0F, 0xF8, 0x00, 0x00, 0x1F, 0xF0, 0x00,
  0x00, 0x1F, 0xF0, 0x00, 0x00, 0x3F, 0xF0, 0x00, 0x00, 0x3F, 0xE0, 0x00,
  0x00, 0x3F, 0xE0, 0x00, 0x00, 0x7F, 0xC0, 0x00, 0x00, 0x7F, 0xC0, 0x00,
  0x00, 0xFF, 0xC0, 0x00, 0x00, 0xFF, 0x80, 0x00, 0x00, 0xFF, 0x80, 0x00,
  0x01, 0xFF, 0x80, 0x00, 0x01, 0xFF, 0x00, 0x00, 0x01, 0xFF, 0x00, 0x00,
  0x03, 0xFE, 0x00, 0x00, 0x03, 0xFE, 0x00, 0x00, 0x07, 0xFE, 0x00, 0x00,
  0x07, 0xFC, 0x00, 0x00, 0x07, 0xFC, 0x00, 0x00, 0x0F, 0xF8, 0x00, 0x00,
  0x0F, 0xF8, 0x00, 0x00, 0x1F, 0xF8, 0x00, 0x00, 0x1F, 0xF0, 0x00, 0x00,
  0x1F, 0xF0, 0x00, 0x00, 0x3F, 0xF0, 0x00, 0x00, 0x3F, 0xE0, 0x00, 0x00,
  0x3F, 0xE0, 0x00, 0x00, 0x7F, 0xC0, 0x00, 0x00, 0x7F, 0xC0, 0x00, 0x00,
  0xFF, 0xC0, 0x00, 0x00, 0xFF, 0x80, 0x00, 0x00, 0x1F, 0xFF, 0xFF, 0xE3,
  0xFF, 0xFF, 0xFF, 0xBF, 0xFF, 0xFF, 0xFF, 0xFF, 0xFF, 0xFF, 0xFF, 0xFF,
  0xFF, 0xFF, 0xFF, 0xFF, 0xFF, 0xFF, 0xFF, 0xFF, 0xFF, 0xFF, 0xFF, 0xFF,
  0xFF, 0xFF, 0x80, 0x0F, 0xFF, 0xFC, 0x00, 0x7F, 0xFF, 0xE0, 0x03, 0xFF,
  0xFF, 0x00, 0x1F, 0xFF, 0xF8, 0x00, 0xFF, 0xFF, 0xC0, 0x07, 0xFF, 0xFE,
  0x00, 0x3F, 0xFF, 0xF0, 0x01, 0xFF, 0xFF, 0x80, 0x0F, 0xFF, 0xFC, 0x00,
  0x7F, 0xFF, 0xE0, 0x03, 0xFF, 0xFF, 0x00, 0x1F, 0xFF, 0xF8, 0x00, 0xFF,
  0xFF, 0xC0, 0x07, 0xFF, 0xFE, 0x00, 0x3F, 0xFF, 0xF0, 0x01, 0xFF, 0xFF,
  0x80, 0x0F, 0xFF, 0xFC, 0x00, 0x7F, 0xFF, 0xE0, 0x03, 0xFF, 0xFF, 0x00,
  0x1F, 0xFF, 0xF8, 0x00, 0xFF, 0xFF, 0xC0, 0x07, 0xFF, 0xFE, 0x00, 0x3F,
  0xFF, 0xF0, 0x01, 0xFF, 0xFF, 0x80, 0x0F, 0xFF, 0xFC, 0x00, 0x7F, 0xFF,
  0xE0, 0x03, 0xFF, 0xFF, 0x00, 0x1F, 0xFF, 0xF8, 0x00, 0xFF, 0xFF, 0xC0,
  0x07, 0xFF, 0xFE, 0x00, 0x3F, 0xFF, 0xF0, 0x01, 0xFF, 0xFF, 0x80, 0x0F,
  0xFF, 0xFC, 0x00, 0x7F, 0xFF, 0xE0, 0x03, 0xFF, 0xFF, 0x00, 0x1F, 0xFF,
  0xF8, 0x00, 0xFF, 0xFF, 0xC0, 0x07, 0xFF, 0xFE, 0x00, 0x3F, 0xFF, 0xF0,
  0x01, 0xFF, 0xFF, 0x80, 0x0F, 0xFF, 0xFC, 0x00, 0x7F, 0xFF, 0xE0, 0x03,
  0xFF, 0xFF, 0x00, 0x1F, 0xFF, 0xFF, 0xFF, 0xFF, 0xFF, 0xFF, 0xFF, 0xFF,
  0xFF, 0xFF, 0xFF, 0xFF, 0xFF, 0xFF, 0xFF, 0xFF, 0xFF, 0xFF, 0xFF, 0xFF,
  0xFF, 0xFF, 0x9F, 0xFF, 0xFF, 0xFC, 0x7F, 0xFF, 0xFF, 0x80, 0x0F, 0xF0,
  0xFF, 0x0F, 0xF1, 0xFF, 0x1F, 0xF1, 0xFF, 0x3F, 0xF3, 0xFF, 0x3F, 0xF3,
  0xFF, 0x7F, 0xF7, 0xFF, 0x7F, 0xF7, 0xFF, 0xFF, 0xFF, 0xFF, 0xFF, 0xF1,
  0xFF, 0x1F, 0xF1, 0xFF, 0x1F, 0xF1, 0xFF, 0x1F, 0xF1, 0xFF, 0x1F, 0xF1,
  0xFF, 0x1F, 0xF1, 0xFF, 0x1F, 0xF1, 0xFF, 0x1F, 0xF1, 0xFF, 0x1F, 0xF1,
  0xFF, 0x1F, 0xF1, 0xFF, 0x1F, 0xF1, 0xFF, 0x1F, 0xF1, 0xFF, 0x1F, 0xF1,
  0xFF, 0x1F, 0xF1, 0xFF, 0x1F, 0xF1, 0xFF, 0x1F, 0xF1, 0xFF, 0x1F, 0xF1,
  0xFF, 0x1F, 0xF1, 0xFF, 0x1F, 0xF1, 0xFF, 0x1F, 0xF1, 0xFF, 0x1F, 0xF1,
  0xFF, 0x1F, 0xF1, 0xFF, 0x1F, 0xFF, 0xFF, 0xF8, 0x7F, 0xFF, 0xFF, 0xF9,
  0xFF, 0xFF, 0xFF, 0xFB, 0xFF, 0xFF, 0xFF, 0xF7, 0xFF, 0xFF, 0xFF, 0xEF,
  0xFF, 0xFF, 0xFF, 0xDF, 0xFF, 0xFF, 0xFF, 0xBF, 0xFF, 0xFF, 0xFF, 0x7F,
  0xC0, 0x03, 0xFE, 0xFF, 0x80, 0x07, 0xFD, 0xFF, 0x00, 0x0F, 0xFB, 0xFE,
  0x00, 0x1F, 0xF7, 0xFC, 0x00, 0x3F, 0xEF, 0xF8, 0x00, 0x7F, 0xDF, 0xF0,
  0x00, 0xFF, 0xBF, 0xE0, 0x01, 0xFF, 0x7F, 0xC0, 0x03, 0xFE, 0xFF, 0x80,
  0x07, 0xFD, 0xFF, 0x00, 0x0F, 0xF8, 0x00, 0x00, 0x1F, 0xF0, 0x00, 0x00,
  0x7F, 0xC0, 0x00, 0x01, 0xFF, 0x80, 0x00, 0x03, 0xFE, 0x00, 0x00, 0x0F,
  0xFC, 0x00, 0x00, 0x1F, 0xF0, 0x00, 0x00, 0x7F, 0xE0, 0x00, 0x01, 0xFF,
  0x80, 0x00, 0x03, 0xFE, 0x00, 0x00, 0x0F, 0xFC, 0x00, 0x00, 0x3F, 0xF0,
  0x00, 0x00, 0x7F, 0xC0, 0x00, 0x01, 0xFF, 0x80, 0x00, 0x03, 0xFE, 0x00,
  0x00, 0x0F, 0xF8, 0x00, 0x00, 0x3F, 0xF0, 0x00, 0x00, 0x7F, 0xC0, 0x00,
  0x01, 0xFF, 0x80, 0x00, 0x03, 0xFE, 0x00, 0x00, 0x0F, 0xF8, 0x00, 0x00,
  0x3F, 0xF0, 0x00, 0x00, 0x7F, 0xC0, 0x00, 0x01, 0xFF, 0x00, 0x00, 0x07,
  0xFE, 0x00, 0x00, 0x0F, 0xF8, 0x00, 0x00, 0x3F, 0xE0, 0x00, 0x00, 0x7F,
  0xC0, 0x00, 0x01, 0xFF, 0x00, 0x00, 0x07, 0xFE, 0x00, 0x00, 0x0F, 0xF8,
  0x00, 0x00, 0x3F, 0xE0, 0x00, 0x00, 0xFF, 0xC0, 0x00, 0x01, 0xFF, 0x00,
  0x00, 0x07, 0xFF, 0xFF, 0xFF, 0xEF, 0xFF, 0xFF, 0xFF, 0xFF, 0xFF, 0xFF,
  0xFF, 0xFF, 0xFF, 0xFF, 0xFF, 0xFF, 0xFF, 0xFF, 0xFF, 0xFF, 0xFF, 0xFF,
  0xFF, 0xFF, 0xFF, 0xFF, 0xFF, 0xFF, 0xFF, 0xFF, 0xF0, 0x1F, 0xFF, 0xFF,
  0xF1, 0xFF, 0xFF, 0xFF, 0xEF, 0xFF, 0xFF, 0xFF, 0xFF, 0xFF, 0xFF, 0xFF,
  0xFF, 0xFF, 0xFF, 0xFF, 0xFF, 0xFF, 0xFF, 0xFF, 0xFF, 0xFF, 0xFF, 0xFF,
  0xFF, 0xFF, 0xFF, 0xFF, 0x80, 0x07, 0xFF, 0xFE, 0x00, 0x1F, 0xFF, 0xF8,
  0x00, 0x7F, 0xFF, 0xE0, 0x01, 0xFF, 0xFF, 0x80, 0x07, 0xFF, 0xFE, 0x00,
  0x1F, 0xFF, 0xF8, 0x00, 0x7F, 0xFF, 0xE0, 0x01, 0xFF, 0xFF, 0x80, 0x07,
  0xFF, 0xFE, 0x00, 0x1F, 0xFF, 0xF8, 0x00, 0x7F, 0xC0, 0x00, 0x01, 0xFF,
  0x00, 0x00, 0x07, 0xFC, 0x00, 0x00, 0x7F, 0xE0, 0x00, 0x03, 0xFF, 0x80,
  0x00, 0x3F, 0xFC, 0x00, 0x01, 0xFF, 0xE0, 0x00, 0x1F, 0xFF, 0x00, 0x00,
  0xFF, 0xF0, 0x00, 0x0F, 0xFF, 0x80, 0x00, 0x3F, 0xF8, 0x00, 0x00, 0xFF,
  0xF8, 0x00, 0x00, 0xFF, 0xF0, 0x00, 0x01, 0xFF, 0xF0, 0x00, 0x03, 0xFF,
  0xE0, 0x00, 0x03, 0xFF, 0xC0, 0x00, 0x07, 0xFF, 0x80, 0x00, 0x07, 0xFF,
  0x00, 0x00, 0x0F, 0xFC, 0x00, 0x00, 0x1F, 0xF0, 0x00, 0x00, 0x7F, 0xC0,
  0x00, 0x01, 0xFF, 0x00, 0x00, 0x07, 0xFF, 0xFE, 0x00, 0x1F, 0xFF, 0xF8,
  0x00, 0x7F, 0xFF, 0xE0, 0x01, 0xFF, 0xFF, 0x80, 0x07, 0xFF, 0xFE, 0x00,
  0x1F, 0xFF, 0xF8, 0x00, 0x7F, 0xFF, 0xE0, 0x01, 0xFF, 0xFF, 0x80, 0x07,
  0xFF, 0xFE, 0x00, 0x1F, 0xFF, 0xF8, 0x00, 0x7F, 0xFF, 0xE0, 0x01, 0xFF,
  0xFF, 0xFF, 0xFF, 0xFF, 0xFF, 0xFF, 0xFF, 0xFF, 0xFF, 0xFF, 0xFF, 0xFF,
  0xFF, 0xFF, 0xFF, 0xFF, 0xFF, 0xFF, 0xFF, 0xFF, 0xFF, 0xFF, 0xE7, 0xFF,
  0xFF, 0xFF, 0x8F, 0xFF, 0xFF, 0xF8, 0x00, 0x01, 0xFF, 0x00, 0x00, 0x00,
  0xFF, 0x80, 0x00, 0x00, 0x3F, 0xE0, 0x00, 0x00, 0x0F, 0xF8, 0x00, 0x00,
  0x07, 0xFC, 0x00, 0x00, 0x01, 0xFF, 0x00, 0x00, 0x00, 0x7F, 0xC0, 0x00,
  0x00, 0x3F, 0xE0, 0x00, 0x00, 0x0F, 0xF8, 0x00, 0x00, 0x03, 0xFE, 0x00,
  0x00, 0x01, 0xFF, 0x00, 0x00, 0x00, 0x7F, 0xC0, 0x00, 0x00, 0x1F, 0xF0,
  0x00, 0x00, 0x0F, 0xF8, 0x00, 0x00, 0x03, 0xFE, 0x00, 0x00, 0x00, 0xFF,
  0x80, 0x00, 0x00, 0x7F, 0xC0, 0x00, 0x00, 0x1F, 0xF0, 0x00, 0x00, 0x07,
  0xFC, 0x00, 0x00, 0x03, 0xFE, 0x00, 0x00, 0x00, 0xFF, 0x80, 0x00, 0x00,
  0x3F, 0xE0, 0x00, 0x00, 0x1F, 0xF0, 0x00, 0x00, 0x07, 0xFC, 0x3F, 0xE0,
  0x03, 0xFF, 0x0F, 0xF8, 0x00, 0xFF, 0x83, 0xFE, 0x00, 0x3F, 0xE0, 0xFF,
  0x80, 0x1F, 0xF8, 0x3F, 0xE0, 0x07, 0xFC, 0x0F, 0xF8, 0x01, 0xFF, 0x03,
  0xFE, 0x00, 0xFF, 0xC0, 0xFF, 0x80, 0x3F, 0xE0, 0x3F, 0xE0, 0x0F, 0xF8,
  0x0F, 0xF8, 0x07, 0xFE, 0x03, 0xFE, 0x01, 0xFF, 0x00, 0xFF, 0x80, 0x7F,
  0xC0, 0x3F, 0xE0, 0x3F, 0xE0, 0x0F, 0xF8, 0x0F, 0xF8, 0x03, 0xFE, 0x03,
  0xFE, 0x00, 0xFF, 0x81, 0xFF, 0x00, 0x3F, 0xE0, 0x7F, 0xC0, 0x0F, 0xF8,
  0x1F, 0xFF, 0xFF, 0xFF, 0xFF, 0xFF, 0xFF, 0xFF, 0xFF, 0xFF, 0xFF, 0xFF,
  0xFF, 0xFF, 0xFF, 0xFF, 0xFF, 0xFF, 0xFF, 0xFF, 0xFF, 0xFF, 0xFF, 0xFF,
  0xFF, 0xFF, 0xFF, 0xFF, 0xFF, 0xFF, 0xFF, 0xFF, 0xFF, 0xFF, 0xC0, 0x00,
  0x03, 0xFE, 0x00, 0x00, 0x00, 0xFF, 0x80, 0x00, 0x00, 0x3F, 0xE0, 0x00,
  0x00, 0x0F, 0xF8, 0x00, 0x00, 0x03, 0xFE, 0x00, 0x00, 0x00, 0xFF, 0x80,
  0x00, 0x00, 0x3F, 0xE0, 0x00, 0x00, 0x0F, 0xF8, 0x00, 0x00, 0x03, 0xFE,
  0x00, 0x00, 0x00, 0xFF, 0x80, 0x00, 0x00, 0x3F, 0xE0, 0xFF, 0xFF, 0xFF,
  0xFF, 0xFF, 0xFF, 0xFF, 0xFF, 0xFF, 0xFF, 0xFF, 0xFF, 0xFF, 0xFF, 0xFF,
  0xFF, 0xFF, 0xFF, 0xFF, 0xFF, 0xFF, 0xFF, 0xFF, 0xFF, 0xFF, 0xFF, 0xFF,
  0xFF, 0xFF, 0xFF, 0xFF, 0x80, 0x00, 0x03, 0xFE, 0x00, 0x00, 0x0F, 0xF8,
  0x00, 0x00, 0x3F, 0xE0, 0x00, 0x00, 0xFF, 0x80, 0x00, 0x03, 0xFE, 0x00,
  0x00, 0x0F, 0xF8, 0x00, 0x00, 0x3F, 0xE0, 0x00, 0x00, 0xFF, 0x80, 0x00,
  0x03, 0xFE, 0x00, 0x00, 0x0F, 0xF8, 0x00, 0x00, 0x3F, 0xE0, 0x00, 0x00,
  0xFF, 0x80, 0x00, 0x03, 0xFE, 0x00, 0x00, 0x0F, 0xFF, 0xFF, 0xFF, 0x3F,
  0xFF, 0xFF, 0xFE, 0xFF, 0xFF, 0xFF, 0xFF, 0xFF, 0xFF, 0xFF, 0xFF, 0xFF,
  0xFF, 0xFF, 0xFF, 0xFF, 0xFF, 0xFF, 0xFF, 0xFF, 0xFF, 0xFF, 0xFF, 0xFF,
  0xFF, 0xF0, 0x00, 0x00, 0x7F, 0xC0, 0x00, 0x01, 0xFF, 0x00, 0x00, 0x07,
  0xFC, 0x00, 0x00, 0x1F, 0xF0, 0x00, 0x00, 0x7F, 0xC0, 0x00, 0x01, 0xFF,
  0x00, 0x00, 0x07, 0xFC, 0x00, 0x00, 0x1F, 0xF0, 0x00, 0x00, 0x7F, 0xC0,
  0x00, 0x01, 0xFF, 0x00, 0x00, 0x07, 0xFF, 0xFE, 0x00, 0x1F, 0xFF, 0xF8,
  0x00, 0x7F, 0xFF, 0xE0, 0x01, 0xFF, 0xFF, 0x80, 0x07, 0xFF, 0xFE, 0x00,
  0x1F, 0xFF, 0xF8, 0x00, 0x7F, 0xFF, 0xE0, 0x01, 0xFF, 0xFF, 0x80, 0x07,
  0xFF, 0xFE, 0x00, 0x1F, 0xFF, 0xF8, 0x00, 0x7F, 0xFF, 0xE0, 0x01, 0xFF,
  0xFF, 0xFF, 0xFF, 0xFF, 0xFF, 0xFF, 0xFF, 0xFF, 0xFF, 0xFF, 0xFF, 0xFF,
  0xFF, 0xFF, 0xFF, 0xFF, 0xFF, 0xFF, 0xFF, 0xFF, 0xFF, 0xFF, 0xE7, 0xFF,
  0xFF, 0xFF, 0x8F, 0xFF, 0xFF, 0xF8, 0x3F, 0xFF, 0xFF, 0xE1, 0xFF, 0xFF,
  0xFF, 0xEF, 0xFF, 0xFF, 0xFF, 0xFF, 0xFF, 0xFF, 0xFF, 0xFF, 0xFF, 0xFF,
  0xFF, 0xFF, 0xFF, 0xFF, 0xFF, 0xFF, 0xFF, 0xFF, 0xFF, 0xFF, 0xFF, 0xFF,
  0xFF, 0x80, 0x07, 0xFF, 0xFE, 0x00, 0x1F, 0xFF, 0xF8, 0x00, 0x7F, 0xFF,
  0xE0, 0x01, 0xFF, 0xFF, 0x80, 0x07, 0xFF, 0xFE, 0x00, 0x1F, 0xFF, 0xF8,
  0x00, 0x7F, 0xFF, 0xE0, 0x01, 0xFF, 0xFF, 0x80, 0x07, 0xFF, 0xFE, 0x00,
  0x00, 0x0F, 0xF8, 0x00, 0x00, 0x3F, 0xE0, 0x00, 0x00, 0xFF, 0x80, 0x00,
  0x03, 0xFE, 0x00, 0x00, 0x0F, 0xF8, 0x00, 0x00, 0x3F, 0xE0, 0x00, 0x00,
  0xFF, 0x80, 0x00, 0x03, 0xFF, 0xFF, 0xFF, 0xCF, 0xFF, 0xFF, 0xFF, 0xBF,
  0xFF, 0xFF, 0xFF, 0xFF, 0xFF, 0xFF, 0xFF, 0xFF, 0xFF, 0xFF, 0xFF, 0xFF,
  0xFF, 0xFF, 0xFF, 0xFF, 0xFF, 0xFF, 0xFF, 0xFF, 0xFF, 0xFF, 0xFE, 0x00,
  0x1F, 0xFF, 0xF8, 0x00, 0x7F, 0xFF, 0xE0, 0x01, 0xFF, 0xFF, 0x80, 0x07,
  0xFF, 0xFE, 0x00, 0x1F, 0xFF, 0xF8, 0x00, 0x7F, 0xFF, 0xE0, 0x01, 0xFF,
  0xFF, 0x80, 0x07, 0xFF, 0xFE, 0x00, 0x1F, 0xFF, 0xF8, 0x00, 0x7F, 0xFF,
  0xE0, 0x01, 0xFF, 0xFF, 0x80, 0x07, 0xFF, 0xFE, 0x00, 0x1F, 0xFF, 0xF8,
  0x00, 0x7F, 0xFF, 0xE0, 0x01, 0xFF, 0xFF, 0x80, 0x07, 0xFF, 0xFE, 0x00,
  0x1F, 0xFF, 0xF8, 0x00, 0x7F, 0xFF, 0xE0, 0x01, 0xFF, 0xFF, 0xFF, 0xFF,
  0xFF, 0xFF, 0xFF, 0xFF, 0xFF, 0xFF, 0xFF, 0xFF, 0xFF, 0xFF, 0xFF, 0xFF,
  0xFF, 0xFF, 0xFF, 0xFF, 0xFF, 0xFF, 0xFF, 0xE7, 0xFF, 0xFF, 0xFF, 0x87,
  0xFF, 0xFF, 0xF8, 0xFF, 0xFF, 0xFF, 0xFF, 0xFF, 0xFF, 0xFF, 0xFF, 0xFF,
  0xFF, 0xFF, 0xFF, 0xFF, 0xFF, 0xFF, 0xFF, 0xFF, 0xFF, 0xFF, 0xFF, 0xFF,
  0xFF, 0xFF, 0xFF, 0xFF, 0xFF, 0xFF, 0xFF, 0xFF, 0xFF, 0xFF, 0x80, 0x07,
  0xFB, 0xFE, 0x00, 0x1F, 0xEF, 0xF8, 0x00, 0xFF, 0xBF, 0xE0, 0x03, 0xFE,
  0xFF, 0x80, 0x0F, 0xF3, 0xFE, 0x00, 0x3F, 0xCF, 0xF8, 0x01, 0xFF, 0x3F,
  0xE0, 0x07, 0xF8, 0x00, 0x00, 0x1F, 0xE0, 0x00, 0x00, 0xFF, 0x80, 0x00,
  0x03, 0xFE, 0x00, 0x00, 0x0F, 0xF0, 0x00, 0x00, 0x3F, 0xC0, 0x00, 0x01,
  0xFF, 0x00, 0x00, 0x07, 0xFC, 0x00, 0x00, 0x1F, 0xE0, 0x00, 0x00, 0x7F,
  0x80, 0x00, 0x03, 0xFE, 0x00, 0x00, 0x0F, 0xF8, 0x00, 0x00, 0x3F, 0xC0,
  0x00, 0x01, 0xFF, 0x00, 0x00, 0x07, 0xFC, 0x00, 0x00, 0x1F, 0xF0, 0x00,
  0x00, 0x7F, 0x80, 0x00, 0x03, 0xFE, 0x00, 0x00, 0x0F, 0xF8, 0x00, 0x00,
  0x3F, 0xE0, 0x00, 0x00, 0xFF, 0x00, 0x00, 0x07, 0xFC, 0x00, 0x00, 0x1F,
  0xF0, 0x00, 0x00, 0x7F, 0xC0, 0x00, 0x01, 0xFE, 0x00, 0x00, 0x0F, 0xF8,
  0x00, 0x00, 0x3F, 0xE0, 0x00, 0x00, 0xFF, 0x80, 0x00, 0x07, 0xFC, 0x00,
  0x00, 0x1F, 0xF0, 0x00, 0x00, 0x7F, 0xC0, 0x00, 0x01, 0xFE, 0x00, 0x00,
  0x0F, 0xF8, 0x00, 0x00, 0x3F, 0xE0, 0x00, 0x00, 0xFF, 0x80, 0x00, 0x03,
  0xFC, 0x00, 0x00, 0x1F, 0xF0, 0x00, 0x00, 0x7F, 0xC0, 0x00, 0x01, 0xFF,
  0x00, 0x00, 0x0F, 0xF8, 0x00, 0x00, 0x3F, 0xE0, 0x00, 0x00, 0xFF, 0x80,
  0x00, 0x03, 0xFE, 0x00, 0x00, 0x1F, 0xF0, 0x00, 0x00, 0x7F, 0xC0, 0x00,
  0x1F, 0xFF, 0xFF, 0xF1, 0xFF, 0xFF, 0xFF, 0xEF, 0xFF, 0xFF, 0xFF, 0xFF,
  0xFF, 0xFF, 0xFF, 0xFF, 0xFF, 0xFF, 0xFF, 0xFF, 0xFF, 0xFF, 0xFF, 0xFF,
  0xFF, 0xFF, 0xFF, 0xFF, 0xFF, 0xFF, 0xFF, 0x80, 0x07, 0xFF, 0xFE, 0x00,
  0x1F, 0xFF, 0xF8, 0x00, 0x7F, 0xFF, 0xE0, 0x01, 0xFF, 0xFF, 0x80, 0x07,
  0xFF, 0xFE, 0x00, 0x1F, 0xFF, 0xF8, 0x00, 0x7F, 0xFF, 0xE0, 0x01, 0xFF,
  0xFF, 0x80, 0x07, 0xFF, 0xFE, 0x00, 0x1F, 0xFF, 0xF8, 0x00, 0x7F, 0xFF,
  0xE0, 0x01, 0xFF, 0xFF, 0x80, 0x07, 0xFF, 0xFE, 0x00, 0x1F, 0xFF, 0xFC,
  0x00, 0xFF, 0xDF, 0xFC, 0x0F, 0xFE, 0x7F, 0xFC, 0xFF, 0xF8, 0xFF, 0xFF,
  0xFF, 0xC0, 0xFF, 0xFF, 0xFC, 0x00, 0xFF, 0xFF, 0xC0, 0x01, 0xFF, 0xFE,
  0x00, 0x0F, 0xFF, 0xFC, 0x00, 0xFF, 0xFF, 0xFC, 0x07, 0xFF, 0xFF, 0xF8,
  0x3F, 0xFC, 0xFF, 0xF1, 0xFF, 0xC0, 0xFF, 0xEF, 0xFE, 0x01, 0xFF, 0xFF,
  0xE0, 0x01, 0xFF, 0xFF, 0x80, 0x07, 0xFF, 0xFE, 0x00, 0x1F, 0xFF, 0xF8,
  0x00, 0x7F, 0xFF, 0xE0, 0x01, 0xFF, 0xFF, 0x80, 0x07, 0xFF, 0xFE, 0x00,
  0x1F, 0xFF, 0xF8, 0x00, 0x7F, 0xFF, 0xE0, 0x01, 0xFF, 0xFF, 0x80, 0x07,
  0xFF, 0xFE, 0x00, 0x1F, 0xFF, 0xF8, 0x00, 0x7F, 0xFF, 0xE0, 0x01, 0xFF,
  0xFF, 0x80, 0x07, 0xFF, 0xFE, 0x00, 0x1F, 0xFF, 0xF8, 0x00, 0x7F, 0xFF,
  0xE0, 0x01, 0xFF, 0xFF, 0xFF, 0xFF, 0xFF, 0xFF, 0xFF, 0xFF, 0xFF, 0xFF,
  0xFF, 0xFF, 0xFF, 0xFF, 0xFF, 0xFF, 0xFF, 0xFF, 0xFF, 0xFF, 0xFF, 0xFF,
  0xFF, 0xE7, 0xFF, 0xFF, 0xFF, 0x8F, 0xFF, 0xFF, 0xF8, 0x3F, 0xFF, 0xFF,
  0xF1, 0xFF, 0xFF, 0xFF, 0xEF, 0xFF, 0xFF, 0xFF, 0xFF, 0xFF, 0xFF, 0xFF,
  0xFF, 0xFF, 0xFF, 0xFF, 0xFF, 0xFF, 0xFF, 0xFF, 0xFF, 0xFF, 0xFF, 0xFF,
  0xFF, 0xFF, 0xFF, 0xFF, 0x80, 0x07, 0xFF, 0xFE, 0x00, 0x1F, 0xFF, 0xF8,
  0x00, 0x7F, 0xFF, 0xE0, 0x01, 0xFF, 0xFF, 0x80, 0x07, 0xFF, 0xFE, 0x00,
  0x1F, 0xFF, 0xF8, 0x00, 0x7F, 0xFF, 0xE0, 0x01, 0xFF, 0xFF, 0x80, 0x07,
  0xFF, 0xFE, 0x00, 0x1F, 0xFF, 0xF8, 0x00, 0x7F, 0xFF, 0xE0, 0x01, 0xFF,
  0xFF, 0x80, 0x07, 0xFF, 0xFE, 0x00, 0x1F, 0xFF, 0xF8, 0x00, 0x7F, 0xFF,
  0xE0, 0x01, 0xFF, 0xFF, 0x80, 0x07, 0xFF, 0xFE, 0x00, 0x1F, 0xFF, 0xF8,
  0x00, 0x7F, 0xFF, 0xFF, 0xFF, 0xFF, 0xFF, 0xFF, 0xFF, 0xFF, 0xFF, 0xFF,
  0xFF, 0xFF, 0xFF, 0xFF, 0xFF, 0xFF, 0xFF, 0xFF, 0xFF, 0xFF, 0xFF, 0xFF,
  0xFD, 0xFF, 0xFF, 0xFF, 0xF3, 0xFF, 0xFF, 0xFF, 0xC0, 0x00, 0x01, 0xFF,
  0x00, 0x00, 0x07, 0xFC, 0x00, 0x00, 0x1F, 0xF0, 0x00, 0x00, 0x7F, 0xC0,
  0x00, 0x01, 0xFF, 0x00, 0x00, 0x07, 0xFC, 0x00, 0x00, 0x1F, 0xFF, 0xF8,
  0x00, 0x7F, 0xFF, 0xE0, 0x01, 0xFF, 0xFF, 0x80, 0x07, 0xFF, 0xFE, 0x00,
  0x1F, 0xFF, 0xF8, 0x00, 0x7F, 0xFF, 0xE0, 0x01, 0xFF, 0xFF, 0x80, 0x07,
  0xFF, 0xFE, 0x00, 0x1F, 0xFF, 0xF8, 0x00, 0x7F, 0xFF, 0xE0, 0x01, 0xFF,
  0xFF, 0xFF, 0xFF, 0xFF, 0xFF, 0xFF, 0xFF, 0xFF, 0xFF, 0xFF, 0xFF, 0xFF,
  0xFF, 0xFF, 0xFF, 0xFF, 0xFF, 0xFF, 0xFF, 0xFF, 0xFF, 0xFF, 0xE7, 0xFF,
  0xFF, 0xFF, 0x8F, 0xFF, 0xFF, 0xF8, 0xFF, 0xFF, 0xFF, 0xFF, 0xFF, 0xFF,
  0xFF, 0xFF, 0xFF, 0xFF, 0x80, 0x00, 0x00, 0x00, 0x00, 0x00, 0x00, 0x00,
  0x00, 0x00, 0x00, 0x00, 0x00, 0x00, 0x00, 0x00, 0x00, 0xFF, 0xFF, 0xFF,
  0xFF, 0xFF, 0xFF, 0xFF, 0xFF, 0xFF, 0xFF, 0x80, 0x7F, 0xDF, 0xF7, 0xFD,
  0xFF, 0x7F, 0xDF, 0xF7, 0xFD, 0xFF, 0x7F, 0xC0, 0x00, 0x00, 0x00, 0x00,
  0x00, 0x00, 0x00, 0x00, 0x00, 0x00, 0x00, 0x00, 0x00, 0x00, 0x00, 0x00,
  0x00, 0x00, 0x7F, 0xDF, 0xF7, 0xF9, 0xFE, 0x7F, 0x9F, 0xE7, 0xF3, 0xFC,
  0xFF, 0x3F, 0x8F, 0xE3, 0xF8, 0xFE, 0x3F, 0x0F, 0xC0, 0x00, 0x00, 0x02,
  0x00, 0x00, 0x0C, 0x00, 0x00, 0x78, 0x00, 0x01, 0xF0, 0x00, 0x07, 0xE0,
  0x00, 0x3F, 0xC0, 0x00, 0xFF, 0x80, 0x07, 0xFF, 0x00, 0x1F, 0xFE, 0x00,
  0xFF, 0xF8, 0x03, 0xFF, 0xE0, 0x1F, 0xFF, 0x00, 0x7F, 0xFC, 0x01, 0xFF,
  0xE0, 0x0F, 0xFF, 0x80, 0x3F, 0xFC, 0x00, 0xFF, 0xF0, 0x01, 0xFF, 0x80,
  0x03, 0xFE, 0x00, 0x07, 0xFE, 0x00, 0x0F, 0xFF, 0x00, 0x0F, 0xFF, 0x00,
  0x0F, 0xFF, 0x80, 0x0F, 0xFF, 0x80, 0x07, 0xFF, 0xC0, 0x07, 0xFF, 0xC0,
  0x03, 0xFF, 0xE0, 0x03, 0xFF, 0xE0, 0x01, 0xFF, 0xE0, 0x01, 0xFF, 0xC0,
  0x01, 0xFF, 0x80, 0x00, 0xFF, 0x00, 0x00, 0xFE, 0x00, 0x00, 0x7C, 0x00,
  0x00, 0x78, 0x00, 0x00, 0x70, 0x00, 0x00, 0x20, 0xFF, 0xFF, 0xFF, 0xFF,
  0xFF, 0xFF, 0xFF, 0xFF, 0xFF, 0xFF, 0xFF, 0xFF, 0xFF, 0xFF, 0xFF, 0xFF,
  0xFF, 0xFF, 0xFF, 0xFF, 0xFF, 0xFF, 0xFF, 0xFF, 0xFF, 0xFF, 0xFF, 0xFF,
  0xFF, 0xFF, 0x00, 0x00, 0x00, 0x00, 0x00, 0x00, 0x00, 0x00, 0x00, 0x00,
  0x00, 0x00, 0x00, 0x00, 0x00, 0x00, 0x00, 0x00, 0x00, 0x00, 0x00, 0x00,
  0x00, 0x00, 0x00, 0x00, 0x00, 0x00, 0x00, 0x00, 0xFF, 0xFF, 0xFF, 0xFF,
  0xFF, 0xFF, 0xFF, 0xFF, 0xFF, 0xFF, 0xFF, 0xFF, 0xFF, 0xFF, 0xFF, 0xFF,
  0xFF, 0xFF, 0xFF, 0xFF, 0xFF, 0xFF, 0xFF, 0xFF, 0xFF, 0xFF, 0xFF, 0xFF,
  0xFF, 0xFF, 0x80, 0x00, 0x01, 0xC0, 0x00, 0x03, 0xC0, 0x00, 0x07, 0xC0,
  0x00, 0x0F, 0xE0, 0x00, 0x1F, 0xE0, 0x00, 0x3F, 0xF0, 0x00, 0x7F, 0xF0,
  0x00, 0xFF, 0xF0, 0x00, 0xFF, 0xF8, 0x00, 0xFF, 0xF8, 0x00, 0x7F, 0xFC,
  0x00, 0x7F, 0xFC, 0x00, 0x3F, 0xFE, 0x00, 0x3F, 0xFE, 0x00, 0x1F, 0xFE,
  0x00, 0x1F, 0xFE, 0x00, 0x0F, 0xFC, 0x00, 0x0F, 0xF8, 0x00, 0x3F, 0xF0,
  0x01, 0xFF, 0xE0, 0x07, 0xFF, 0x80, 0x3F, 0xFE, 0x00, 0xFF, 0xF8, 0x07,
  0xFF, 0xC0, 0x1F, 0xFF, 0x00, 0xFF, 0xF8, 0x03, 0xFF, 0xE0, 0x0F, 0xFF,
  0x00, 0x1F, 0xFC, 0x00, 0x3F, 0xF0, 0x00, 0x7F, 0x80, 0x00, 0xFE, 0x00,
  0x01, 0xF0, 0x00, 0x03, 0xC0, 0x00, 0x07, 0x00, 0x00, 0x08, 0x00, 0x00,
  0x00, 0x3F, 0xFF, 0xFF, 0xC7, 0xFF, 0xFF, 0xFE, 0xFF, 0xFF, 0xFF, 0xFF,
  0xFF, 0xFF, 0xFF, 0xFF, 0xFF, 0xFF, 0xFF, 0xFF, 0xFF, 0xFF, 0xFF, 0xFF,
  0xFF, 0xFF, 0xFF, 0xFF, 0xFF, 0xFF, 0x80, 0x1F, 0xFF, 0xF8, 0x01, 0xFF,
  0xFF, 0x80, 0x1F, 0xFF, 0xF8, 0x01, 0xFF, 0xFF, 0x80, 0x1F, 0xFF, 0xF8,
  0x01, 0xFF, 0xFF, 0x80, 0x1F, 0xFF, 0xF8, 0x01, 0xFF, 0xFF, 0x80, 0x1F,
  0xFF, 0xF8, 0x01, 0xFF, 0x00, 0x00, 0x1F, 0xF0, 0x00, 0x01, 0xFF, 0x00,
  0x00, 0x3F, 0xF0, 0x00, 0x07, 0xFE, 0x00, 0x00, 0xFF, 0xE0, 0x00, 0x0F,
  0xFC, 0x00, 0x01, 0xFF, 0x80, 0x00, 0x3F, 0xF0, 0x00, 0x07, 0xFE, 0x00,
  0x00, 0xFF, 0xE0, 0x00, 0x0F, 0xFC, 0x00, 0x01, 0xFF, 0x80, 0x00, 0x3F,
  0xF0, 0x00, 0x07, 0xFF, 0x00, 0x00, 0x7F, 0xE0, 0x00, 0x0F, 0xFC, 0x00,
  0x00, 0xFF, 0x80, 0x00, 0x0F, 0xF8, 0x00, 0x00, 0xFF, 0x80, 0x00, 0x0F,
  0xF8, 0x00, 0x00, 0xFF, 0x80, 0x00, 0x0F, 0xF8, 0x00, 0x00, 0xFF, 0x80,
  0x00, 0x0F, 0xF8, 0x00, 0x00, 0xFF, 0x80, 0x00, 0x0F, 0xF8, 0x00, 0x00,
  0xFF, 0x80, 0x00, 0x0F, 0xF8, 0x00, 0x00, 0x00, 0x00, 0x00, 0x00, 0x00,
  0x00, 0x00, 0x00, 0x00, 0x00, 0x00, 0x00, 0x00, 0x00, 0x00, 0x00, 0x00,
  0x0F, 0xF8, 0x00, 0x00, 0xFF, 0x80, 0x00, 0x0F, 0xF8, 0x00, 0x00, 0xFF,
  0x80, 0x00, 0x0F, 0xF8, 0x00, 0x00, 0xFF, 0x80, 0x00, 0x0F, 0xF8, 0x00,
  0x00, 0xFF, 0x80, 0x00, 0x0F, 0xF8, 0x00, 0x3F, 0xFF, 0xFF, 0xFF, 0xF8,
  0xFF, 0xFF, 0xFF, 0xFF, 0xFB, 0xFF, 0xFF, 0xFF, 0xFF, 0xFF, 0x00, 0x00,
  0x00, 0x00, 0x7E, 0x00, 0x00, 0x00, 0x00, 0xFC, 0x00, 0x00, 0x00, 0x01,
  0xF8, 0x00, 0x00, 0x00, 0x03, 0xF0, 0x00, 0x00, 0x00, 0x07, 0xE0, 0x00,
  0x00, 0x00, 0x0F, 0xC0, 0x00, 0x00, 0x00, 0x1F, 0x80, 0x00, 0x00, 0x00,
  0x3F, 0x00, 0x00, 0x00, 0x00, 0x7E, 0x00, 0x00, 0x00, 0x00, 0xFC, 0x00,
  0x7F, 0xF8, 0x01, 0xF8, 0x03, 0xFF, 0xF8, 0x03, 0xF0, 0x07, 0xFF, 0xF8,
  0x07, 0xE0, 0x0F, 0xFF, 0xF0, 0x0F, 0xC0, 0x3F, 0xFF, 0xE0, 0x1F, 0x80,
  0x7E, 0x0F, 0xC0, 0x3F, 0x00, 0xFC, 0x1F, 0x80, 0x7E, 0x01, 0xF8, 0x3F,
  0x00, 0xFC, 0x03, 0xF0, 0x7E, 0x01, 0xF8, 0x07, 0xE0, 0xFC, 0x03, 0xF0,
  0x0F, 0xC1, 0xF8, 0x07, 0xE0, 0x00, 0x03, 0xF0, 0x0F, 0xC0, 0x00, 0x07,
  0xE0, 0x1F, 0x80, 0x00, 0x0F, 0xC0, 0x3F, 0x00, 0x3F, 0xFF, 0x80, 0x7E,
  0x00, 0xFF, 0xFF, 0x00, 0xFC, 0x03, 0xFF, 0xFE, 0x01, 0xF8, 0x07, 0xFF,
  0xFC, 0x03, 0xF0, 0x0F, 0xFF, 0xF8, 0x07, 0xE0, 0x1F, 0x83, 0xF0, 0x0F,
  0xC0, 0x3F, 0x07, 0xE0, 0x1F, 0x80, 0x7E, 0x0F, 0xC0, 0x3F, 0x00, 0xFC,
  0x1F, 0x80, 0x7E, 0x01, 0xF8, 0x3F, 0x00, 0xFC, 0x03, 0xF0, 0x7E, 0x01,
  0xF8, 0x07, 0xE0, 0xFC, 0x03, 0xF0, 0x0F, 0xC1, 0xF8, 0x07, 0xE0, 0x1F,
  0x83, 0xF0, 0x0F, 0xC0, 0x3F, 0x07, 0xE0, 0x1F, 0x80, 0x7F, 0xFF, 0xC0,
  0x3F, 0x00, 0xFF, 0xFF, 0xFF, 0xFE, 0x01, 0xFF, 0xFF, 0xFF, 0xDC, 0x01,
  0xFF, 0xFF, 0xFF, 0xB8, 0x01, 0xFF, 0xFF, 0xFC, 0x70, 0x00, 0x00, 0x00,
  0x00, 0xE0, 0x00, 0x00, 0x00, 0x01, 0xC0, 0x00, 0x00, 0x00, 0x03, 0x80,
  0x00, 0x00, 0x00, 0x07, 0x00, 0x00, 0x00, 0x00, 0x0E, 0x00, 0x00, 0x00,
  0x00, 0x1C, 0x00, 0x00, 0x00, 0x00, 0x38, 0x00, 0x00, 0x00, 0x00, 0x70,
  0x00, 0x00, 0x00, 0x00, 0xE0, 0x00, 0x00, 0x00, 0x01, 0xFF, 0xFF, 0xFF,
  0xFF, 0xFD, 0xFF, 0xFF, 0xFF, 0xFF, 0xF9, 0xFF, 0xFF, 0xFF, 0xFF, 0xF0,
  0x00, 0x0F, 0xF8, 0x00, 0x00, 0x07, 0xFC, 0x00, 0x00, 0x07, 0xFF, 0x00,
  0x00, 0x03, 0xFF, 0x80, 0x00, 0x01, 0xFF, 0xC0, 0x00, 0x00, 0xFF, 0xE0,
  0x00, 0x00, 0x7F, 0xF0, 0x00, 0x00, 0x7F, 0xFC, 0x00, 0x00, 0x3F, 0xFE,
  0x00, 0x00, 0x1F, 0xFF, 0x00, 0x00, 0x0F, 0xFF, 0x80, 0x00, 0x07, 0xFF,
  0xC0, 0x00, 0x07, 0xFF, 0xF0, 0x00, 0x03, 0xFF, 0xF8, 0x00, 0x01, 0xFD,
  0xFC, 0x00, 0x00, 0xFE, 0xFE, 0x00, 0x00, 0x7F, 0x7F, 0x00, 0x00, 0x7F,
  0xBF, 0xC0, 0x00, 0x3F, 0xDF, 0xE0, 0x00, 0x1F, 0xEF, 0xF0, 0x00, 0x0F,
  0xE3, 0xF8, 0x00, 0x07, 0xF1, 0xFC, 0x00, 0x07, 0xF8, 0xFF, 0x00, 0x03,
  0xFC, 0x7F, 0x80, 0x01, 0xFE, 0x3F, 0xC0, 0x00, 0xFF, 0x1F, 0xE0, 0x00,
  0x7F, 0x07, 0xF0, 0x00, 0x7F, 0x83, 0xFC, 0x00, 0x3F, 0xC1, 0xFE, 0x00,
  0x1F, 0xE0, 0xFF, 0x00, 0x0F, 0xF0, 0x7F, 0x80, 0x07, 0xF8, 0x3F, 0xC0,
  0x07, 0xF8, 0x0F, 0xF0, 0x03, 0xFC, 0x07, 0xF8, 0x01, 0xFE, 0x03, 0xFC,
  0x00, 0xFF, 0x01, 0xFE, 0x00, 0x7F, 0x80, 0xFF, 0x00, 0x7F, 0xC0, 0x7F,
  0xC0, 0x3F, 0xC0, 0x3F, 0xE0, 0x1F, 0xE0, 0x0F, 0xF0, 0x0F, 0xF0, 0x07,
  0xF8, 0x07, 0xFF, 0xFF, 0xFC, 0x07, 0xFF, 0xFF, 0xFF, 0x03, 0xFF, 0xFF,
  0xFF, 0x81, 0xFF, 0xFF, 0xFF, 0xC0, 0xFF, 0xFF, 0xFF, 0xE0, 0x7F, 0xFF,
  0xFF, 0xF0, 0x7F, 0xFF, 0xFF, 0xFC, 0x3F, 0xFF, 0xFF, 0xFE, 0x1F, 0xF0,
  0x01, 0xFF, 0x0F, 0xF8, 0x00, 0xFF, 0x87, 0xF8, 0x00, 0x3F, 0xC7, 0xFC,
  0x00, 0x1F, 0xF3, 0xFE, 0x00, 0x0F, 0xF9, 0xFF, 0x00, 0x07, 0xFC, 0xFF,
  0x80, 0x03, 0xFE, 0x7F, 0xC0, 0x01, 0xFF, 0x7F, 0xC0, 0x00, 0x7F, 0xFF,
  0xE0, 0x00, 0x3F, 0xFF, 0xF0, 0x00, 0x1F, 0xF0, 0xFF, 0xFF, 0xFF, 0xE3,
  0xFF, 0xFF, 0xFF, 0xEF, 0xFF, 0xFF, 0xFF, 0xBF, 0xFF, 0xFF, 0xFF, 0xFF,
  0xFF, 0xFF, 0xFF, 0xFF, 0xFF, 0xFF, 0xFF, 0xFF, 0xFF, 0xFF, 0xFF, 0xFF,
  0xFF, 0xFF, 0xFF, 0x80, 0x07, 0xFF, 0xFE, 0x00, 0x1F, 0xFF, 0xF8, 0x00,
  0x7F, 0xFF, 0xE0, 0x01, 0xFF, 0xFF, 0x80, 0x07, 0xFF, 0xFE, 0x00, 0x1F,
  0xFF, 0xF8, 0x00, 0x7F, 0xFF, 0xE0, 0x01, 0xFF, 0xFF, 0x80, 0x07, 0xFF,
  0xFE, 0x00, 0x1F, 0xFF, 0xF8, 0x00, 0x7F, 0xFF, 0xE0, 0x01, 0xFF, 0xFF,
  0x80, 0x07, 0xFF, 0xFE, 0x00, 0x1F, 0xFF, 0xF8, 0x00, 0xFF, 0xBF, 0xE0,
  0x07, 0xFE, 0xFF, 0x80, 0x7F, 0xFB, 0xFF, 0xFF, 0xFF, 0xCF, 0xFF, 0xFF,
  0xFE, 0x3F, 0xFF, 0xFF, 0xE0, 0xFF, 0xFF, 0xFF, 0x03, 0xFF, 0xFF, 0xFC,
  0x0F, 0xFF, 0xFF, 0xF8, 0x3F, 0xFF, 0xFF, 0xF8, 0xFF, 0xFF, 0xFF, 0xF3,
  0xFE, 0x01, 0xFF, 0xEF, 0xF8, 0x01, 0xFF, 0xBF, 0xE0, 0x01, 0xFF, 0xFF,
  0x80, 0x07, 0xFF, 0xFE, 0x00, 0x1F, 0xFF, 0xF8, 0x00, 0x7F, 0xFF, 0xE0,
  0x01, 0xFF, 0xFF, 0x80, 0x07, 0xFF, 0xFE, 0x00, 0x1F, 0xFF, 0xF8, 0x00,
  0x7F, 0xFF, 0xE0, 0x01, 0xFF, 0xFF, 0x80, 0x07, 0xFF, 0xFE, 0x00, 0x1F,
  0xFF, 0xF8, 0x00, 0x7F, 0xFF, 0xE0, 0x01, 0xFF, 0xFF, 0x80, 0x07, 0xFF,
  0xFE, 0x00, 0x1F, 0xFF, 0xF8, 0x00, 0x7F, 0xFF, 0xE0, 0x01, 0xFF, 0xFF,
  0xFF, 0xFF, 0xFF, 0xFF, 0xFF, 0xFF, 0xFF, 0xFF, 0xFF, 0xFF, 0xFF, 0xFF,
  0xFF, 0xFF, 0xFF, 0xFF, 0xFF, 0xFF, 0xFF, 0xFF, 0xFF, 0xEF, 0xFF, 0xFF,
  0xFF, 0xBF, 0xFF, 0xFF, 0xF8, 0x3F, 0xFF, 0xFF, 0xF1, 0xFF, 0xFF, 0xFF,
  0xEF, 0xFF, 0xFF, 0xFF, 0xFF, 0xFF, 0xFF, 0xFF, 0xFF, 0xFF, 0xFF, 0xFF,
  0xFF, 0xFF, 0xFF, 0xFF, 0xFF, 0xFF, 0xFF, 0xFF, 0xFF, 0xFF, 0xFF, 0xFF,
  0x80, 0x07, 0xFF, 0xFE, 0x00, 0x1F, 0xFF, 0xF8, 0x00, 0x7F, 0xFF, 0xE0,
  0x01, 0xFF, 0xFF, 0x80, 0x07, 0xFF, 0xFE, 0x00, 0x1F, 0xFF, 0xF8, 0x00,
  0x7F, 0xFF, 0xE0, 0x01, 0xFF, 0xFF, 0x80, 0x07, 0xFF, 0xFE, 0x00, 0x1F,
  0xFF, 0xF8, 0x00, 0x7F, 0xFF, 0xE0, 0x01, 0xFF, 0xFF, 0x80, 0x00, 0x03,
  0xFE, 0x00, 0x00, 0x0F, 0xF8, 0x00, 0x00, 0x3F, 0xE0, 0x00, 0x00, 0xFF,
  0x80, 0x00, 0x03, 0xFE, 0x00, 0x00, 0x0F, 0xF8, 0x00, 0x00, 0x3F, 0xE0,
  0x00, 0x00, 0xFF, 0x80, 0x00, 0x03, 0xFE, 0x00, 0x00, 0x0F, 0xF8, 0x00,
  0x00, 0x3F, 0xE0, 0x00, 0x00, 0xFF, 0x80, 0x00, 0x03, 0xFE, 0x00, 0x00,
  0x0F, 0xF8, 0x00, 0x00, 0x3F, 0xE0, 0x00, 0x00, 0xFF, 0x80, 0x00, 0x03,
  0xFE, 0x00, 0x00, 0x0F, 0xF8, 0x00, 0x00, 0x3F, 0xE0, 0x00, 0x00, 0xFF,
  0x80, 0x07, 0xFF, 0xFE, 0x00, 0x1F, 0xFF, 0xF8, 0x00, 0x7F, 0xFF, 0xE0,
  0x01, 0xFF, 0xFF, 0x80, 0x07, 0xFF, 0xFE, 0x00, 0x1F, 0xFF, 0xF8, 0x00,
  0x7F, 0xFF, 0xE0, 0x01, 0xFF, 0xFF, 0x80, 0x07, 0xFF, 0xFE, 0x00, 0x1F,
  0xFF, 0xF8, 0x00, 0x7F, 0xFF, 0xE0, 0x01, 0xFF, 0xFF, 0xFF, 0xFF, 0xFF,
  0xFF, 0xFF, 0xFF, 0xFF, 0xFF, 0xFF, 0xFF, 0xFF, 0xFF, 0xFF, 0xFF, 0xFF,
  0xFF, 0xFF, 0xFF, 0xFF, 0xFF, 0xFF, 0xE7, 0xFF, 0xFF, 0xFF, 0x8F, 0xFF,
  0xFF, 0xF8, 0xFF, 0xFF, 0xFC, 0x03, 0xFF, 0xFF, 0xFC, 0x0F, 0xFF, 0xFF,
  0xFC, 0x3F, 0xFF, 0xFF, 0xF8, 0xFF, 0xFF, 0xFF, 0xF3, 0xFF, 0xFF, 0xFF,
  0xEF, 0xFF, 0xFF, 0xFF, 0xBF, 0xFF, 0xFF, 0xFE, 0xFF, 0x80, 0x3F, 0xFF,
  0xFE, 0x00, 0x3F, 0xFF, 0xF8, 0x00, 0x7F, 0xFF, 0xE0, 0x01, 0xFF, 0xFF,
  0x80, 0x07, 0xFF, 0xFE, 0x00, 0x1F, 0xFF, 0xF8, 0x00, 0x7F, 0xFF, 0xE0,
  0x01, 0xFF, 0xFF, 0x80, 0x07, 0xFF, 0xFE, 0x00, 0x1F, 0xFF, 0xF8, 0x00,
  0x7F, 0xFF, 0xE0, 0x01, 0xFF, 0xFF, 0x80, 0x07, 0xFF, 0xFE, 0x00, 0x1F,
  0xFF, 0xF8, 0x00, 0x7F, 0xFF, 0xE0, 0x01, 0xFF, 0xFF, 0x80, 0x07, 0xFF,
  0xFE, 0x00, 0x1F, 0xFF, 0xF8, 0x00, 0x7F, 0xFF, 0xE0, 0x01, 0xFF, 0xFF,
  0x80, 0x07, 0xFF, 0xFE, 0x00, 0x1F, 0xFF, 0xF8, 0x00, 0x7F, 0xFF, 0xE0,
  0x01, 0xFF, 0xFF, 0x80, 0x07, 0xFF, 0xFE, 0x00, 0x1F, 0xFF, 0xF8, 0x00,
  0x7F, 0xFF, 0xE0, 0x01, 0xFF, 0xFF, 0x80, 0x07, 0xFF, 0xFE, 0x00, 0x1F,
  0xFF, 0xF8, 0x00, 0x7F, 0xFF, 0xE0, 0x01, 0xFF, 0xFF, 0x80, 0x07, 0xFF,
  0xFE, 0x00, 0x1F, 0xFF, 0xF8, 0x00, 0x7F, 0xFF, 0xE0, 0x01, 0xFF, 0xFF,
  0x80, 0x07, 0xFF, 0xFE, 0x00, 0x1F, 0xFF, 0xF8, 0x00, 0x7F, 0xFF, 0xE0,
  0x01, 0xFF, 0xFF, 0x80, 0x07, 0xFF, 0xFE, 0x00, 0x3F, 0xFF, 0xF8, 0x00,
  0xFF, 0xFF, 0xE0, 0x0F, 0xFF, 0xFF, 0xFF, 0xFF, 0xFB, 0xFF, 0xFF, 0xFF,
  0xEF, 0xFF, 0xFF, 0xFF, 0xBF, 0xFF, 0xFF, 0xFC, 0xFF, 0xFF, 0xFF, 0xE3,
  0xFF, 0xFF, 0xFF, 0x0F, 0xFF, 0xFF, 0xF8, 0x3F, 0xFF, 0xFF, 0x00, 0xFF,
  0xFF, 0xFF, 0xFF, 0xFF, 0xFF, 0xFF, 0xFF, 0xFF, 0xFF, 0xFF, 0xFF, 0xFF,
  0xFF, 0xFF, 0xFF, 0xFF, 0xFF, 0xFF, 0xFF, 0xFF, 0xFF, 0xFF, 0xFF, 0xFF,
  0xFF, 0x80, 0x00, 0x7F, 0xC0, 0x00, 0x3F, 0xE0, 0x00, 0x1F, 0xF0, 0x00,
  0x0F, 0xF8, 0x00, 0x07, 0xFC, 0x00, 0x03, 0xFE, 0x00, 0x01, 0xFF, 0x00,
  0x00, 0xFF, 0x80, 0x00, 0x7F, 0xC0, 0x00, 0x3F, 0xE0, 0x00, 0x1F, 0xF0,
  0x00, 0x0F, 0xF8, 0x00, 0x07, 0xFC, 0x00, 0x03, 0xFE, 0x00, 0x01, 0xFF,
  0x00, 0x00, 0xFF, 0x80, 0x00, 0x7F, 0xFF, 0xFF, 0x3F, 0xFF, 0xFF, 0x9F,
  0xFF, 0xFF, 0xCF, 0xFF, 0xFF, 0xE7, 0xFF, 0xFF, 0xF3, 0xFF, 0xFF, 0xF9,
  0xFF, 0xFF, 0xFC, 0xFF, 0xFF, 0xFE, 0x7F, 0xC0, 0x00, 0x3F, 0xE0, 0x00,
  0x1F, 0xF0, 0x00, 0x0F, 0xF8, 0x00, 0x07, 0xFC, 0x00, 0x03, 0xFE, 0x00,
  0x01, 0xFF, 0x00, 0x00, 0xFF, 0x80, 0x00, 0x7F, 0xC0, 0x00, 0x3F, 0xE0,
  0x00, 0x1F, 0xF0, 0x00, 0x0F, 0xF8, 0x00, 0x07, 0xFC, 0x00, 0x03, 0xFE,
  0x00, 0x01, 0xFF, 0x00, 0x00, 0xFF, 0x80, 0x00, 0x7F, 0xC0, 0x00, 0x3F,
  0xE0, 0x00, 0x1F, 0xF0, 0x00, 0x0F, 0xFF, 0xFF, 0xFF, 0xFF, 0xFF, 0xFF,
  0xFF, 0xFF, 0xFF, 0xFF, 0xFF, 0xFF, 0xFF, 0xFF, 0xFF, 0xFF, 0xFF, 0xFF,
  0xFF, 0xFF, 0xFF, 0xFF, 0xFF, 0xFF, 0xF0, 0xFF, 0xFF, 0xFF, 0xFF, 0xFF,
  0xFF, 0xFF, 0xFF, 0xFF, 0xFF, 0xFF, 0xFF, 0xFF, 0xFF, 0xFF, 0xFF, 0xFF,
  0xFF, 0xFF, 0xFF, 0xFF, 0xFF, 0xFF, 0xFF, 0xFF, 0x80, 0x00, 0xFF, 0x80,
  0x00, 0xFF, 0x80, 0x00, 0xFF, 0x80, 0x00, 0xFF, 0x80, 0x00, 0xFF, 0x80,
  0x00, 0xFF, 0x80, 0x00, 0xFF, 0x80, 0x00, 0xFF, 0x80, 0x00, 0xFF, 0x80,
  0x00, 0xFF, 0x80, 0x00, 0xFF, 0x80, 0x00, 0xFF, 0x80, 0x00, 0xFF, 0x80,
  0x00, 0xFF, 0x80, 0x00, 0xFF, 0x80, 0x00, 0xFF, 0x80, 0x00, 0xFF, 0x80,
  0x00, 0xFF, 0xFF, 0xFC, 0xFF, 0xFF, 0xFC, 0xFF, 0xFF, 0xFC, 0xFF, 0xFF,
  0xFC, 0xFF, 0xFF, 0xFC, 0xFF, 0xFF, 0xFC, 0xFF, 0xFF, 0xFC, 0xFF, 0xFF,
  0xFC, 0xFF, 0x80, 0x00, 0xFF, 0x80, 0x00, 0xFF, 0x80, 0x00, 0xFF, 0x80,
  0x00, 0xFF, 0x80, 0x00, 0xFF, 0x80, 0x00, 0xFF, 0x80, 0x00, 0xFF, 0x80,
  0x00, 0xFF, 0x80, 0x00, 0xFF, 0x80, 0x00, 0xFF, 0x80, 0x00, 0xFF, 0x80,
  0x00, 0xFF, 0x80, 0x00, 0xFF, 0x80, 0x00, 0xFF, 0x80, 0x00, 0xFF, 0x80,
  0x00, 0xFF, 0x80, 0x00, 0xFF, 0x80, 0x00, 0xFF, 0x80, 0x00, 0xFF, 0x80,
  0x00, 0xFF, 0x80, 0x00, 0xFF, 0x80, 0x00, 0xFF, 0x80, 0x00, 0xFF, 0x80,
  0x00, 0xFF, 0x80, 0x00, 0xFF, 0x80, 0x00, 0x1F, 0xFF, 0xFF, 0xF1, 0xFF,
  0xFF, 0xFF, 0xEF, 0xFF, 0xFF, 0xFF, 0xFF, 0xFF, 0xFF, 0xFF, 0xFF, 0xFF,
  0xFF, 0xFF, 0xFF, 0xFF, 0xFF, 0xFF, 0xFF, 0xFF, 0xFF, 0xFF, 0xFF, 0xFF,
  0xFF, 0xFF, 0x80, 0x07, 0xFF, 0xFE, 0x00, 0x1F, 0xFF, 0xF8, 0x00, 0x7F,
  0xFF, 0xE0, 0x01, 0xFF, 0xFF, 0x80, 0x07, 0xFF, 0xFE, 0x00, 0x1F, 0xFF,
  0xF8, 0x00, 0x7F, 0xFF, 0xE0, 0x01, 0xFF, 0xFF, 0x80, 0x07, 0xFF, 0xFE,
  0x00, 0x1F, 0xFF, 0xF8, 0x00, 0x00, 0x3F, 0xE0, 0x00, 0x00, 0xFF, 0x80,
  0x00, 0x03, 0xFE, 0x00, 0x00, 0x0F, 0xF8, 0x00, 0x00, 0x3F, 0xE0, 0x00,
  0x00, 0xFF, 0x80, 0x00, 0x03, 0xFE, 0x00, 0x00, 0x0F, 0xF8, 0x00, 0x00,
  0x3F, 0xE0, 0x7F, 0xFF, 0xFF, 0x81, 0xFF, 0xFF, 0xFE, 0x07, 0xFF, 0xFF,
  0xF8, 0x1F, 0xFF, 0xFF, 0xE0, 0x7F, 0xFF, 0xFF, 0x81, 0xFF, 0xFF, 0xFE,
  0x07, 0xFF, 0xFF, 0xF8, 0x1F, 0xFF, 0xFF, 0xE0, 0x01, 0xFF, 0xFF, 0x80,
  0x07, 0xFF, 0xFE, 0x00, 0x1F, 0xFF, 0xF8, 0x00, 0x7F, 0xFF, 0xE0, 0x01,
  0xFF, 0xFF, 0x80, 0x07, 0xFF, 0xFE, 0x00, 0x1F, 0xFF, 0xF8, 0x00, 0x7F,
  0xFF, 0xE0, 0x01, 0xFF, 0xFF, 0x80, 0x07, 0xFF, 0xFE, 0x00, 0x1F, 0xFF,
  0xF8, 0x00, 0x7F, 0xFF, 0xE0, 0x01, 0xFF, 0xFF, 0x80, 0x07, 0xFF, 0xFE,
  0x00, 0x1F, 0xFF, 0xF8, 0x00, 0x7F, 0xFF, 0xE0, 0x01, 0xFF, 0xFF, 0xFF,
  0xFF, 0xFF, 0xFF, 0xFF, 0xFF, 0xFF, 0xFF, 0xFF, 0xFF, 0xFF, 0xFF, 0xFF,
  0xFF, 0xFF, 0xFF, 0xFF, 0xFF, 0xFF, 0xFF, 0xFF, 0xE7, 0xFF, 0xFF, 0xFF,
  0x8F, 0xFF, 0xFF, 0xF8, 0xFF, 0x80, 0x07, 0xFF, 0xFE, 0x00, 0x1F, 0xFF,
  0xF8, 0x00, 0x7F, 0xFF, 0xE0, 0x01, 0xFF, 0xFF, 0x80, 0x07, 0xFF, 0xFE,
  0x00, 0x1F, 0xFF, 0xF8, 0x00, 0x7F, 0xFF, 0xE0, 0x01, 0xFF, 0xFF, 0x80,
  0x07, 0xFF, 0xFE, 0x00, 0x1F, 0xFF, 0xF8, 0x00, 0x7F, 0xFF, 0xE0, 0x01,
  0xFF, 0xFF, 0x80, 0x07, 0xFF, 0xFE, 0x00, 0x1F, 0xFF, 0xF8, 0x00, 0x7F,
  0xFF, 0xE0, 0x01, 0xFF, 0xFF, 0x80, 0x07, 0xFF, 0xFE, 0x00, 0x1F, 0xFF,
  0xF8, 0x00, 0x7F, 0xFF, 0xE0, 0x01, 0xFF, 0xFF, 0x80, 0x07, 0xFF, 0xFE,
  0x00, 0x1F, 0xFF, 0xF8, 0x00, 0x7F, 0xFF, 0xE0, 0x01, 0xFF, 0xFF, 0x80,
  0x07, 0xFF, 0xFF, 0xFF, 0xFF, 0xFF, 0xFF, 0xFF, 0xFF, 0xFF, 0xFF, 0xFF,
  0xFF, 0xFF, 0xFF, 0xFF, 0xFF, 0xFF, 0xFF, 0xFF, 0xFF, 0xFF, 0xFF, 0xFF,
  0xFF, 0xFF, 0xFF, 0xFF, 0xFF, 0xFF, 0xFF, 0xFF, 0xFE, 0x00, 0x1F, 0xFF,
  0xF8, 0x00, 0x7F, 0xFF, 0xE0, 0x01, 0xFF, 0xFF, 0x80, 0x07, 0xFF, 0xFE,
  0x00, 0x1F, 0xFF, 0xF8, 0x00, 0x7F, 0xFF, 0xE0, 0x01, 0xFF, 0xFF, 0x80,
  0x07, 0xFF, 0xFE, 0x00, 0x1F, 0xFF, 0xF8, 0x00, 0x7F, 0xFF, 0xE0, 0x01,
  0xFF, 0xFF, 0x80, 0x07, 0xFF, 0xFE, 0x00, 0x1F, 0xFF, 0xF8, 0x00, 0x7F,
  0xFF, 0xE0, 0x01, 0xFF, 0xFF, 0x80, 0x07, 0xFF, 0xFE, 0x00, 0x1F, 0xFF,
  0xF8, 0x00, 0x7F, 0xFF, 0xE0, 0x01, 0xFF, 0xFF, 0x80, 0x07, 0xFF, 0xFE,
  0x00, 0x1F, 0xFF, 0xF8, 0x00, 0x7F, 0xFF, 0xE0, 0x01, 0xFF, 0xFF, 0x80,
  0x07, 0xFF, 0xFE, 0x00, 0x1F, 0xFF, 0xF8, 0x00, 0x7F, 0xFF, 0xE0, 0x01,
  0xFF, 0xFF, 0xFF, 0xFF, 0xFF, 0xFF, 0xFF, 0xFF, 0xFF, 0xFF, 0xFF, 0xFF,
  0xFF, 0xFF, 0xFF, 0xFF, 0xFF, 0xFF, 0xFF, 0xFF, 0xFF, 0xFF, 0xFF, 0xFF,
  0xFF, 0xFF, 0xFF, 0xFF, 0xFF, 0xFF, 0xFF, 0xFF, 0xFF, 0xFF, 0xFF, 0xFF,
  0xFF, 0xFF, 0xFF, 0xFF, 0xFF, 0xFF, 0xFF, 0xFF, 0xFF, 0xFF, 0xFF, 0xFF,
  0xFF, 0xFF, 0xFF, 0xFF, 0xFF, 0xFF, 0xFF, 0xFF, 0xFF, 0xFF, 0xFF, 0xFF,
  0xFF, 0xFF, 0xFF, 0xFF, 0xFF, 0xFF, 0xFF, 0xFF, 0xF0, 0x00, 0x00, 0x1F,
  0xF0, 0x00, 0x01, 0xFF, 0x00, 0x00, 0x1F, 0xF0, 0x00, 0x01, 0xFF, 0x00,
  0x00, 0x1F, 0xF0, 0x00, 0x01, 0xFF, 0x00, 0x00, 0x1F, 0xF0, 0x00, 0x01,
  0xFF, 0x00, 0x00, 0x1F, 0xF0, 0x00, 0x01, 0xFF, 0x00, 0x00, 0x1F, 0xF0,
  0x00, 0x01, 0xFF, 0x00, 0x00, 0x1F, 0xF0, 0x00, 0x01, 0xFF, 0x00, 0x00,
  0x1F, 0xF0, 0x00, 0x01, 0xFF, 0x00, 0x00, 0x1F, 0xF0, 0x00, 0x01, 0xFF,
  0x00, 0x00, 0x1F, 0xF0, 0x00, 0x01, 0xFF, 0x00, 0x00, 0x1F, 0xF0, 0x00,
  0x01, 0xFF, 0x00, 0x00, 0x1F, 0xF0, 0x00, 0x01, 0xFF, 0x00, 0x00, 0x1F,
  0xF0, 0x00, 0x01, 0xFF, 0x00, 0x00, 0x1F, 0xF0, 0x00, 0x01, 0xFF, 0x00,
  0x00, 0x1F, 0xF0, 0x00, 0x01, 0xFF, 0x00, 0x00, 0x1F, 0xF0, 0x00, 0x01,
  0xFF, 0x00, 0x00, 0x1F, 0xF0, 0x00, 0x01, 0xFF, 0x00, 0x00, 0x1F, 0xF0,
  0x00, 0x01, 0xFF, 0x00, 0x00, 0x1F, 0xF0, 0x00, 0x01, 0xFF, 0x00, 0x00,
  0x1F, 0xFF, 0xF8, 0x01, 0xFF, 0xFF, 0x80, 0x1F, 0xFF, 0xF8, 0x01, 0xFF,
  0xFF, 0x80, 0x1F, 0xFF, 0xF8, 0x01, 0xFF, 0xFF, 0x80, 0x1F, 0xFF, 0xF8,
  0x01, 0xFF, 0xFF, 0x80, 0x1F, 0xFF, 0xF8, 0x01, 0xFF, 0xFF, 0x80, 0x1F,
  0xFF, 0xF8, 0x01, 0xFF, 0xFF, 0x80, 0x1F, 0xFF, 0xF8, 0x01, 0xFF, 0xFF,
  0xFF, 0xFF, 0xFF, 0xFF, 0xFF, 0xFF, 0xFF, 0xFF, 0xFF, 0xFF, 0xFF, 0xFF,
  0xFF, 0xFF, 0xFF, 0xFF, 0xFF, 0xFF, 0xFF, 0xFE, 0x7F, 0xFF, 0xFF, 0xE3,
  0xFF, 0xFF, 0xF8, 0xFF, 0x80, 0x0F, 0xFB, 0xFE, 0x00, 0x7F, 0xEF, 0xF8,
  0x01, 0xFF, 0x3F, 0xE0, 0x0F, 0xFC, 0xFF, 0x80, 0x3F, 0xE3, 0xFE, 0x00,
  0xFF, 0x8F, 0xF8, 0x07, 0xFC, 0x3F, 0xE0, 0x1F, 0xF0, 0xFF, 0x80, 0xFF,
  0x83, 0xFE, 0x03, 0xFE, 0x0F, 0xF8, 0x1F, 0xF0, 0x3F, 0xE0, 0x7F, 0xC0,
  0xFF, 0x83, 0xFE, 0x03, 0xFE, 0x0F, 0xF8, 0x0F, 0xF8, 0x3F, 0xC0, 0x3F,
  0xE1, 0xFF, 0x00, 0xFF, 0x87, 0xFC, 0x03, 0xFE, 0x3F, 0xE0, 0x0F, 0xF8,
  0xFF, 0x80, 0x3F, 0xE7, 0xFC, 0x00, 0xFF, 0x9F, 0xF0, 0x03, 0xFE, 0x7F,
  0x80, 0x0F, 0xFB, 0xFE, 0x00, 0x3F, 0xEF, 0xF0, 0x00, 0xFF, 0xFF, 0xC0,
  0x03, 0xFF, 0xFE, 0x00, 0x0F, 0xFF, 0xF8, 0x00, 0x3F, 0xFF, 0xC0, 0x00,
  0xFF, 0xFF, 0x00, 0x03, 0xFF, 0xFC, 0x00, 0x0F, 0xFF, 0xF8, 0x00, 0x3F,
  0xFF, 0xE0, 0x00, 0xFF, 0xFF, 0xC0, 0x03, 0xFF, 0xFF, 0x00, 0x0F, 0xFB,
  0xFE, 0x00, 0x3F, 0xEF, 0xF8, 0x00, 0xFF, 0x9F, 0xF0, 0x03, 0xFE, 0x7F,
  0xC0, 0x0F, 0xF8, 0xFF, 0x00, 0x3F, 0xE3, 0xFE, 0x00, 0xFF, 0x8F, 0xF8,
  0x03, 0xFE, 0x1F, 0xF0, 0x0F, 0xF8, 0x7F, 0xC0, 0x3F, 0xE0, 0xFF, 0x80,
  0xFF, 0x83, 0xFE, 0x03, 0xFE, 0x07, 0xFC, 0x0F, 0xF8, 0x1F, 0xF0, 0x3F,
  0xE0, 0x7F, 0xC0, 0xFF, 0x80, 0xFF, 0x83, 0xFE, 0x03, 0xFE, 0x0F, 0xF8,
  0x07, 0xFC, 0x3F, 0xE0, 0x1F, 0xF0, 0xFF, 0x80, 0x3F, 0xE3, 0xFE, 0x00,
  0xFF, 0x8F, 0xF8, 0x01, 0xFF, 0x3F, 0xE0, 0x07, 0xFC, 0xFF, 0x80, 0x1F,
  0xF3, 0xFE, 0x00, 0x3F, 0xEF, 0xF8, 0x00, 0xFF, 0xBF, 0xE0, 0x01, 0xFF,
  0xFF, 0x80, 0x00, 0xFF, 0x80, 0x00, 0xFF, 0x80, 0x00, 0xFF, 0x80, 0x00,
  0xFF, 0x80, 0x00, 0xFF, 0x80, 0x00, 0xFF, 0x80, 0x00, 0xFF, 0x80, 0x00,
  0xFF, 0x80, 0x00, 0xFF, 0x80, 0x00, 0xFF, 0x80, 0x00, 0xFF, 0x80, 0x00,
  0xFF, 0x80, 0x00, 0xFF, 0x80, 0x00, 0xFF, 0x80, 0x00, 0xFF, 0x80, 0x00,
  0xFF, 0x80, 0x00, 0xFF, 0x80, 0x00, 0xFF, 0x80, 0x00, 0xFF, 0x80, 0x00,
  0xFF, 0x80, 0x00, 0xFF, 0x80, 0x00, 0xFF, 0x80, 0x00, 0xFF, 0x80, 0x00,
  0xFF, 0x80, 0x00, 0xFF, 0x80, 0x00, 0xFF, 0x80, 0x00, 0xFF, 0x80, 0x00,
  0xFF, 0x80, 0x00, 0xFF, 0x80, 0x00, 0xFF, 0x80, 0x00, 0xFF, 0x80, 0x00,
  0xFF, 0x80, 0x00, 0xFF, 0x80, 0x00, 0xFF, 0x80, 0x00, 0xFF, 0x80, 0x00,
  0xFF, 0x80, 0x00, 0xFF, 0x80, 0x00, 0xFF, 0x80, 0x00, 0xFF, 0x80, 0x00,
  0xFF, 0x80, 0x00, 0xFF, 0x80, 0x00, 0xFF, 0x80, 0x00, 0xFF, 0x80, 0x00,
  0xFF, 0x80, 0x00, 0xFF, 0x80, 0x00, 0xFF, 0x80, 0x00, 0xFF, 0x80, 0x00,
  0xFF, 0x80, 0x00, 0xFF, 0x80, 0x00, 0xFF, 0x80, 0x00, 0xFF, 0x80, 0x00,
  0xFF, 0xFF, 0xFF, 0xFF, 0xFF, 0xFF, 0xFF, 0xFF, 0xFF, 0xFF, 0xFF, 0xFF,
  0xFF, 0xFF, 0xFF, 0xFF, 0xFF, 0xFF, 0xFF, 0xFF, 0xFF, 0xFF, 0xFF, 0xFF,
  0xFF, 0x80, 0x00, 0x0F, 0xFF, 0xFC, 0x00, 0x00, 0x7F, 0xFF, 0xE0, 0x00,
  0x03, 0xFF, 0xFF, 0x80, 0x00, 0x3F, 0xFF, 0xFC, 0x00, 0x01, 0xFF, 0xFF,
  0xE0, 0x00, 0x0F, 0xFF, 0xFF, 0x80, 0x00, 0xFF, 0xFF, 0xFC, 0x00, 0x07,
  0xFF, 0xFF, 0xE0, 0x00, 0x3F, 0xFF, 0xFF, 0x80, 0x03, 0xFF, 0xFF, 0xFC,
  0x00, 0x1F, 0xFF, 0xFF, 0xE0, 0x00, 0xFF, 0xFF, 0xFF, 0x00, 0x07, 0xFF,
  0xFF, 0xFC, 0x00, 0x7F, 0xFF, 0xFF, 0xE0, 0x03, 0xFF, 0xFF, 0xFF, 0x00,
  0x1F, 0xFF, 0xFF, 0xFC, 0x01, 0xFF, 0xFF, 0xFF, 0xE0, 0x0F, 0xFF, 0xFF,
  0xFF, 0x00, 0x7F, 0xFF, 0xFF, 0xF8, 0x03, 0xFF, 0xFF, 0xFF, 0xE0, 0x3F,
  0xFF, 0xFF, 0xFF, 0x01, 0xFF, 0xFF, 0xFF, 0xF8, 0x0F, 0xFF, 0xFF, 0xFF,
  0xE0, 0xFF, 0xFF, 0xFF, 0xFF, 0x07, 0xFF, 0xFF, 0xFF, 0xF8, 0x3F, 0xFF,
  0xFF, 0xFF, 0xC1, 0xFF, 0xFF, 0xFF, 0xFF, 0x1F, 0xFF, 0xFF, 0xFB, 0xF8,
  0xFE, 0xFF, 0xFF, 0xDF, 0xC7, 0xF7, 0xFF, 0xFE, 0xFF, 0x7F, 0xBF, 0xFF,
  0xF7, 0xFB, 0xFD, 0xFF, 0xFF, 0x9F, 0xDF, 0xCF, 0xFF, 0xFC, 0xFE, 0xFE,
  0x7F, 0xFF, 0xE7, 0xF7, 0xF3, 0xFF, 0xFF, 0x3F, 0xFF, 0x9F, 0xFF, 0xF8,
  0xFF, 0xF8, 0xFF, 0xFF, 0xC7, 0xFF, 0xC7, 0xFF, 0xFE, 0x3F, 0xFE, 0x3F,
  0xFF, 0xF0, 0xFF, 0xF1, 0xFF, 0xFF, 0x87, 0xFF, 0x0F, 0xFF, 0xFC, 0x3F,
  0xF8, 0x7F, 0xFF, 0xE1, 0xFF, 0xC3, 0xFF, 0xFF, 0x07, 0xFC, 0x1F, 0xFF,
  0xF8, 0x3F, 0xE0, 0xFF, 0xFF, 0xC1, 0xFF, 0x07, 0xFF, 0xFE, 0x0F, 0xF8,
  0x3F, 0xFF, 0xF0, 0x3F, 0x81, 0xFF, 0xFF, 0x81, 0xFC, 0x0F, 0xFF, 0xFC,
  0x0F, 0xE0, 0x7F, 0xFF, 0xE0, 0x7F, 0x03, 0xFF, 0xFF, 0x01, 0xF0, 0x1F,
  0xFF, 0xF8, 0x0F, 0x80, 0xFF, 0xFF, 0xC0, 0x7C, 0x07, 0xFF, 0xFE, 0x00,
  0x00, 0x3F, 0xFF, 0xF0, 0x00, 0x01, 0xFF, 0xFF, 0x80, 0x00, 0x0F, 0xFF,
  0xFC, 0x00, 0x00, 0x7F, 0xFF, 0xE0, 0x00, 0x03, 0xFF, 0xFF, 0x00, 0x00,
  0x1F, 0xF0, 0xFF, 0x00, 0x07, 0xFF, 0xFE, 0x00, 0x1F, 0xFF, 0xF8, 0x00,
  0x7F, 0xFF, 0xE0, 0x01, 0xFF, 0xFF, 0xC0, 0x07, 0xFF, 0xFF, 0x00, 0x1F,
  0xFF, 0xFC, 0x00, 0x7F, 0xFF, 0xF8, 0x01, 0xFF, 0xFF, 0xE0, 0x07, 0xFF,
  0xFF, 0xC0, 0x1F, 0xFF, 0xFF, 0x00, 0x7F, 0xFF, 0xFC, 0x01, 0xFF, 0xFF,
  0xF8, 0x07, 0xFF, 0xFF, 0xE0, 0x1F, 0xFF, 0xFF, 0x80, 0x7F, 0xFF, 0xFF,
  0x01, 0xFF, 0xFF, 0xFC, 0x07, 0xFF, 0xFF, 0xF0, 0x1F, 0xFF, 0xFF, 0xE0,
  0x7F, 0xFF, 0xFF, 0x81, 0xFF, 0xFF, 0xFF, 0x07, 0xFF, 0xFF, 0xFC, 0x1F,
  0xFF, 0xF7, 0xF0, 0x7F, 0xFF, 0xFF, 0xE1, 0xFF, 0xFF, 0xFF, 0x87, 0xFF,
  0xFE, 0xFE, 0x1F, 0xFF, 0xFB, 0xFC, 0x7F, 0xFF, 0xEF, 0xF1, 0xFF, 0xFF,
  0x9F, 0xC7, 0xFF, 0xFE, 0x7F, 0x9F, 0xFF, 0xF9, 0xFE, 0x7F, 0xFF, 0xE3,
  0xFD, 0xFF, 0xFF, 0x8F, 0xF7, 0xFF, 0xFE, 0x3F, 0xDF, 0xFF, 0xF8, 0x7F,
  0xFF, 0xFF, 0xE1, 0xFF, 0xFF, 0xFF, 0x87, 0xFF, 0xFF, 0xFE, 0x0F, 0xFF,
  0xFF, 0xF8, 0x3F, 0xFF, 0xFF, 0xE0, 0x7F, 0xFF, 0xFF, 0x81, 0xFF, 0xFF,
  0xFE, 0x07, 0xFF, 0xFF, 0xF8, 0x0F, 0xFF, 0xFF, 0xE0, 0x3F, 0xFF, 0xFF,
  0x80, 0xFF, 0xFF, 0xFE, 0x01, 0xFF, 0xFF, 0xF8, 0x07, 0xFF, 0xFF, 0xE0,
  0x1F, 0xFF, 0xFF, 0x80, 0x3F, 0xFF, 0xFE, 0x00, 0xFF, 0xFF, 0xF8, 0x03,
  0xFF, 0xFF, 0xE0, 0x07, 0xFF, 0xFF, 0x80, 0x1F, 0xFF, 0xFE, 0x00, 0x3F,
  0xFF, 0xF8, 0x00, 0xFF, 0xFF, 0xE0, 0x03, 0xFF, 0xFF, 0x80, 0x07, 0xFF,
  0xFE, 0x00, 0x1F, 0xFF, 0xF8, 0x00, 0x7F, 0xFF, 0xE0, 0x00, 0xFF, 0x3F,
  0xFF, 0xFF, 0xF1, 0xFF, 0xFF, 0xFF, 0xEF, 0xFF, 0xFF, 0xFF, 0xFF, 0xFF,
  0xFF, 0xFF, 0xFF, 0xFF, 0xFF, 0xFF, 0xFF, 0xFF, 0xFF, 0xFF, 0xFF, 0xFF,
  0xFF, 0xFF, 0xFF, 0xFF, 0xFF, 0xFF, 0x80, 0x07, 0xFF, 0xFE, 0x00, 0x1F,
  0xFF, 0xF8, 0x00, 0x7F, 0xFF, 0xE0, 0x01, 0xFF, 0xFF, 0x80, 0x07, 0xFF,
  0xFE, 0x00, 0x1F, 0xFF, 0xF8, 0x00, 0x7F, 0xFF, 0xE0, 0x01, 0xFF, 0xFF,
  0x80, 0x07, 0xFF, 0xFE, 0x00, 0x1F, 0xFF, 0xF8, 0x00, 0x7F, 0xFF, 0xE0,
  0x01, 0xFF, 0xFF, 0x80, 0x07, 0xFF, 0xFE, 0x00, 0x1F, 0xFF, 0xF8, 0x00,
  0x7F, 0xFF, 0xE0, 0x01, 0xFF, 0xFF, 0x80, 0x07, 0xFF, 0xFE, 0x00, 0x1F,
  0xFF, 0xF8, 0x00, 0x7F, 0xFF, 0xE0, 0x01, 0xFF, 0xFF, 0x80, 0x07, 0xFF,
  0xFE, 0x00, 0x1F, 0xFF, 0xF8, 0x00, 0x7F, 0xFF, 0xE0, 0x01, 0xFF, 0xFF,
  0x80, 0x07, 0xFF, 0xFE, 0x00, 0x1F, 0xFF, 0xF8, 0x00, 0x7F, 0xFF, 0xE0,
  0x01, 0xFF, 0xFF, 0x80, 0x07, 0xFF, 0xFE, 0x00, 0x1F, 0xFF, 0xF8, 0x00,
  0x7F, 0xFF, 0xE0, 0x01, 0xFF, 0xFF, 0x80, 0x07, 0xFF, 0xFE, 0x00, 0x1F,
  0xFF, 0xF8, 0x00, 0x7F, 0xFF, 0xE0, 0x01, 0xFF, 0xFF, 0x80, 0x07, 0xFF,
  0xFE, 0x00, 0x1F, 0xFF, 0xF8, 0x00, 0x7F, 0xFF, 0xE0, 0x01, 0xFF, 0xFF,
  0x80, 0x07, 0xFF, 0xFE, 0x00, 0x1F, 0xFF, 0xF8, 0x00, 0x7F, 0xFF, 0xE0,
  0x01, 0xFF, 0xFF, 0xFF, 0xFF, 0xFF, 0xFF, 0xFF, 0xFF, 0xFF, 0xFF, 0xFF,
  0xFF, 0xFF, 0xFF, 0xFF, 0xFF, 0xFF, 0xFF, 0xFF, 0xFF, 0xFF, 0xFF, 0xFF,
  0xE7, 0xFF, 0xFF, 0xFF, 0x8F, 0xFF, 0xFF, 0xF8, 0xFF, 0xFF, 0xFF, 0xF3,
  0xFF, 0xFF, 0xFF, 0xEF, 0xFF, 0xFF, 0xFF, 0xFF, 0xFF, 0xFF, 0xFF, 0xFF,
  0xFF, 0xFF, 0xFF, 0xFF, 0xFF, 0xFF, 0xFF, 0xFF, 0xFF, 0xFF, 0xFF, 0xFF,
  0xFF, 0xFF, 0xFF, 0x80, 0x07, 0xFF, 0xFE, 0x00, 0x1F, 0xFF, 0xF8, 0x00,
  0x7F, 0xFF, 0xE0, 0x01, 0xFF, 0xFF, 0x80, 0x07, 0xFF, 0xFE, 0x00, 0x1F,
  0xFF, 0xF8, 0x00, 0x7F, 0xFF, 0xE0, 0x01, 0xFF, 0xFF, 0x80, 0x07, 0xFF,
  0xFE, 0x00, 0x1F, 0xFF, 0xF8, 0x00, 0x7F, 0xFF, 0xE0, 0x01, 0xFF, 0xFF,
  0x80, 0x07, 0xFF, 0xFE, 0x00, 0x1F, 0xFF, 0xF8, 0x00, 0x7F, 0xFF, 0xE0,
  0x01, 0xFF, 0xFF, 0x80, 0x07, 0xFF, 0xFE, 0x00, 0x1F, 0xFF, 0xF8, 0x00,
  0x7F, 0xFF, 0xE0, 0x01, 0xFF, 0xFF, 0x80, 0x07, 0xFF, 0xFE, 0x00, 0x1F,
  0xFF, 0xFF, 0xFF, 0xFF, 0xFF, 0xFF, 0xFF, 0xFF, 0xFF, 0xFF, 0xFF, 0xFF,
  0xFF, 0xFF, 0xFF, 0xFF, 0xFF, 0xFF, 0xFF, 0xFF, 0xFF, 0xFF, 0xFE, 0xFF,
  0xFF, 0xFF, 0xFB, 0xFF, 0xFF, 0xFF, 0x8F, 0xF8, 0x00, 0x00, 0x3F, 0xE0,
  0x00, 0x00, 0xFF, 0x80, 0x00, 0x03, 0xFE, 0x00, 0x00, 0x0F, 0xF8, 0x00,
  0x00, 0x3F, 0xE0, 0x00, 0x00, 0xFF, 0x80, 0x00, 0x03, 0xFE, 0x00, 0x00,
  0x0F, 0xF8, 0x00, 0x00, 0x3F, 0xE0, 0x00, 0x00, 0xFF, 0x80, 0x00, 0x03,
  0xFE, 0x00, 0x00, 0x0F, 0xF8, 0x00, 0x00, 0x3F, 0xE0, 0x00, 0x00, 0xFF,
  0x80, 0x00, 0x03, 0xFE, 0x00, 0x00, 0x0F, 0xF8, 0x00, 0x00, 0x3F, 0xE0,
  0x00, 0x00, 0xFF, 0x80, 0x00, 0x03, 0xFE, 0x00, 0x00, 0x0F, 0xF8, 0x00,
  0x00, 0x3F, 0xE0, 0x00, 0x00, 0x1F, 0xFF, 0xFF, 0xF0, 0x1F, 0xFF, 0xFF,
  0xFE, 0x0F, 0xFF, 0xFF, 0xFF, 0xC3, 0xFF, 0xFF, 0xFF, 0xF0, 0xFF, 0xFF,
  0xFF, 0xFC, 0x3F, 0xFF, 0xFF, 0xFF, 0x0F, 0xFF, 0xFF, 0xFF, 0xC3, 0xFF,
  0xFF, 0xFF, 0xF0, 0xFF, 0x80, 0x07, 0xFC, 0x3F, 0xE0, 0x01, 0xFF, 0x0F,
  0xF8, 0x00, 0x7F, 0xC3, 0xFE, 0x00, 0x1F, 0xF0, 0xFF, 0x80, 0x07, 0xFC,
  0x3F, 0xE0, 0x01, 0xFF, 0x0F, 0xF8, 0x00, 0x7F, 0xC3, 0xFE, 0x00, 0x1F,
  0xF0, 0xFF, 0x80, 0x07, 0xFC, 0x3F, 0xE0, 0x01, 0xFF, 0x0F, 0xF8, 0x00,
  0x7F, 0xC3, 0xFE, 0x00, 0x1F, 0xF0, 0xFF, 0x80, 0x07, 0xFC, 0x3F, 0xE0,
  0x01, 0xFF, 0x0F, 0xF8, 0x00, 0x7F, 0xC3, 0xFE, 0x00, 0x1F, 0xF0, 0xFF,
  0x80, 0x07, 0xFC, 0x3F, 0xE0, 0x01, 0xFF, 0x0F, 0xF8, 0x00, 0x7F, 0xC3,
  0xFE, 0x00, 0x1F, 0xF0, 0xFF, 0x80, 0x07, 0xFC, 0x3F, 0xE0, 0x01, 0xFF,
  0x0F, 0xF8, 0x00, 0x7F, 0xC3, 0xFE, 0x00, 0x1F, 0xF0, 0xFF, 0x80, 0x07,
  0xFC, 0x3F, 0xE0, 0x01, 0xFF, 0x0F, 0xF8, 0x00, 0x7F, 0xC3, 0xFE, 0x00,
  0x1F, 0xF0, 0xFF, 0x80, 0x07, 0xFC, 0x3F, 0xE0, 0x01, 0xFF, 0x0F, 0xF8,
  0x08, 0x7F, 0xC3, 0xFE, 0x03, 0x1F, 0xF0, 0xFF, 0x80, 0xF7, 0xFC, 0x3F,
  0xE0, 0x3F, 0xFF, 0x0F, 0xF8, 0x0F, 0xFF, 0xC3, 0xFE, 0x03, 0xFF, 0xF0,
  0xFF, 0x80, 0xFF, 0xFC, 0x3F, 0xE0, 0x3F, 0xFF, 0x0F, 0xF8, 0x07, 0xFF,
  0xC3, 0xFE, 0x00, 0xFF, 0xF0, 0xFF, 0x80, 0x1F, 0xFC, 0x3F, 0xE0, 0x03,
  0xFF, 0x8F, 0xF8, 0x00, 0x7F, 0xF3, 0xFE, 0x00, 0x1F, 0xFE, 0xFF, 0xFF,
  0xFF, 0xFF, 0xFF, 0xFF, 0xFF, 0xFF, 0xFF, 0xFF, 0xFF, 0xFF, 0xFF, 0xFF,
  0xFF, 0xFF, 0xFF, 0xFF, 0xFF, 0xFF, 0xFF, 0xFF, 0xFF, 0xFF, 0xFE, 0xF7,
  0xFF, 0xFF, 0xFF, 0x9C, 0xFF, 0xFF, 0xFF, 0x81, 0xFF, 0xFF, 0xFF, 0xF1,
  0xFF, 0xFF, 0xFF, 0xF3, 0xFF, 0xFF, 0xFF, 0xF7, 0xFF, 0xFF, 0xFF, 0xEF,
  0xFF, 0xFF, 0xFF, 0xDF, 0xFF, 0xFF, 0xFF, 0xBF, 0xFF, 0xFF, 0xFF, 0x7F,
  0xFF, 0xFF, 0xFE, 0xFF, 0x80, 0x07, 0xFD, 0xFF, 0x00, 0x0F, 0xFB, 0xFE,
  0x00, 0x1F, 0xF7, 0xFC, 0x00, 0x3F, 0xEF, 0xF8, 0x00, 0x7F, 0xDF, 0xF0,
  0x00, 0xFF, 0xBF, 0xE0, 0x01, 0xFF, 0x7F, 0xC0, 0x03, 0xFE, 0xFF, 0x80,
  0x07, 0xFD, 0xFF, 0x00, 0x0F, 0xFB, 0xFE, 0x00, 0x1F, 0xF7, 0xFC, 0x00,
  0x3F, 0xEF, 0xF8, 0x00, 0x7F, 0xDF, 0xF0, 0x00, 0xFF, 0xBF, 0xE0, 0x01,
  0xFF, 0x7F, 0xC0, 0x03, 0xFE, 0xFF, 0x80, 0x07, 0xFD, 0xFF, 0x00, 0x0F,
  0xFB, 0xFE, 0x00, 0x1F, 0xF7, 0xFC, 0xFF, 0xFF, 0xEF, 0xF9, 0xFF, 0xFF,
  0xDF, 0xF3, 0xFF, 0xFF, 0xBF, 0xE7, 0xFF, 0xFE, 0x7F, 0xCF, 0xFF, 0xFC,
  0xFF, 0x9F, 0xFF, 0xE1, 0xFF, 0x3F, 0xF0, 0x03, 0xFE, 0x3F, 0xE0, 0x07,
  0xFC, 0x7F, 0xE0, 0x0F, 0xF8, 0x7F, 0xC0, 0x1F, 0xF0, 0xFF, 0x80, 0x3F,
  0xE1, 0xFF, 0x80, 0x7F, 0xC1, 0xFF, 0x00, 0xFF, 0x83, 0xFF, 0x01, 0xFF,
  0x03, 0xFE, 0x03, 0xFE, 0x07, 0xFC, 0x07, 0xFC, 0x0F, 0xFC, 0x0F, 0xF8,
  0x0F, 0xF8, 0x1F, 0xF0, 0x1F, 0xF0, 0x3F, 0xE0, 0x1F, 0xF0, 0x7F, 0xC0,
  0x3F, 0xE0, 0xFF, 0x80, 0x7F, 0xE1, 0xFF, 0x00, 0x7F, 0xC3, 0xFE, 0x00,
  0xFF, 0x87, 0xFC, 0x00, 0xFF, 0x8F, 0xF8, 0x01, 0xFF, 0x1F, 0xF0, 0x03,
  0xFF, 0x3F, 0xE0, 0x03, 0xFE, 0x7F, 0xC0, 0x07, 0xFC, 0xFF, 0x80, 0x07,
  0xFD, 0xFF, 0x00, 0x0F, 0xFB, 0xFE, 0x00, 0x1F, 0xF7, 0xFC, 0x00, 0x1F,
  0xF0, 0x3F, 0xFF, 0xFF, 0xF1, 0xFF, 0xFF, 0xFF, 0xEF, 0xFF, 0xFF, 0xFF,
  0xFF, 0xFF, 0xFF, 0xFF, 0xFF, 0xFF, 0xFF, 0xFF, 0xFF, 0xFF, 0xFF, 0xFF,
  0xFF, 0xFF, 0xFF, 0xFF, 0xFF, 0xFF, 0xFF, 0xFF, 0x80, 0x07, 0xFF, 0xFE,
  0x00, 0x1F, 0xFF, 0xF8, 0x00, 0x7F, 0xFF, 0xE0, 0x01, 0xFF, 0xFF, 0x80,
  0x07, 0xFF, 0xFE, 0x00, 0x1F, 0xFF, 0xF8, 0x00, 0x7F, 0xFF, 0xE0, 0x01,
  0xFF, 0xFF, 0x80, 0x07, 0xFF, 0xFE, 0x00, 0x1F, 0xFF, 0xF8, 0x00, 0x7F,
  0xFF, 0xF0, 0x00, 0x00, 0xFF, 0xE0, 0x00, 0x01, 0xFF, 0xC0, 0x00, 0x07,
  0xFF, 0x80, 0x00, 0x0F, 0xFF, 0x00, 0x00, 0x1F, 0xFF, 0x00, 0x00, 0x3F,
  0xFE, 0x00, 0x00, 0x7F, 0xFC, 0x00, 0x00, 0xFF, 0xF8, 0x00, 0x01, 0xFF,
  0xF0, 0x00, 0x03, 0xFF, 0xE0, 0x00, 0x03, 0xFF, 0xC0, 0x00, 0x07, 0xFF,
  0x80, 0x00, 0x0F, 0xFF, 0x00, 0x00, 0x1F, 0xFE, 0x00, 0x00, 0x3F, 0xFE,
  0x00, 0x00, 0x7F, 0xFC, 0x00, 0x00, 0xFF, 0xF8, 0x00, 0x01, 0xFF, 0xE0,
  0x00, 0x03, 0xFF, 0xC0, 0x00, 0x07, 0xFF, 0x00, 0x00, 0x0F, 0xFF, 0xFE,
  0x00, 0x1F, 0xFF, 0xF8, 0x00, 0x7F, 0xFF, 0xE0, 0x01, 0xFF, 0xFF, 0x80,
  0x07, 0xFF, 0xFE, 0x00, 0x1F, 0xFF, 0xF8, 0x00, 0x7F, 0xFF, 0xE0, 0x01,
  0xFF, 0xFF, 0x80, 0x07, 0xFF, 0xFE, 0x00, 0x1F, 0xFF, 0xF8, 0x00, 0x7F,
  0xFF, 0xE0, 0x01, 0xFF, 0xFF, 0xFF, 0xFF, 0xFF, 0xFF, 0xFF, 0xFF, 0xFF,
  0xFF, 0xFF, 0xFF, 0xFF, 0xFF, 0xFF, 0xFF, 0xFF, 0xFF, 0xFF, 0xFF, 0xFF,
  0xFF, 0xFF, 0xF7, 0xFF, 0xFF, 0xFF, 0x8F, 0xFF, 0xFF, 0xFC, 0xFF, 0xFF,
  0xFF, 0xFF, 0xFF, 0xFF, 0xFF, 0xFF, 0xFF, 0xFF, 0xFF, 0xFF, 0xFF, 0xFF,
  0xFF, 0xFF, 0xFF, 0xFF, 0xFF, 0xFF, 0xFF, 0xFF, 0xFF, 0xFF, 0xFF, 0xFF,
  0xFF, 0xFF, 0xFF, 0x00, 0x3F, 0xE0, 0x00, 0x01, 0xFF, 0x00, 0x00, 0x0F,
  0xF8, 0x00, 0x00, 0x7F, 0xC0, 0x00, 0x03, 0xFE, 0x00, 0x00, 0x1F, 0xF0,
  0x00, 0x00, 0xFF, 0x80, 0x00, 0x07, 0xFC, 0x00, 0x00, 0x3F, 0xE0, 0x00,
  0x01, 0xFF, 0x00, 0x00, 0x0F, 0xF8, 0x00, 0x00, 0x7F, 0xC0, 0x00, 0x03,
  0xFE, 0x00, 0x00, 0x1F, 0xF0, 0x00, 0x00, 0xFF, 0x80, 0x00, 0x07, 0xFC,
  0x00, 0x00, 0x3F, 0xE0, 0x00, 0x01, 0xFF, 0x00, 0x00, 0x0F, 0xF8, 0x00,
  0x00, 0x7F, 0xC0, 0x00, 0x03, 0xFE, 0x00, 0x00, 0x1F, 0xF0, 0x00, 0x00,
  0xFF, 0x80, 0x00, 0x07, 0xFC, 0x00, 0x00, 0x3F, 0xE0, 0x00, 0x01, 0xFF,
  0x00, 0x00, 0x0F, 0xF8, 0x00, 0x00, 0x7F, 0xC0, 0x00, 0x03, 0xFE, 0x00,
  0x00, 0x1F, 0xF0, 0x00, 0x00, 0xFF, 0x80, 0x00, 0x07, 0xFC, 0x00, 0x00,
  0x3F, 0xE0, 0x00, 0x01, 0xFF, 0x00, 0x00, 0x0F, 0xF8, 0x00, 0x00, 0x7F,
  0xC0, 0x00, 0x03, 0xFE, 0x00, 0x00, 0x1F, 0xF0, 0x00, 0x00, 0xFF, 0x80,
  0x00, 0x07, 0xFC, 0x00, 0x00, 0x3F, 0xE0, 0x00, 0x01, 0xFF, 0x00, 0x00,
  0x0F, 0xF8, 0x00, 0x00, 0x7F, 0xC0, 0x00, 0x03, 0xFE, 0x00, 0x00, 0x1F,
  0xF0, 0x00, 0x00, 0xFF, 0x80, 0x00, 0x07, 0xFC, 0x00, 0x00, 0x3F, 0xE0,
  0x00, 0x01, 0xFF, 0x00, 0x00, 0x0F, 0xF8, 0x00, 0x00, 0x7F, 0xC0, 0x00,
  0xFF, 0x80, 0x07, 0xFF, 0xFE, 0x00, 0x1F, 0xFF, 0xF8, 0x00, 0x7F, 0xFF,
  0xE0, 0x01, 0xFF, 0xFF, 0x80, 0x07, 0xFF, 0xFE, 0x00, 0x1F, 0xFF, 0xF8,
  0x00, 0x7F, 0xFF, 0xE0, 0x01, 0xFF, 0xFF, 0x80, 0x07, 0xFF, 0xFE, 0x00,
  0x1F, 0xFF, 0xF8, 0x00, 0x7F, 0xFF, 0xE0, 0x01, 0xFF, 0xFF, 0x80, 0x07,
  0xFF, 0xFE, 0x00, 0x1F, 0xFF, 0xF8, 0x00, 0x7F, 0xFF, 0xE0, 0x01, 0xFF,
  0xFF, 0x80, 0x07, 0xFF, 0xFE, 0x00, 0x1F, 0xFF, 0xF8, 0x00, 0x7F, 0xFF,
  0xE0, 0x01, 0xFF, 0xFF, 0x80, 0x07, 0xFF, 0xFE, 0x00, 0x1F, 0xFF, 0xF8,
  0x00, 0x7F, 0xFF, 0xE0, 0x01, 0xFF, 0xFF, 0x80, 0x07, 0xFF, 0xFE, 0x00,
  0x1F, 0xFF, 0xF8, 0x00, 0x7F, 0xFF, 0xE0, 0x01, 0xFF, 0xFF, 0x80, 0x07,
  0xFF, 0xFE, 0x00, 0x1F, 0xFF, 0xF8, 0x00, 0x7F, 0xFF, 0xE0, 0x01, 0xFF,
  0xFF, 0x80, 0x07, 0xFF, 0xFE, 0x00, 0x1F, 0xFF, 0xF8, 0x00, 0x7F, 0xFF,
  0xE0, 0x01, 0xFF, 0xFF, 0x80, 0x07, 0xFF, 0xFE, 0x00, 0x1F, 0xFF, 0xF8,
  0x00, 0x7F, 0xFF, 0xE0, 0x01, 0xFF, 0xFF, 0x80, 0x07, 0xFF, 0xFE, 0x00,
  0x1F, 0xFF, 0xF8, 0x00, 0x7F, 0xFF, 0xE0, 0x01, 0xFF, 0xFF, 0x80, 0x07,
  0xFF, 0xFE, 0x00, 0x1F, 0xFF, 0xF8, 0x00, 0x7F, 0xFF, 0xE0, 0x01, 0xFF,
  0xFF, 0x80, 0x07, 0xFF, 0xFE, 0x00, 0x1F, 0xFF, 0xF8, 0x00, 0x7F, 0xFF,
  0xE0, 0x01, 0xFF, 0xFF, 0xFF, 0xFF, 0xFF, 0xFF, 0xFF, 0xFF, 0xFF, 0xFF,
  0xFF, 0xFF, 0xFF, 0xFF, 0xFF, 0xFF, 0xFF, 0xFF, 0xFF, 0xFF, 0xFF, 0xFF,
  0xFF, 0xE7, 0xFF, 0xFF, 0xFF, 0x8F, 0xFF, 0xFF, 0xF8, 0xFF, 0x80, 0x0F,
  0xFF, 0xFC, 0x00, 0x7F, 0xFF, 0xE0, 0x03, 0xFE, 0xFF, 0x00, 0x1F, 0xE7,
  0xFC, 0x01, 0xFF, 0x3F, 0xE0, 0x0F, 0xF9, 0xFF, 0x00, 0x7F, 0xCF, 0xF8,
  0x03, 0xFE, 0x7F, 0xC0, 0x1F, 0xF1, 0xFE, 0x00, 0xFF, 0x0F, 0xF0, 0x07,
  0xF8, 0x7F, 0x80, 0x3F, 0xC3, 0xFE, 0x03, 0xFE, 0x1F, 0xF0, 0x1F, 0xF0,
  0xFF, 0x80, 0xFF, 0x83, 0xFC, 0x07, 0xF8, 0x1F, 0xE0, 0x3F, 0xC0, 0xFF,
  0x01, 0xFE, 0x07, 0xF8, 0x0F, 0xF0, 0x3F, 0xE0, 0xFF, 0x81, 0xFF, 0x07,
  0xFC, 0x07, 0xF8, 0x3F, 0xC0, 0x3F, 0xC1, 0xFE, 0x01, 0xFE, 0x0F, 0xF0,
  0x0F, 0xF0, 0x7F, 0x80, 0x7F, 0x83, 0xFC, 0x03, 0xFC, 0x1F, 0xE0, 0x0F,
  0xF1, 0xFE, 0x00, 0x7F, 0x8F, 0xF0, 0x03, 0xFC, 0x7F, 0x80, 0x1F, 0xE3,
  0xFC, 0x00, 0xFF, 0x1F, 0xE0, 0x07, 0xF8, 0xFF, 0x00, 0x1F, 0xC7, 0xF0,
  0x00, 0xFE, 0x3F, 0x80, 0x07, 0xFB, 0xFC, 0x00, 0x3F, 0xDF, 0xE0, 0x01,
  0xFE, 0xFF, 0x00, 0x0F, 0xF7, 0xF8, 0x00, 0x3F, 0xBF, 0x80, 0x01, 0xFD,
  0xFC, 0x00, 0x0F, 0xEF, 0xE0, 0x00, 0x7F, 0x7F, 0x00, 0x03, 0xFB, 0xF8,
  0x00, 0x1F, 0xDF, 0xC0, 0x00, 0x7F, 0xFC, 0x00, 0x03, 0xFF, 0xE0, 0x00,
  0x1F, 0xFF, 0x00, 0x00, 0xFF, 0xF8, 0x00, 0x07, 0xFF, 0xC0, 0x00, 0x3F,
  0xFE, 0x00, 0x00, 0xFF, 0xE0, 0x00, 0x07, 0xFF, 0x00, 0x00, 0x3F, 0xF8,
  0x00, 0x01, 0xFF, 0xC0, 0x00, 0x0F, 0xFE, 0x00, 0x00, 0x7F, 0xF0, 0x00,
  0x01, 0xFF, 0x00, 0x00, 0x0F, 0xF8, 0x00, 0x00, 0x7F, 0xC0, 0x00, 0xFF,
  0x80, 0x0F, 0xE0, 0x03, 0xFF, 0xFF, 0x00, 0x1F, 0xC0, 0x07, 0xFF, 0xFE,
  0x00, 0x3F, 0x80, 0x0F, 0xFB, 0xFC, 0x00, 0x7F, 0x00, 0x1F, 0xE7, 0xFC,
  0x01, 0xFF, 0x00, 0x7F, 0xCF, 0xF8, 0x03, 0xFE, 0x00, 0xFF, 0x9F, 0xF0,
  0x07, 0xFC, 0x01, 0xFF, 0x3F, 0xE0, 0x0F, 0xF8, 0x03, 0xFE, 0x7F, 0xC0,
  0x1F, 0xF0, 0x07, 0xFC, 0xFF, 0x80, 0x3F, 0xE0, 0x0F, 0xF8, 0xFF, 0x00,
  0x7F, 0xC0, 0x1F, 0xE1, 0xFF, 0x01, 0xFF, 0xC0, 0x7F, 0xC3, 0xFE, 0x03,
  0xFF, 0x80, 0xFF, 0x87, 0xFC, 0x07, 0xFF, 0x01, 0xFF, 0x0F, 0xF8, 0x0F,
  0xFE, 0x03, 0xFE, 0x1F, 0xF0, 0x1F, 0xFC, 0x07, 0xFC, 0x3F, 0xE0, 0x3F,
  0xF8, 0x0F, 0xF8, 0x3F, 0xC0, 0x7F, 0xF0, 0x1F, 0xE0, 0x7F, 0xC1, 0xFF,
  0xF0, 0x7F, 0xC0, 0xFF, 0x83, 0xFF, 0xE0, 0xFF, 0x81, 0xFF, 0x07, 0xEF,
  0xC1, 0xFF, 0x03, 0xFE, 0x0F, 0xDF, 0x83, 0xFE, 0x07, 0xFC, 0x1F, 0xBF,
  0x07, 0xFC, 0x07, 0xF8, 0x3F, 0x7E, 0x0F, 0xF0, 0x0F, 0xF0, 0x7E, 0xFC,
  0x1F, 0xE0, 0x1F, 0xF1, 0xFD, 0xFC, 0x7F, 0xC0, 0x3F, 0xE3, 0xFB, 0xF8,
  0xFF, 0x80, 0x7F, 0xC7, 0xF7, 0xF1, 0xFF, 0x00, 0xFF, 0x8F, 0xEF, 0xE3,
  0xFE, 0x01, 0xFF, 0x1F, 0xDF, 0xC7, 0xFC, 0x01, 0xFE, 0x3F, 0x1F, 0x8F,
  0xF0, 0x03, 0xFC, 0x7E, 0x3F, 0x1F, 0xE0, 0x07, 0xF9, 0xFC, 0x7E, 0x7F,
  0xC0, 0x0F, 0xFB, 0xF8, 0xFE, 0xFF, 0x80, 0x1F, 0xF7, 0xF1, 0xFD, 0xFF,
  0x00, 0x3F, 0xEF, 0xE3, 0xFB, 0xFE, 0x00, 0x7F, 0xDF, 0xC7, 0xF7, 0xFC,
  0x00, 0x7F, 0xBF, 0x07, 0xEF, 0xF0, 0x00, 0xFF, 0x7E, 0x0F, 0xDF, 0xE0,
  0x01, 0xFE, 0xFC, 0x1F, 0xBF, 0xC0, 0x03, 0xFD, 0xF8, 0x3F, 0x7F, 0x80,
  0x07, 0xFB, 0xF0, 0x7E, 0xFF, 0x00, 0x0F, 0xFF, 0xE0, 0xFF, 0xFE, 0x00,
  0x0F, 0xFF, 0xC0, 0xFF, 0xF8, 0x00, 0x1F, 0xFF, 0x01, 0xFF, 0xF0, 0x00,
  0x3F, 0xFE, 0x03, 0xFF, 0xE0, 0x00, 0x7F, 0xFC, 0x07, 0xFF, 0xC0, 0x00,
  0xFF, 0xF8, 0x0F, 0xFF, 0x80, 0x01, 0xFF, 0xF0, 0x1F, 0xFF, 0x00, 0x03,
  0xFF, 0xE0, 0x3F, 0xFE, 0x00, 0x03, 0xFF, 0x80, 0x3F, 0xF8, 0x00, 0x07,
  0xFF, 0x00, 0x7F, 0xF0, 0x00, 0x0F, 0xFE, 0x00, 0xFF, 0xE0, 0x00, 0x1F,
  0xFC, 0x01, 0xFF, 0xC0, 0x00, 0x3F, 0xF8, 0x03, 0xFF, 0x80, 0x00, 0x7F,
  0xF0, 0x07, 0xFF, 0x00, 0x00, 0xFF, 0xE0, 0x0F, 0xFE, 0x00, 0x00, 0xFF,
  0x80, 0x0F, 0xF8, 0x00, 0x01, 0xFF, 0x00, 0x1F, 0xF0, 0x00, 0x03, 0xFE,
  0x00, 0x3F, 0xE0, 0x00, 0x7F, 0xC0, 0x01, 0xFF, 0x3F, 0xF0, 0x01, 0xFF,
  0x8F, 0xF8, 0x00, 0xFF, 0x87, 0xFC, 0x00, 0x7F, 0xC1, 0xFF, 0x00, 0x3F,
  0xE0, 0xFF, 0x80, 0x3F, 0xE0, 0x7F, 0xC0, 0x1F, 0xF0, 0x1F, 0xF0, 0x0F,
  0xF0, 0x0F, 0xF8, 0x0F, 0xF8, 0x07, 0xFC, 0x07, 0xFC, 0x01, 0xFF, 0x03,
  0xFC, 0x00, 0xFF, 0x83, 0xFE, 0x00, 0x7F, 0xC1, 0xFF, 0x00, 0x1F, 0xF0,
  0xFF, 0x00, 0x0F, 0xF8, 0xFF, 0x80, 0x07, 0xFC, 0x7F, 0xC0, 0x01, 0xFF,
  0x3F, 0xC0, 0x00, 0xFF, 0xBF, 0xE0, 0x00, 0x7F, 0xDF, 0xE0, 0x00, 0x1F,
  0xFF, 0xF0, 0x00, 0x0F, 0xFF, 0xF8, 0x00, 0x03, 0xFF, 0xF8, 0x00, 0x01,
  0xFF, 0xFC, 0x00, 0x00, 0xFF, 0xFE, 0x00, 0x00, 0x3F, 0xFE, 0x00, 0x00,
  0x1F, 0xFF, 0x00, 0x00, 0x0F, 0xFF, 0x80, 0x00, 0x03, 0xFF, 0x80, 0x00,
  0x01, 0xFF, 0xC0, 0x00, 0x00, 0xFF, 0xE0, 0x00, 0x00, 0x7F, 0xF0, 0x00,
  0x00, 0x3F, 0xFC, 0x00, 0x00, 0x3F, 0xFE, 0x00, 0x00, 0x1F, 0xFF, 0x00,
  0x00, 0x1F, 0xFF, 0xC0, 0x00, 0x0F, 0xFF, 0xE0, 0x00, 0x07, 0xFF, 0xF0,
  0x00, 0x07, 0xFF, 0xFC, 0x00, 0x03, 0xFF, 0xFE, 0x00, 0x01, 0xFE, 0xFF,
  0x00, 0x01, 0xFF, 0x7F, 0xC0, 0x00, 0xFF, 0xBF, 0xE0, 0x00, 0xFF, 0x8F,
  0xF8, 0x00, 0x7F, 0xC7, 0xFC, 0x00, 0x3F, 0xE3, 0xFE, 0x00, 0x3F, 0xE0,
  0xFF, 0x80, 0x1F, 0xF0, 0x7F, 0xC0, 0x0F, 0xF0, 0x1F, 0xE0, 0x0F, 0xF8,
  0x0F, 0xF8, 0x07, 0xFC, 0x07, 0xFC, 0x07, 0xFC, 0x01, 0xFF, 0x03, 0xFE,
  0x00, 0xFF, 0x81, 0xFF, 0x00, 0x7F, 0xC1, 0xFF, 0x00, 0x1F, 0xF0, 0xFF,
  0x80, 0x0F, 0xF8, 0x7F, 0xC0, 0x07, 0xFC, 0x7F, 0xC0, 0x01, 0xFF, 0x3F,
  0xE0, 0x00, 0xFF, 0xBF, 0xF0, 0x00, 0x7F, 0xDF, 0xF0, 0x00, 0x1F, 0xF0,
  0xFF, 0x80, 0x00, 0xFF, 0xFF, 0xC0, 0x00, 0x7F, 0xDF, 0xF0, 0x00, 0x7F,
  0xCF, 0xF8, 0x00, 0x3F, 0xE7, 0xFC, 0x00, 0x1F, 0xF1, 0xFF, 0x00, 0x1F,
  0xF0, 0xFF, 0x80, 0x0F, 0xF8, 0x7F, 0xC0, 0x07, 0xFC, 0x1F, 0xE0, 0x03,
  0xFC, 0x0F, 0xF8, 0x03, 0xFE, 0x07, 0xFC, 0x01, 0xFF, 0x01, 0xFE, 0x00,
  0xFF, 0x00, 0xFF, 0x80, 0xFF, 0x80, 0x7F, 0xC0, 0x7F, 0xC0, 0x1F, 0xE0,
  0x3F, 0xC0, 0x0F, 0xF0, 0x1F, 0xE0, 0x07, 0xFC, 0x1F, 0xF0, 0x03, 0xFE,
  0x0F, 0xF8, 0x00, 0xFF, 0x07, 0xF8, 0x00, 0x7F, 0xC7, 0xFC, 0x00, 0x3F,
  0xE3, 0xFE, 0x00, 0x0F, 0xF1, 0xFE, 0x00, 0x07, 0xFC, 0xFF, 0x00, 0x03,
  0xFE, 0xFF, 0x80, 0x00, 0xFF, 0x7F, 0x80, 0x00, 0x7F, 0xBF, 0xC0, 0x00,
  0x3F, 0xFF, 0xE0, 0x00, 0x0F, 0xFF, 0xE0, 0x00, 0x07, 0xFF, 0xF0, 0x00,
  0x03, 0xFF, 0xF8, 0x00, 0x00, 0xFF, 0xF8, 0x00, 0x00, 0x7F, 0xFC, 0x00,
  0x00, 0x3F, 0xFE, 0x00, 0x00, 0x0F, 0xFE, 0x00, 0x00, 0x07, 0xFF, 0x00,
  0x00, 0x03, 0xFF, 0x80, 0x00, 0x00, 0xFF, 0x80, 0x00, 0x00, 0x7F, 0xC0,
  0x00, 0x00, 0x3F, 0xE0, 0x00, 0x00, 0x1F, 0xF0, 0x00, 0x00, 0x0F, 0xF8,
  0x00, 0x00, 0x07, 0xFC, 0x00, 0x00, 0x03, 0xFE, 0x00, 0x00, 0x01, 0xFF,
  0x00, 0x00, 0x00, 0xFF, 0x80, 0x00, 0x00, 0x7F, 0xC0, 0x00, 0x00, 0x3F,
  0xE0, 0x00, 0x00, 0x1F, 0xF0, 0x00, 0x00, 0x0F, 0xF8, 0x00, 0x00, 0x07,
  0xFC, 0x00, 0x00, 0x03, 0xFE, 0x00, 0x00, 0x01, 0xFF, 0x00, 0x00, 0x00,
  0xFF, 0x80, 0x00, 0x00, 0x7F, 0xC0, 0x00, 0x00, 0x3F, 0xE0, 0x00, 0x00,
  0x1F, 0xF0, 0x00, 0x00, 0x0F, 0xF8, 0x00, 0x00, 0x07, 0xFC, 0x00, 0x00,
  0x03, 0xFE, 0x00, 0x00, 0x01, 0xFF, 0x00, 0x00, 0x7F, 0xFF, 0xFF, 0xEF,
  0xFF, 0xFF, 0xFD, 0xFF, 0xFF, 0xFF, 0xBF, 0xFF, 0xFF, 0xF7, 0xFF, 0xFF,
  0xFE, 0xFF, 0xFF, 0xFF, 0xDF, 0xFF, 0xFF, 0xFB, 0xFF, 0xFF, 0xFE, 0x00,
  0x00, 0xFF, 0xC0, 0x00, 0x3F, 0xF8, 0x00, 0x07, 0xFE, 0x00, 0x00, 0xFF,
  0xC0, 0x00, 0x3F, 0xF0, 0x00, 0x07, 0xFE, 0x00, 0x00, 0xFF, 0xC0, 0x00,
  0x3F, 0xF0, 0x00, 0x07, 0xFE, 0x00, 0x00, 0xFF, 0xC0, 0x00, 0x3F, 0xF0,
  0x00, 0x07, 0xFE, 0x00, 0x00, 0xFF, 0xC0, 0x00, 0x3F, 0xF0, 0x00, 0x07,
  0xFE, 0x00, 0x00, 0xFF, 0xC0, 0x00, 0x3F, 0xF0, 0x00, 0x07, 0xFE, 0x00,
  0x00, 0xFF, 0xC0, 0x00, 0x3F, 0xF0, 0x00, 0x07, 0xFE, 0x00, 0x00, 0xFF,
  0xC0, 0x00, 0x3F, 0xF0, 0x00, 0x07, 0xFE, 0x00, 0x00, 0xFF, 0xC0, 0x00,
  0x3F, 0xF0, 0x00, 0x07, 0xFE, 0x00, 0x00, 0xFF, 0xC0, 0x00, 0x3F, 0xF0,
  0x00, 0x07, 0xFE, 0x00, 0x00, 0xFF, 0xC0, 0x00, 0x3F, 0xF0, 0x00, 0x07,
  0xFE, 0x00, 0x00, 0xFF, 0xC0, 0x00, 0x3F, 0xF0, 0x00, 0x07, 0xFE, 0x00,
  0x00, 0xFF, 0xC0, 0x00, 0x3F, 0xF0, 0x00, 0x07, 0xFE, 0x00, 0x00, 0xFF,
  0xC0, 0x00, 0x3F, 0xF0, 0x00, 0x07, 0xFE, 0x00, 0x00, 0xFF, 0xC0, 0x00,
  0x3F, 0xF0, 0x00, 0x07, 0xFF, 0xFF, 0xFE, 0xFF, 0xFF, 0xFF, 0xFF, 0xFF,
  0xFF, 0xFF, 0xFF, 0xFF, 0xFF, 0xFF, 0xFF, 0xFF, 0xFF, 0xFF, 0xFF, 0xFF,
  0xFF, 0xFF, 0xFF, 0xFF, 0xFF, 0xFF, 0xF0, 0x3F, 0xFF, 0xBF, 0xFF, 0xFF,
  0xFF, 0xFF, 0xFF, 0xFF, 0xFF, 0xFF, 0xFF, 0xFF, 0xFF, 0xFF, 0xFF, 0xFF,
  0xFF, 0x80, 0x7F, 0xC0, 0x3F, 0xE0, 0x1F, 0xF0, 0x0F, 0xF8, 0x07, 0xFC,
  0x03, 0xFE, 0x01, 0xFF, 0x00, 0xFF, 0x80, 0x7F, 0xC0, 0x3F, 0xE0, 0x1F,
  0xF0, 0x0F, 0xF8, 0x07, 0xFC, 0x03, 0xFE, 0x01, 0xFF, 0x00, 0xFF, 0x80,
  0x7F, 0xC0, 0x3F, 0xE0, 0x1F, 0xF0, 0x0F, 0xF8, 0x07, 0xFC, 0x03, 0xFE,
  0x01, 0xFF, 0x00, 0xFF, 0x80, 0x7F, 0xC0, 0x3F, 0xE0, 0x1F, 0xF0, 0x0F,
  0xF8, 0x07, 0xFC, 0x03, 0xFE, 0x01, 0xFF, 0x00, 0xFF, 0x80, 0x7F, 0xC0,
  0x3F, 0xE0, 0x1F, 0xF0, 0x0F, 0xF8, 0x07, 0xFC, 0x03, 0xFE, 0x01, 0xFF,
  0x00, 0xFF, 0x80, 0x7F, 0xC0, 0x3F, 0xE0, 0x1F, 0xF0, 0x0F, 0xF8, 0x07,
  0xFC, 0x03, 0xFE, 0x01, 0xFF, 0x00, 0xFF, 0x80, 0x7F, 0xC0, 0x3F, 0xE0,
  0x1F, 0xF0, 0x0F, 0xF8, 0x07, 0xFF, 0xFF, 0xFF, 0xFF, 0xFF, 0xFF, 0xFF,
  0xFF, 0xFF, 0xFF, 0xFF, 0xFF, 0xEF, 0xFF, 0xF3, 0xFF, 0xF8, 0xFF, 0x80,
  0x00, 0x00, 0x3F, 0xE0, 0x00, 0x00, 0x1F, 0xF0, 0x00, 0x00, 0x0F, 0xF8,
  0x00, 0x00, 0x03, 0xFE, 0x00, 0x00, 0x01, 0xFF, 0x00, 0x00, 0x00, 0x7F,
  0xC0, 0x00, 0x00, 0x3F, 0xE0, 0x00, 0x00, 0x1F, 0xF0, 0x00, 0x00, 0x07,
  0xFC, 0x00, 0x00, 0x03, 0xFE, 0x00, 0x00, 0x00, 0xFF, 0x80, 0x00, 0x00,
  0x7F, 0xC0, 0x00, 0x00, 0x3F, 0xE0, 0x00, 0x00, 0x0F, 0xF8, 0x00, 0x00,
  0x07, 0xFC, 0x00, 0x00, 0x01, 0xFF, 0x00, 0x00, 0x00, 0xFF, 0x80, 0x00,
  0x00, 0x7F, 0xC0, 0x00, 0x00, 0x1F, 0xF0, 0x00, 0x00, 0x0F, 0xF8, 0x00,
  0x00, 0x03, 0xFE, 0x00, 0x00, 0x01, 0xFF, 0x00, 0x00, 0x00, 0xFF, 0x80,
  0x00, 0x00, 0x3F, 0xE0, 0x00, 0x00, 0x1F, 0xF0, 0x00, 0x00, 0x07, 0xFC,
  0x00, 0x00, 0x03, 0xFE, 0x00, 0x00, 0x01, 0xFF, 0x00, 0x00, 0x00, 0x7F,
  0xC0, 0x00, 0x00, 0x3F, 0xE0, 0x00, 0x00, 0x0F, 0xF8, 0x00, 0x00, 0x07,
  0xFC, 0x00, 0x00, 0x03, 0xFE, 0x00, 0x00, 0x00, 0xFF, 0x80, 0x00, 0x00,
  0x7F, 0xC0, 0x00, 0x00, 0x1F, 0xF0, 0x00, 0x00, 0x0F, 0xF8, 0x00, 0x00,
  0x07, 0xFC, 0x00, 0x00, 0x01, 0xFF, 0x00, 0x00, 0x00, 0xFF, 0x80, 0x00,
  0x00, 0x3F, 0xE0, 0x00, 0x00, 0x1F, 0xF0, 0x00, 0x00, 0x0F, 0xF8, 0x00,
  0x00, 0x03, 0xFE, 0x00, 0x00, 0x01, 0xFF, 0x00, 0x00, 0x00, 0x7F, 0xC0,
  0x00, 0x00, 0x3F, 0xE0, 0x00, 0x00, 0x1F, 0xF0, 0x00, 0x00, 0x07, 0xFC,
  0x00, 0x00, 0x03, 0xFE, 0x00, 0x00, 0x00, 0xFF, 0x80, 0x00, 0x00, 0x7F,
  0xC0, 0x00, 0x00, 0x3F, 0xE0, 0x00, 0x00, 0x0F, 0xF8, 0x00, 0x00, 0x07,
  0xFC, 0x00, 0x00, 0x01, 0xFF, 0x00, 0x00, 0x00, 0xFF, 0x80, 0x00, 0x00,
  0x7F, 0xC0, 0x00, 0x00, 0x1F, 0xF0, 0xFF, 0xFE, 0x7F, 0xFF, 0xBF, 0xFF,
  0xFF, 0xFF, 0xFF, 0xFF, 0xFF, 0xFF, 0xFF, 0xFF, 0xFF, 0xFF, 0xFF, 0x00,
  0xFF, 0x80, 0x7F, 0xC0, 0x3F, 0xE0, 0x1F, 0xF0, 0x0F, 0xF8, 0x07, 0xFC,
  0x03, 0xFE, 0x01, 0xFF, 0x00, 0xFF, 0x80, 0x7F, 0xC0, 0x3F, 0xE0, 0x1F,
  0xF0, 0x0F, 0xF8, 0x07, 0xFC, 0x03, 0xFE, 0x01, 0xFF, 0x00, 0xFF, 0x80,
  0x7F, 0xC0, 0x3F, 0xE0, 0x1F, 0xF0, 0x0F, 0xF8, 0x07, 0xFC, 0x03, 0xFE,
  0x01, 0xFF, 0x00, 0xFF, 0x80, 0x7F, 0xC0, 0x3F, 0xE0, 0x1F, 0xF0, 0x0F,
  0xF8, 0x07, 0xFC, 0x03, 0xFE, 0x01, 0xFF, 0x00, 0xFF, 0x80, 0x7F, 0xC0,
  0x3F, 0xE0, 0x1F, 0xF0, 0x0F, 0xF8, 0x07, 0xFC, 0x03, 0xFE, 0x01, 0xFF,
  0x00, 0xFF, 0x80, 0x7F, 0xC0, 0x3F, 0xE0, 0x1F, 0xF0, 0x0F, 0xF8, 0x07,
  0xFC, 0x03, 0xFE, 0x01, 0xFF, 0x00, 0xFF, 0x80, 0x7F, 0xC0, 0x3F, 0xE0,
  0x1F, 0xF0, 0x0F, 0xFF, 0xFF, 0xFF, 0xFF, 0xFF, 0xFF, 0xFF, 0xFF, 0xFF,
  0xFF, 0xFF, 0xFF, 0xFF, 0xFF, 0xFF, 0xEF, 0xFF, 0xE0, 0x00, 0x3F, 0x80,
  0x00, 0x0F, 0xF8, 0x00, 0x01, 0xFF, 0x00, 0x00, 0x7F, 0xF0, 0x00, 0x0F,
  0xFE, 0x00, 0x03, 0xFF, 0xE0, 0x00, 0x7F, 0xFC, 0x00, 0x1F, 0xFF, 0xC0,
  0x03, 0xFF, 0xF8, 0x00, 0xFF, 0x7F, 0x80, 0x1F, 0xEF, 0xF0, 0x07, 0xF8,
  0xFE, 0x00, 0xFF, 0x1F, 0xE0, 0x3F, 0xC1, 0xFC, 0x07, 0xF8, 0x3F, 0xC1,
  0xFE, 0x03, 0xF8, 0x3F, 0xC0, 0x7F, 0x8F, 0xF0, 0x07, 0xF1, 0xFC, 0x00,
  0x7F, 0x7F, 0x80, 0x0F, 0xEF, 0xE0, 0x00, 0xFE, 0xFF, 0xFF, 0xFF, 0xFF,
  0xFF, 0xFF, 0xFF, 0xFF, 0xFF, 0xFF, 0xFF, 0xFF, 0xFF, 0xFF, 0xFF, 0xFF,
  0xFF, 0xFF, 0xFF, 0xFF, 0xFF, 0xFF, 0xFF, 0xFF, 0xFF, 0xFF, 0xFF, 0x80,
  0xFF, 0xE0, 0x3F, 0xF8, 0x0F, 0xFC, 0x03, 0xFF, 0x00, 0x7F, 0xC0, 0x1F,
  0xE0, 0x07, 0xF8, 0x01, 0xFE, 0x00, 0x7F, 0x00, 0x1F, 0xC0, 0x3F, 0xFF,
  0xFF, 0x1F, 0xFF, 0xFF, 0xEF, 0xFF, 0xFF, 0xFF, 0xFF, 0xFF, 0xFF, 0xFF,
  0xFF, 0xFF, 0xFF, 0xFF, 0xFF, 0xFF, 0xFF, 0xFF, 0xFF, 0xFE, 0x01, 0xFF,
  0xFF, 0x80, 0x7F, 0xFF, 0xE0, 0x1F, 0xFF, 0xF8, 0x07, 0xFC, 0x00, 0x01,
  0xFF, 0x00, 0x00, 0x7F, 0xC0, 0x00, 0x1F, 0xF0, 0x00, 0x07, 0xFC, 0xFF,
  0xFF, 0xFF, 0x7F, 0xFF, 0xFF, 0xFF, 0xFF, 0xFF, 0xFF, 0xFF, 0xFF, 0xFF,
  0xFF, 0xFF, 0xFF, 0xFF, 0xFF, 0xFF, 0xFF, 0xE0, 0x1F, 0xFF, 0xF8, 0x07,
  0xFF, 0xFE, 0x01, 0xFF, 0xFF, 0x80, 0x7F, 0xFF, 0xE0, 0x1F, 0xFF, 0xF8,
  0x07, 0xFF, 0xFE, 0x01, 0xFF, 0xFF, 0x80, 0x7F, 0xFF, 0xE0, 0x1F, 0xFF,
  0xF8, 0x07, 0xFF, 0xFF, 0xFF, 0xFF, 0xFF, 0xFF, 0xFF, 0xFF, 0xFF, 0xFF,
  0xFF, 0xFF, 0xFF, 0xFF, 0xFF, 0xFF, 0xFF, 0x7F, 0xFF, 0xFF, 0xCF, 0xFC,
  0x1F, 0xF0, 0xFF, 0x80, 0x00, 0x3F, 0xE0, 0x00, 0x0F, 0xF8, 0x00, 0x03,
  0xFE, 0x00, 0x00, 0xFF, 0x80, 0x00, 0x3F, 0xE0, 0x00, 0x0F, 0xF8, 0x00,
  0x03, 0xFE, 0x00, 0x00, 0xFF, 0x80, 0x00, 0x3F, 0xE0, 0x00, 0x0F, 0xF8,
  0x00, 0x03, 0xFE, 0x00, 0x00, 0xFF, 0x80, 0x00, 0x3F, 0xE0, 0x00, 0x0F,
  0xF8, 0x00, 0x03, 0xFE, 0x00, 0x00, 0xFF, 0x80, 0x00, 0x3F, 0xE0, 0x00,
  0x0F, 0xF8, 0x00, 0x03, 0xFE, 0x00, 0x00, 0xFF, 0x80, 0x00, 0x3F, 0xE0,
  0x00, 0x0F, 0xF8, 0x07, 0xF3, 0xFE, 0x3F, 0xFE, 0xFF, 0xFF, 0xFF, 0xFF,
  0xFF, 0xFF, 0xFF, 0xFF, 0xFF, 0xFF, 0xFF, 0xFF, 0xFF, 0xFF, 0xFF, 0xFF,
  0xFF, 0xFF, 0x9F, 0xFF, 0xFE, 0x07, 0xFF, 0xFE, 0x01, 0xFF, 0xFF, 0x80,
  0x7F, 0xFF, 0xE0, 0x1F, 0xFF, 0xF8, 0x07, 0xFF, 0xFE, 0x01, 0xFF, 0xFF,
  0x80, 0x7F, 0xFF, 0xE0, 0x1F, 0xFF, 0xF8, 0x07, 0xFF, 0xFE, 0x01, 0xFF,
  0xFF, 0x80, 0x7F, 0xFF, 0xE0, 0x1F, 0xFF, 0xF8, 0x07, 0xFF, 0xFE, 0x01,
  0xFF, 0xFF, 0x80, 0x7F, 0xFF, 0xE0, 0x1F, 0xFF, 0xF8, 0x07, 0xFF, 0xFE,
  0x01, 0xFF, 0xFF, 0x80, 0x7F, 0xFF, 0xE0, 0x1F, 0xFF, 0xF8, 0x07, 0xFF,
  0xFE, 0x01, 0xFF, 0xFF, 0x80, 0xFF, 0xFF, 0xFF, 0xFF, 0xFF, 0xFF, 0xFF,
  0xFF, 0xFF, 0xFF, 0xFF, 0xFF, 0xFF, 0xFF, 0xFF, 0xFF, 0xFF, 0xEF, 0xFF,
  0xFF, 0xF3, 0xFF, 0xFF, 0xF0, 0x3F, 0xFF, 0xFF, 0x1F, 0xFF, 0xFF, 0xEF,
  0xFF, 0xFF, 0xFF, 0xFF, 0xFF, 0xFF, 0xFF, 0xFF, 0xFF, 0xFF, 0xFF, 0xFF,
  0xFF, 0xFF, 0xFF, 0xFF, 0xFE, 0x01, 0xFF, 0xFF, 0x80, 0x7F, 0xFF, 0xE0,
  0x1F, 0xFF, 0xF8, 0x07, 0xFF, 0xFE, 0x01, 0xFF, 0xFF, 0x80, 0x7F, 0xFF,
  0xE0, 0x1F, 0xFF, 0xF8, 0x00, 0x03, 0xFE, 0x00, 0x00, 0xFF, 0x80, 0x00,
  0x3F, 0xE0, 0x00, 0x0F, 0xF8, 0x00, 0x03, 0xFE, 0x00, 0x00, 0xFF, 0x80,
  0x00, 0x3F, 0xE0, 0x00, 0x0F, 0xF8, 0x00, 0x03, 0xFE, 0x00, 0x00, 0xFF,
  0x80, 0x7F, 0xFF, 0xE0, 0x1F, 0xFF, 0xF8, 0x07, 0xFF, 0xFE, 0x01, 0xFF,
  0xFF, 0x80, 0x7F, 0xFF, 0xE0, 0x1F, 0xFF, 0xF8, 0x07, 0xFF, 0xFF, 0xFF,
  0xFF, 0xFF, 0xFF, 0xFF, 0xFF, 0xFF, 0xFF, 0xFF, 0xFF, 0xFF, 0xFF, 0xFF,
  0xFF, 0xFE, 0x7F, 0xFF, 0xFF, 0x8F, 0xFF, 0xFF, 0x80, 0x00, 0x00, 0x7F,
  0xC0, 0x00, 0x1F, 0xF0, 0x00, 0x07, 0xFC, 0x00, 0x01, 0xFF, 0x00, 0x00,
  0x7F, 0xC0, 0x00, 0x1F, 0xF0, 0x00, 0x07, 0xFC, 0x00, 0x01, 0xFF, 0x00,
  0x00, 0x7F, 0xC0, 0x00, 0x1F, 0xF0, 0x00, 0x07, 0xFC, 0x00, 0x01, 0xFF,
  0x00, 0x00, 0x7F, 0xC0, 0x00, 0x1F, 0xF0, 0x00, 0x07, 0xFC, 0x00, 0x01,
  0xFF, 0x00, 0x00, 0x7F, 0xC0, 0x00, 0x1F, 0xF0, 0x00, 0x07, 0xFC, 0x00,
  0x01, 0xFF, 0x00, 0x00, 0x7F, 0xC0, 0x00, 0x1F, 0xF0, 0x7F, 0xFF, 0xFC,
  0xFF, 0xFF, 0xFF, 0x7F, 0xFF, 0xFF, 0xFF, 0xFF, 0xFF, 0xFF, 0xFF, 0xFF,
  0xFF, 0xFF, 0xFF, 0xFF, 0xFF, 0xFF, 0xFF, 0xFF, 0xF0, 0x1F, 0xFF, 0xF8,
  0x07, 0xFF, 0xFE, 0x01, 0xFF, 0xFF, 0x80, 0x7F, 0xFF, 0xE0, 0x1F, 0xFF,
  0xF8, 0x07, 0xFF, 0xFE, 0x01, 0xFF, 0xFF, 0x80, 0x7F, 0xFF, 0xE0, 0x1F,
  0xFF, 0xF8, 0x07, 0xFF, 0xFE, 0x01, 0xFF, 0xFF, 0x80, 0x7F, 0xFF, 0xE0,
  0x1F, 0xFF, 0xF8, 0x07, 0xFF, 0xFE, 0x01, 0xFF, 0xFF, 0x80, 0x7F, 0xFF,
  0xE0, 0x1F, 0xFF, 0xF8, 0x07, 0xFF, 0xFE, 0x01, 0xFF, 0xFF, 0x80, 0x7F,
  0xFF, 0xE0, 0x1F, 0xFF, 0xF8, 0x07, 0xFF, 0xFE, 0x07, 0xFF, 0xFF, 0xC7,
  0xFF, 0xFF, 0xFF, 0xFF, 0xFF, 0xFF, 0xFF, 0xFF, 0xFF, 0xFF, 0xFF, 0xFF,
  0xFF, 0xFF, 0xDF, 0xFF, 0xDF, 0xF3, 0xFF, 0x07, 0xFC, 0x7C, 0x01, 0xFF,
  0x3F, 0xFF, 0xFF, 0x1F, 0xFF, 0xFF, 0xEF, 0xFF, 0xFF, 0xFF, 0xFF, 0xFF,
  0xFF, 0xFF, 0xFF, 0xFF, 0xFF, 0xFF, 0xFF, 0xFF, 0xFF, 0xFF, 0xFF, 0xFE,
  0x01, 0xFF, 0xFF, 0x80, 0x7F, 0xFF, 0xE0, 0x1F, 0xFF, 0xF8, 0x07, 0xFF,
  0xFE, 0x01, 0xFF, 0xFF, 0x80, 0x7F, 0xFF, 0xE0, 0x1F, 0xFF, 0xF8, 0x07,
  0xFF, 0xFE, 0x01, 0xFF, 0xFF, 0xFF, 0xFF, 0xFF, 0xFF, 0xFF, 0xFF, 0xFF,
  0xFF, 0xFF, 0xFF, 0xFF, 0xFE, 0xFF, 0xFF, 0xFF, 0x3F, 0xE0, 0x00, 0x0F,
  0xF8, 0x00, 0x03, 0xFE, 0x00, 0x00, 0xFF, 0x80, 0x00, 0x3F, 0xE0, 0x1F,
  0xFF, 0xF8, 0x07, 0xFF, 0xFE, 0x01, 0xFF, 0xFF, 0x80, 0x7F, 0xFF, 0xE0,
  0x1F, 0xFF, 0xF8, 0x07, 0xFF, 0xFF, 0xFF, 0xFF, 0xFF, 0xFF, 0xFF, 0xFF,
  0xFF, 0xFF, 0xFF, 0xFF, 0xFF, 0xFF, 0xFF, 0xFF, 0xFE, 0x7F, 0xFF, 0xFF,
  0x8F, 0xFF, 0xFF, 0x80, 0x03, 0xFF, 0xF0, 0x7F, 0xFF, 0x0F, 0xFF, 0xF0,
  0xFF, 0xFF, 0x0F, 0xFF, 0xF0, 0xFF, 0xFF, 0x0F, 0xFF, 0xF0, 0xFF, 0x80,
  0x0F, 0xF8, 0x00, 0xFF, 0x80, 0x0F, 0xF8, 0x00, 0xFF, 0x80, 0x0F, 0xF8,
  0x00, 0xFF, 0x80, 0x0F, 0xF8, 0x00, 0xFF, 0x80, 0x0F, 0xF8, 0x00, 0xFF,
  0x80, 0x0F, 0xF8, 0x00, 0xFF, 0x80, 0x0F, 0xF8, 0x00, 0xFF, 0x80, 0xFF,
  0xFF, 0xEF, 0xFF, 0xFE, 0xFF, 0xFF, 0xEF, 0xFF, 0xFE, 0xFF, 0xFF, 0xEF,
  0xFF, 0xFE, 0xFF, 0xFF, 0xE0, 0xFF, 0x80, 0x0F, 0xF8, 0x00, 0xFF, 0x80,
  0x0F, 0xF8, 0x00, 0xFF, 0x80, 0x0F, 0xF8, 0x00, 0xFF, 0x80, 0x0F, 0xF8,
  0x00, 0xFF, 0x80, 0x0F, 0xF8, 0x00, 0xFF, 0x80, 0x0F, 0xF8, 0x00, 0xFF,
  0x80, 0x0F, 0xF8, 0x00, 0xFF, 0x80, 0x0F, 0xF8, 0x00, 0xFF, 0x80, 0x0F,
  0xF8, 0x00, 0xFF, 0x80, 0x0F, 0xF8, 0x00, 0xFF, 0x80, 0x0F, 0xF8, 0x00,
  0xFF, 0x80, 0x0F, 0xF8, 0x00, 0xFF, 0x80, 0x0F, 0xF8, 0x00, 0xFF, 0x80,
  0x0F, 0xF8, 0x00, 0xFF, 0x80, 0x0F, 0xF8, 0x00, 0xFF, 0x80, 0x0F, 0xC0,
  0x7F, 0xCF, 0xFF, 0x9F, 0xF7, 0xFF, 0xFF, 0xFD, 0xFF, 0xFF, 0xFF, 0xFF,
  0xFF, 0xFF, 0xFF, 0xFF, 0xFF, 0xFF, 0xFF, 0xFF, 0xFF, 0xFF, 0x0F, 0xFF,
  0xFF, 0x80, 0xFF, 0xFF, 0xE0, 0x1F, 0xFF, 0xF8, 0x07, 0xFF, 0xFE, 0x01,
  0xFF, 0xFF, 0x80, 0x7F, 0xFF, 0xE0, 0x1F, 0xFF, 0xF8, 0x07, 0xFF, 0xFE,
  0x01, 0xFF, 0xFF, 0x80, 0x7F, 0xFF, 0xE0, 0x1F, 0xFF, 0xF8, 0x07, 0xFF,
  0xFE, 0x01, 0xFF, 0xFF, 0x80, 0x7F, 0xFF, 0xE0, 0x1F, 0xFF, 0xF8, 0x07,
  0xFF, 0xFE, 0x01, 0xFF, 0xFF, 0x80, 0x7F, 0xFF, 0xE0, 0x1F, 0xFF, 0xF8,
  0x07, 0xFF, 0xFE, 0x01, 0xFF, 0xFF, 0x80, 0x7F, 0xFF, 0xE0, 0x1F, 0xFF,
  0xFC, 0x07, 0xFF, 0xFF, 0xFF, 0xFF, 0xFF, 0xFF, 0xFF, 0xDF, 0xFF, 0xFF,
  0xF7, 0xFF, 0xFF, 0xFC, 0xFF, 0xFF, 0xFF, 0x1F, 0xFF, 0xFF, 0xC1, 0xFF,
  0xFF, 0xF0, 0x00, 0x07, 0xFC, 0x00, 0x01, 0xFF, 0x00, 0x00, 0x7F, 0xC0,
  0x00, 0x1F, 0xF7, 0xFC, 0x07, 0xFD, 0xFF, 0x01, 0xFF, 0x7F, 0xC0, 0x7F,
  0xDF, 0xFF, 0xFF, 0xF7, 0xFF, 0xFF, 0xFD, 0xFF, 0xFF, 0xFF, 0x7F, 0xFF,
  0xFF, 0xDF, 0xFF, 0xFF, 0xE3, 0xFF, 0xFF, 0xF8, 0x7F, 0xFF, 0xF8, 0xFF,
  0x80, 0x00, 0x3F, 0xE0, 0x00, 0x0F, 0xF8, 0x00, 0x03, 0xFE, 0x00, 0x00,
  0xFF, 0x80, 0x00, 0x3F, 0xE0, 0x00, 0x0F, 0xF8, 0x00, 0x03, 0xFE, 0x00,
  0x00, 0xFF, 0x80, 0x00, 0x3F, 0xE0, 0x00, 0x0F, 0xF8, 0x00, 0x03, 0xFE,
  0x00, 0x00, 0xFF, 0x80, 0x00, 0x3F, 0xE0, 0x00, 0x0F, 0xF8, 0x00, 0x03,
  0xFE, 0x00, 0x00, 0xFF, 0x80, 0x00, 0x3F, 0xE0, 0x00, 0x0F, 0xF8, 0x00,
  0x03, 0xFE, 0x00, 0x00, 0xFF, 0x80, 0x00, 0x3F, 0xE0, 0x00, 0x0F, 0xF8,
  0x03, 0xF3, 0xFE, 0x1F, 0xFE, 0xFF, 0xFF, 0xFF, 0xFF, 0xFF, 0xFF, 0xFF,
  0xFF, 0xFF, 0xFF, 0xFF, 0xFF, 0xFF, 0xFF, 0xFF, 0xFF, 0xFF, 0xFF, 0x9F,
  0xFF, 0xFE, 0x07, 0xFF, 0xFE, 0x01, 0xFF, 0xFF, 0x80, 0x7F, 0xFF, 0xE0,
  0x1F, 0xFF, 0xF8, 0x07, 0xFF, 0xFE, 0x01, 0xFF, 0xFF, 0x80, 0x7F, 0xFF,
  0xE0, 0x1F, 0xFF, 0xF8, 0x07, 0xFF, 0xFE, 0x01, 0xFF, 0xFF, 0x80, 0x7F,
  0xFF, 0xE0, 0x1F, 0xFF, 0xF8, 0x07, 0xFF, 0xFE, 0x01, 0xFF, 0xFF, 0x80,
  0x7F, 0xFF, 0xE0, 0x1F, 0xFF, 0xF8, 0x07, 0xFF, 0xFE, 0x01, 0xFF, 0xFF,
  0x80, 0x7F, 0xFF, 0xE0, 0x1F, 0xFF, 0xF8, 0x07, 0xFF, 0xFE, 0x01, 0xFF,
  0xFF, 0x80, 0x7F, 0xFF, 0xE0, 0x1F, 0xFF, 0xF8, 0x07, 0xFF, 0xFE, 0x01,
  0xFF, 0xFF, 0x80, 0x7F, 0xFF, 0xE0, 0x1F, 0xFF, 0xF8, 0x07, 0xFF, 0xFE,
  0x01, 0xFF, 0xFF, 0xFF, 0xFF, 0xFF, 0xFF, 0xFF, 0xFF, 0xFF, 0xFF, 0xFF,
  0x80, 0x00, 0x00, 0x00, 0x00, 0x00, 0x01, 0xFF, 0xFF, 0xFF, 0xFF, 0xFF,
  0xFF, 0xFF, 0xFF, 0xFF, 0xFF, 0xFF, 0xFF, 0xFF, 0xFF, 0xFF, 0xFF, 0xFF,
  0xFF, 0xFF, 0xFF, 0xFF, 0xFF, 0xFF, 0xFF, 0xFF, 0xFF, 0xFF, 0xFF, 0xFF,
  0xFF, 0xFF, 0xFF, 0xFF, 0xFF, 0xFF, 0xFF, 0xFF, 0xFF, 0xFF, 0xFF, 0xFF,
  0xFF, 0xF8, 0x03, 0xFE, 0x07, 0xFC, 0x0F, 0xF8, 0x1F, 0xF0, 0x3F, 0xE0,
  0x7F, 0xC0, 0xFF, 0x81, 0xFF, 0x03, 0xFE, 0x00, 0x00, 0x00, 0x00, 0x00,
  0x00, 0x00, 0x00, 0x00, 0x00, 0x00, 0x01, 0xFF, 0x03, 0xFE, 0x07, 0xFC,
  0x0F, 0xF8, 0x1F, 0xF0, 0x3F, 0xE0, 0x7F, 0xC0, 0xFF, 0x81, 0xFF, 0x03,
  0xFE, 0x07, 0xFC, 0x0F, 0xF8, 0x1F, 0xF0, 0x3F, 0xE0, 0x7F, 0xC0, 0xFF,
  0x81, 0xFF, 0x03, 0xFE, 0x07, 0xFC, 0x0F, 0xF8, 0x1F, 0xF0, 0x3F, 0xE0,
  0x7F, 0xC0, 0xFF, 0x81, 0xFF, 0x03, 0xFE, 0x07, 0xFC, 0x0F, 0xF8, 0x1F,
  0xF0, 0x3F, 0xE0, 0x7F, 0xC0, 0xFF, 0x81, 0xFF, 0x03, 0xFE, 0x07, 0xFC,
  0x0F, 0xF8, 0x1F, 0xF0, 0x3F, 0xE0, 0x7F, 0xC0, 0xFF, 0x81, 0xFF, 0x03,
  0xFE, 0x07, 0xFC, 0x0F, 0xF8, 0x1F, 0xFF, 0xFF, 0xFF, 0xFF, 0xFF, 0xFF,
  0xFF, 0xFF, 0xFF, 0xFD, 0xFF, 0xFB, 0xFF, 0xC0, 0xFF, 0x80, 0x00, 0x3F,
  0xE0, 0x00, 0x0F, 0xF8, 0x00, 0x03, 0xFE, 0x00, 0x00, 0xFF, 0x80, 0x00,
  0x3F, 0xE0, 0x00, 0x0F, 0xF8, 0x00, 0x03, 0xFE, 0x00, 0x00, 0xFF, 0x80,
  0x00, 0x3F, 0xE0, 0x00, 0x0F, 0xF8, 0x00, 0x03, 0xFE, 0x00, 0x00, 0xFF,
  0x80, 0x00, 0x3F, 0xE0, 0x00, 0x0F, 0xF8, 0x00, 0x03, 0xFE, 0x00, 0x00,
  0xFF, 0x80, 0x00, 0x3F, 0xE0, 0x00, 0x0F, 0xF8, 0x00, 0x03, 0xFE, 0x00,
  0x00, 0xFF, 0x80, 0x00, 0x3F, 0xE0, 0x00, 0x0F, 0xF8, 0x0F, 0xFB, 0xFE,
  0x07, 0xFC, 0xFF, 0x81, 0xFF, 0x3F, 0xE0, 0xFF, 0x8F, 0xF8, 0x3F, 0xE3,
  0xFE, 0x1F, 0xF0, 0xFF, 0x87, 0xFC, 0x3F, 0xE3, 0xFE, 0x0F, 0xF8, 0xFF,
  0x83, 0xFE, 0x7F, 0xC0, 0xFF, 0x9F, 0xF0, 0x3F, 0xEF, 0xF8, 0x0F, 0xFB,
  0xFE, 0x03, 0xFF, 0xFF, 0x00, 0xFF, 0xFF, 0xC0, 0x3F, 0xFF, 0xE0, 0x0F,
  0xFF, 0xF8, 0x03, 0xFF, 0xFC, 0x00, 0xFF, 0xFF, 0x00, 0x3F, 0xFF, 0xE0,
  0x0F, 0xFF, 0xF8, 0x03, 0xFF, 0xFF, 0x00, 0xFF, 0xBF, 0xC0, 0x3F, 0xEF,
  0xF8, 0x0F, 0xF9, 0xFE, 0x03, 0xFE, 0x7F, 0xC0, 0xFF, 0x8F, 0xF0, 0x3F,
  0xE3, 0xFE, 0x0F, 0xF8, 0x7F, 0x83, 0xFE, 0x1F, 0xF0, 0xFF, 0x83, 0xFC,
  0x3F, 0xE0, 0xFF, 0x8F, 0xF8, 0x3F, 0xE3, 0xFE, 0x07, 0xFC, 0xFF, 0x81,
  0xFF, 0x3F, 0xE0, 0x3F, 0xEF, 0xF8, 0x0F, 0xFB, 0xFE, 0x01, 0xFF, 0xFF,
  0xFF, 0xFF, 0xFF, 0xFF, 0xFF, 0xFF, 0xFF, 0xFF, 0xFF, 0xFF, 0xFF, 0xFF,
  0xFF, 0xFF, 0xFF, 0xFF, 0xFF, 0xFF, 0xFF, 0xFF, 0xFF, 0xFF, 0xFF, 0xFF,
  0xFF, 0xFF, 0xFF, 0xFF, 0xFF, 0xFF, 0xFF, 0xFF, 0xFF, 0xFF, 0xFF, 0xFF,
  0xFF, 0xFF, 0xFF, 0xFF, 0xFF, 0xFF, 0xFF, 0xFF, 0xFF, 0xFF, 0xFF, 0xFF,
  0xFF, 0xFF, 0xFF, 0xFF, 0xFF, 0xFF, 0xFF, 0xFF, 0xFF, 0xFF, 0xFF, 0xFF,
  0xFF, 0xFF, 0xFF, 0xFF, 0xFF, 0xFF, 0xF0, 0xFF, 0x80, 0x7E, 0x00, 0x3F,
  0x9F, 0xF0, 0xFF, 0xE0, 0x7F, 0xFB, 0xFE, 0xFF, 0xFE, 0x7F, 0xFF, 0xFF,
  0xFF, 0xFF, 0xFF, 0xFF, 0xFF, 0xFF, 0xFF, 0xFF, 0xFF, 0xFF, 0xFF, 0xFF,
  0xFF, 0xFF, 0xFF, 0xFF, 0xFF, 0xFF, 0xFF, 0xFF, 0xFF, 0xFF, 0xF3, 0xFF,
  0xF9, 0xFF, 0xFF, 0xE0, 0x7F, 0xF0, 0x3F, 0xFF, 0xF0, 0x0F, 0xF8, 0x07,
  0xFF, 0xFE, 0x01, 0xFF, 0x00, 0xFF, 0xFF, 0xC0, 0x3F, 0xE0, 0x1F, 0xFF,
  0xF8, 0x07, 0xFC, 0x03, 0xFF, 0xFF, 0x00, 0xFF, 0x80, 0x7F, 0xFF, 0xE0,
  0x1F, 0xF0, 0x0F, 0xFF, 0xFC, 0x03, 0xFE, 0x01, 0xFF, 0xFF, 0x80, 0x7F,
  0xC0, 0x3F, 0xFF, 0xF0, 0x0F, 0xF8, 0x07, 0xFF, 0xFE, 0x01, 0xFF, 0x00,
  0xFF, 0xFF, 0xC0, 0x3F, 0xE0, 0x1F, 0xFF, 0xF8, 0x07, 0xFC, 0x03, 0xFF,
  0xFF, 0x00, 0xFF, 0x80, 0x7F, 0xFF, 0xE0, 0x1F, 0xF0, 0x0F, 0xFF, 0xFC,
  0x03, 0xFE, 0x01, 0xFF, 0xFF, 0x80, 0x7F, 0xC0, 0x3F, 0xFF, 0xF0, 0x0F,
  0xF8, 0x07, 0xFF, 0xFE, 0x01, 0xFF, 0x00, 0xFF, 0xFF, 0xC0, 0x3F, 0xE0,
  0x1F, 0xFF, 0xF8, 0x07, 0xFC, 0x03, 0xFF, 0xFF, 0x00, 0xFF, 0x80, 0x7F,
  0xFF, 0xE0, 0x1F, 0xF0, 0x0F, 0xFF, 0xFC, 0x03, 0xFE, 0x01, 0xFF, 0xFF,
  0x80, 0x7F, 0xC0, 0x3F, 0xFF, 0xF0, 0x0F, 0xF8, 0x07, 0xFF, 0xFE, 0x01,
  0xFF, 0x00, 0xFF, 0xFF, 0xC0, 0x3F, 0xE0, 0x1F, 0xFF, 0xF8, 0x07, 0xFC,
  0x03, 0xFF, 0xFF, 0x00, 0xFF, 0x80, 0x7F, 0xC0, 0xFF, 0x80, 0x7F, 0x3F,
  0xE1, 0xFF, 0xEF, 0xFF, 0xFF, 0xFF, 0xFF, 0xFF, 0xFF, 0xFF, 0xFF, 0xFF,
  0xFF, 0xFF, 0xFF, 0xFF, 0xFF, 0xFF, 0xFF, 0xFF, 0xF9, 0xFF, 0xFF, 0xF0,
  0x7F, 0xFF, 0xE0, 0x1F, 0xFF, 0xF8, 0x07, 0xFF, 0xFE, 0x01, 0xFF, 0xFF,
  0x80, 0x7F, 0xFF, 0xE0, 0x1F, 0xFF, 0xF8, 0x07, 0xFF, 0xFE, 0x01, 0xFF,
  0xFF, 0x80, 0x7F, 0xFF, 0xE0, 0x1F, 0xFF, 0xF8, 0x07, 0xFF, 0xFE, 0x01,
  0xFF, 0xFF, 0x80, 0x7F, 0xFF, 0xE0, 0x1F, 0xFF, 0xF8, 0x07, 0xFF, 0xFE,
  0x01, 0xFF, 0xFF, 0x80, 0x7F, 0xFF, 0xE0, 0x1F, 0xFF, 0xF8, 0x07, 0xFF,
  0xFE, 0x01, 0xFF, 0xFF, 0x80, 0x7F, 0xFF, 0xE0, 0x1F, 0xFF, 0xF8, 0x07,
  0xFF, 0xFE, 0x01, 0xFF, 0xFF, 0x80, 0x7F, 0xFF, 0xE0, 0x1F, 0xFF, 0xF8,
  0x07, 0xFF, 0xFE, 0x01, 0xFF, 0xFF, 0x80, 0x7F, 0xFF, 0xE0, 0x1F, 0xF0,
  0x3F, 0xFF, 0xFF, 0x1F, 0xFF, 0xFF, 0xEF, 0xFF, 0xFF, 0xFF, 0xFF, 0xFF,
  0xFF, 0xFF, 0xFF, 0xFF, 0xFF, 0xFF, 0xFF, 0xFF, 0xFF, 0xFF, 0xFF, 0xFE,
  0x01, 0xFF, 0xFF, 0x80, 0x7F, 0xFF, 0xE0, 0x1F, 0xFF, 0xF8, 0x07, 0xFF,
  0xFE, 0x01, 0xFF, 0xFF, 0x80, 0x7F, 0xFF, 0xE0, 0x1F, 0xFF, 0xF8, 0x07,
  0xFF, 0xFE, 0x01, 0xFF, 0xFF, 0x80, 0x7F, 0xFF, 0xE0, 0x1F, 0xFF, 0xF8,
  0x07, 0xFF, 0xFE, 0x01, 0xFF, 0xFF, 0x80, 0x7F, 0xFF, 0xE0, 0x1F, 0xFF,
  0xF8, 0x07, 0xFF, 0xFE, 0x01, 0xFF, 0xFF, 0x80, 0x7F, 0xFF, 0xE0, 0x1F,
  0xFF, 0xF8, 0x07, 0xFF, 0xFE, 0x01, 0xFF, 0xFF, 0x80, 0x7F, 0xFF, 0xE0,
  0x1F, 0xFF, 0xF8, 0x07, 0xFF, 0xFF, 0xFF, 0xFF, 0xFF, 0xFF, 0xFF, 0xFF,
  0xFF, 0xFF, 0xFF, 0xFF, 0xFF, 0xFF, 0xFF, 0xFF, 0xFF, 0x7F, 0xFF, 0xFF,
  0x8F, 0xFF, 0xFF, 0xC0, 0xFF, 0x80, 0x7F, 0x3F, 0xE3, 0xFF, 0xEF, 0xFF,
  0xFF, 0xFF, 0xFF, 0xFF, 0xFF, 0xFF, 0xFF, 0xFF, 0xFF, 0xFF, 0xFF, 0xFF,
  0xFF, 0xFF, 0xFF, 0xFF, 0xF9, 0xFF, 0xFF, 0xE0, 0x7F, 0xFF, 0xE0, 0x1F,
  0xFF, 0xF8, 0x07, 0xFF, 0xFE, 0x01, 0xFF, 0xFF, 0x80, 0x7F, 0xFF, 0xE0,
  0x1F, 0xFF, 0xF8, 0x07, 0xFF, 0xFE, 0x01, 0xFF, 0xFF, 0x80, 0x7F, 0xFF,
  0xE0, 0x1F, 0xFF, 0xF8, 0x07, 0xFF, 0xFE, 0x01, 0xFF, 0xFF, 0x80, 0x7F,
  0xFF, 0xE0, 0x1F, 0xFF, 0xF8, 0x07, 0xFF, 0xFE, 0x01, 0xFF, 0xFF, 0x80,
  0x7F, 0xFF, 0xE0, 0x1F, 0xFF, 0xF8, 0x07, 0xFF, 0xFE, 0x01, 0xFF, 0xFF,
  0x80, 0x7F, 0xFF, 0xE0, 0x1F, 0xFF, 0xF8, 0x0F, 0xFF, 0xFF, 0xFF, 0xFF,
  0xFF, 0xFF, 0xFF, 0xFF, 0xFF, 0xFF, 0xEF, 0xFF, 0xFF, 0xFB, 0xFF, 0xFF,
  0xFC, 0xFF, 0xFF, 0xFE, 0x3F, 0xFF, 0xFE, 0x0F, 0xF8, 0x00, 0x03, 0xFE,
  0x00, 0x00, 0xFF, 0x80, 0x00, 0x3F, 0xE0, 0x00, 0x0F, 0xF8, 0x00, 0x03,
  0xFE, 0x00, 0x00, 0xFF, 0x80, 0x00, 0x3F, 0xE0, 0x00, 0x0F, 0xF8, 0x00,
  0x03, 0xFE, 0x00, 0x00, 0xFF, 0x80, 0x00, 0x3F, 0xE0, 0x00, 0x0F, 0xF8,
  0x00, 0x03, 0xFE, 0x00, 0x00, 0x1F, 0x80, 0x7F, 0xCF, 0xFF, 0x1F, 0xF7,
  0xFF, 0xFF, 0xFF, 0xFF, 0xFF, 0xFF, 0xFF, 0xFF, 0xFF, 0xFF, 0xFF, 0xFF,
  0xFF, 0xFF, 0xFF, 0xFF, 0xFF, 0x1F, 0xFF, 0xFF, 0x80, 0xFF, 0xFF, 0xE0,
  0x1F, 0xFF, 0xF8, 0x07, 0xFF, 0xFE, 0x01, 0xFF, 0xFF, 0x80, 0x7F, 0xFF,
  0xE0, 0x1F, 0xFF, 0xF8, 0x07, 0xFF, 0xFE, 0x01, 0xFF, 0xFF, 0x80, 0x7F,
  0xFF, 0xE0, 0x1F, 0xFF, 0xF8, 0x07, 0xFF, 0xFE, 0x01, 0xFF, 0xFF, 0x80,
  0x7F, 0xFF, 0xE0, 0x1F, 0xFF, 0xF8, 0x07, 0xFF, 0xFE, 0x01, 0xFF, 0xFF,
  0x80, 0x7F, 0xFF, 0xE0, 0x1F, 0xFF, 0xF8, 0x07, 0xFF, 0xFE, 0x01, 0xFF,
  0xFF, 0x80, 0x7F, 0xFF, 0xE0, 0x1F, 0xFF, 0xFC, 0x07, 0xFF, 0xFF, 0xFF,
  0xFF, 0xFF, 0xFF, 0xFF, 0xFF, 0xFF, 0xFF, 0xF7, 0xFF, 0xFF, 0xFD, 0xFF,
  0xFF, 0xFF, 0x3F, 0xFF, 0xFF, 0xC3, 0xFF, 0xFF, 0xF0, 0x00, 0x07, 0xFC,
  0x00, 0x01, 0xFF, 0x00, 0x00, 0x7F, 0xC0, 0x00, 0x1F, 0xF0, 0x00, 0x07,
  0xFC, 0x00, 0x01, 0xFF, 0x00, 0x00, 0x7F, 0xC0, 0x00, 0x1F, 0xF0, 0x00,
  0x07, 0xFC, 0x00, 0x01, 0xFF, 0x00, 0x00, 0x7F, 0xC0, 0x00, 0x1F, 0xF0,
  0x00, 0x07, 0xFC, 0x00, 0x01, 0xFF, 0xFF, 0x80, 0x7F, 0x3F, 0xE1, 0xFF,
  0xEF, 0xFF, 0xFF, 0xFF, 0xFF, 0xFF, 0xFF, 0xFF, 0xFF, 0xFF, 0xFF, 0xFF,
  0xFF, 0xFF, 0xFF, 0xFF, 0xFF, 0xFF, 0xF9, 0xFF, 0xFF, 0xE0, 0x7F, 0xFF,
  0xE0, 0x1F, 0xFF, 0xF8, 0x07, 0xFF, 0xFE, 0x01, 0xFF, 0xFF, 0x80, 0x7F,
  0xFF, 0xE0, 0x1F, 0xFF, 0xF8, 0x07, 0xFF, 0xFE, 0x01, 0xFF, 0xFF, 0x80,
  0x00, 0x3F, 0xE0, 0x00, 0x0F, 0xF8, 0x00, 0x03, 0xFE, 0x00, 0x00, 0xFF,
  0x80, 0x00, 0x3F, 0xE0, 0x00, 0x0F, 0xF8, 0x00, 0x03, 0xFE, 0x00, 0x00,
  0xFF, 0x80, 0x00, 0x3F, 0xE0, 0x00, 0x0F, 0xF8, 0x00, 0x03, 0xFE, 0x00,
  0x00, 0xFF, 0x80, 0x00, 0x3F, 0xE0, 0x00, 0x0F, 0xF8, 0x00, 0x03, 0xFE,
  0x00, 0x00, 0xFF, 0x80, 0x00, 0x3F, 0xE0, 0x00, 0x0F, 0xF8, 0x00, 0x03,
  0xFE, 0x00, 0x00, 0xFF, 0x80, 0x00, 0x3F, 0xE0, 0x00, 0x00, 0x1F, 0xFF,
  0xFF, 0x1F, 0xFF, 0xFF, 0xEF, 0xFF, 0xFF, 0xFF, 0xFF, 0xFF, 0xFF, 0xFF,
  0xFF, 0xFF, 0xFF, 0xFF, 0xFF, 0xFF, 0xFF, 0xFF, 0xFF, 0xFE, 0x01, 0xFF,
  0xFF, 0x80, 0x7F, 0xFF, 0xE0, 0x1F, 0xFF, 0xF8, 0x07, 0xFF, 0xFE, 0x01,
  0xFF, 0xFF, 0x80, 0x00, 0x3F, 0xF8, 0x00, 0x0F, 0xFF, 0x80, 0x03, 0xFF,
  0xF8, 0x00, 0x7F, 0xFF, 0x80, 0x0F, 0xFF, 0xF8, 0x00, 0xFF, 0xFF, 0x80,
  0x1F, 0xFF, 0xF8, 0x01, 0xFF, 0xFF, 0x00, 0x1F, 0xFF, 0xE0, 0x01, 0xFF,
  0xFC, 0x00, 0x1F, 0xFF, 0x00, 0x01, 0xFF, 0xFF, 0xE0, 0x1F, 0xFF, 0xF8,
  0x07, 0xFF, 0xFE, 0x01, 0xFF, 0xFF, 0x80, 0x7F, 0xFF, 0xE0, 0x1F, 0xFF,
  0xF8, 0x07, 0xFF, 0xFF, 0xFF, 0xFF, 0xFF, 0xFF, 0xFF, 0xFF, 0xFF, 0xFF,
  0xFF, 0xFF, 0xFF, 0xFF, 0xFF, 0xFF, 0xFE, 0x7F, 0xFF, 0xFF, 0x8F, 0xFF,
  0xFF, 0x80, 0x0F, 0xF8, 0x01, 0xFF, 0x00, 0x3F, 0xE0, 0x07, 0xFC, 0x00,
  0xFF, 0x80, 0x1F, 0xF0, 0x03, 0xFE, 0x00, 0x7F, 0xC0, 0x0F, 0xF8, 0x01,
  0xFF, 0x03, 0xFF, 0xFF, 0xFF, 0xFF, 0xFF, 0xFF, 0xFF, 0xFF, 0xFF, 0xFF,
  0xFF, 0xFF, 0xFF, 0xFF, 0xFF, 0xFF, 0xE1, 0xFF, 0x00, 0x3F, 0xE0, 0x07,
  0xFC, 0x00, 0xFF, 0x80, 0x1F, 0xF0, 0x03, 0xFE, 0x00, 0x7F, 0xC0, 0x0F,
  0xF8, 0x01, 0xFF, 0x00, 0x3F, 0xE0, 0x07, 0xFC, 0x00, 0xFF, 0x80, 0x1F,
  0xF0, 0x03, 0xFE, 0x00, 0x7F, 0xC0, 0x0F, 0xF8, 0x01, 0xFF, 0x00, 0x3F,
  0xE0, 0x07, 0xFC, 0x00, 0xFF, 0x80, 0x1F, 0xF0, 0x03, 0xFE, 0x00, 0x7F,
  0xC0, 0x0F, 0xF8, 0x01, 0xFF, 0xFC, 0x3F, 0xFF, 0x87, 0xFF, 0xF0, 0xFF,
  0xFE, 0x1F, 0xFF, 0xC1, 0xFF, 0xF8, 0x1F, 0xFF, 0xFF, 0x80, 0x7F, 0xFF,
  0xE0, 0x1F, 0xFF, 0xF8, 0x07, 0xFF, 0xFE, 0x01, 0xFF, 0xFF, 0x80, 0x7F,
  0xFF, 0xE0, 0x1F, 0xFF, 0xF8, 0x07, 0xFF, 0xFE, 0x01, 0xFF, 0xFF, 0x80,
  0x7F, 0xFF, 0xE0, 0x1F, 0xFF, 0xF8, 0x07, 0xFF, 0xFE, 0x01, 0xFF, 0xFF,
  0x80, 0x7F, 0xFF, 0xE0, 0x1F, 0xFF, 0xF8, 0x07, 0xFF, 0xFE, 0x01, 0xFF,
  0xFF, 0x80, 0x7F, 0xFF, 0xE0, 0x1F, 0xFF, 0xF8, 0x07, 0xFF, 0xFE, 0x01,
  0xFF, 0xFF, 0x80, 0x7F, 0xFF, 0xE0, 0x1F, 0xFF, 0xF8, 0x07, 0xFF, 0xFE,
  0x01, 0xFF, 0xFF, 0x80, 0x7F, 0xFF, 0xE0, 0x1F, 0xFF, 0xF8, 0x07, 0xFF,
  0xFE, 0x01, 0xFF, 0xFF, 0x80, 0x7F, 0xFF, 0xE0, 0x7F, 0xFF, 0xF9, 0xFF,
  0xFF, 0xFF, 0xFF, 0xFF, 0xFF, 0xFF, 0xFF, 0xFF, 0xFF, 0xFF, 0xFF, 0xFF,
  0xFF, 0xFF, 0xFF, 0xFF, 0xFF, 0x7F, 0xFE, 0x7F, 0xCF, 0xF0, 0x1F, 0xF0,
  0xFF, 0x80, 0x3F, 0xFF, 0xF0, 0x07, 0xFD, 0xFE, 0x00, 0xFF, 0x3F, 0xE0,
  0x3F, 0xE7, 0xFC, 0x07, 0xFC, 0xFF, 0x80, 0xFF, 0x8F, 0xF0, 0x1F, 0xE1,
  0xFE, 0x03, 0xFC, 0x3F, 0xE0, 0xFF, 0x87, 0xFC, 0x1F, 0xF0, 0xFF, 0x83,
  0xFE, 0x0F, 0xF0, 0x7F, 0x81, 0xFE, 0x0F, 0xF0, 0x3F, 0xC1, 0xFE, 0x07,
  0xFC, 0x7F, 0xC0, 0x7F, 0x8F, 0xF0, 0x0F, 0xF1, 0xFE, 0x01, 0xFE, 0x3F,
  0xC0, 0x3F, 0xC7, 0xF8, 0x03, 0xFD, 0xFE, 0x00, 0x7F, 0xBF, 0xC0, 0x0F,
  0xF7, 0xF8, 0x01, 0xFE, 0xFF, 0x00, 0x1F, 0xDF, 0xC0, 0x03, 0xFB, 0xF8,
  0x00, 0x7F, 0xFF, 0x00, 0x0F, 0xFF, 0xE0, 0x00, 0xFF, 0xFC, 0x00, 0x1F,
  0xFF, 0x00, 0x03, 0xFF, 0xE0, 0x00, 0x7F, 0xFC, 0x00, 0x0F, 0xFF, 0x80,
  0x00, 0xFF, 0xE0, 0x00, 0x1F, 0xFC, 0x00, 0x03, 0xFF, 0x80, 0x00, 0x7F,
  0xF0, 0x00, 0x07, 0xFC, 0x00, 0x00, 0xFF, 0x80, 0x00, 0xFF, 0x80, 0x3F,
  0x80, 0x3F, 0xFF, 0xF0, 0x07, 0xF0, 0x07, 0xFD, 0xFE, 0x01, 0xFE, 0x00,
  0xFF, 0x3F, 0xE0, 0x3F, 0xE0, 0x3F, 0xE7, 0xFC, 0x07, 0xFC, 0x07, 0xFC,
  0xFF, 0x80, 0xFF, 0x80, 0xFF, 0x9F, 0xF0, 0x1F, 0xF0, 0x1F, 0xF1, 0xFE,
  0x03, 0xFE, 0x03, 0xFC, 0x3F, 0xC0, 0xFF, 0xE0, 0x7F, 0x87, 0xF8, 0x1F,
  0xFC, 0x1F, 0xF0, 0xFF, 0x83, 0xFF, 0x83, 0xFE, 0x1F, 0xF0, 0x7F, 0xF0,
  0x7F, 0xC1, 0xFE, 0x0F, 0xFE, 0x0F, 0xF0, 0x3F, 0xC3, 0xFF, 0xE1, 0xFE,
  0x07, 0xF8, 0x7F, 0xFC, 0x3F, 0xC0, 0xFF, 0x0F, 0xFF, 0x87, 0xF8, 0x1F,
  0xF1, 0xFF, 0xF1, 0xFF, 0x01, 0xFE, 0x3F, 0x7E, 0x3F, 0xC0, 0x3F, 0xCF,
  0xEF, 0xE7, 0xF8, 0x07, 0xF9, 0xFD, 0xFC, 0xFF, 0x00, 0xFF, 0x3F, 0xBF,
  0x9F, 0xE0, 0x0F, 0xE7, 0xF7, 0xF3, 0xF8, 0x01, 0xFE, 0xFC, 0x7E, 0xFF,
  0x00, 0x3F, 0xFF, 0x8F, 0xFF, 0xE0, 0x07, 0xFF, 0xF1, 0xFF, 0xFC, 0x00,
  0xFF, 0xFE, 0x3F, 0xFF, 0x80, 0x0F, 0xFF, 0x83, 0xFF, 0xE0, 0x01, 0xFF,
  0xF0, 0x7F, 0xFC, 0x00, 0x3F, 0xFE, 0x0F, 0xFF, 0x80, 0x07, 0xFF, 0xC1,
  0xFF, 0xF0, 0x00, 0xFF, 0xF8, 0x3F, 0xFE, 0x00, 0x0F, 0xFE, 0x03, 0xFF,
  0x80, 0x01, 0xFF, 0xC0, 0x7F, 0xF0, 0x00, 0x3F, 0xF8, 0x0F, 0xFE, 0x00,
  0x07, 0xFF, 0x01, 0xFF, 0xC0, 0x00, 0xFF, 0xE0, 0x3F, 0xF8, 0x00, 0x0F,
  0xF8, 0x03, 0xFE, 0x00, 0x01, 0xFF, 0x00, 0x7F, 0xC0, 0x00, 0x7F, 0xC0,
  0x1F, 0xF1, 0xFF, 0x01, 0xFF, 0x0F, 0xF8, 0x0F, 0xF8, 0x3F, 0xE0, 0x7F,
  0xC1, 0xFF, 0x07, 0xFC, 0x07, 0xF8, 0x3F, 0xE0, 0x3F, 0xE1, 0xFE, 0x00,
  0xFF, 0x1F, 0xF0, 0x07, 0xFC, 0xFF, 0x00, 0x1F, 0xE7, 0xF8, 0x00, 0xFF,
  0xFF, 0x80, 0x03, 0xFF, 0xFC, 0x00, 0x1F, 0xFF, 0xC0, 0x00, 0x7F, 0xFE,
  0x00, 0x03, 0xFF, 0xF0, 0x00, 0x0F, 0xFF, 0x00, 0x00, 0x7F, 0xF8, 0x00,
  0x01, 0xFF, 0x80, 0x00, 0x0F, 0xFC, 0x00, 0x00, 0x7F, 0xE0, 0x00, 0x07,
  0xFF, 0x80, 0x00, 0x3F, 0xFC, 0x00, 0x03, 0xFF, 0xF0, 0x00, 0x1F, 0xFF,
  0x80, 0x01, 0xFF, 0xFE, 0x00, 0x0F, 0xFF, 0xF0, 0x00, 0xFF, 0xFF, 0xC0,
  0x07, 0xF9, 0xFE, 0x00, 0x7F, 0xCF, 0xF8, 0x03, 0xFE, 0x7F, 0xC0, 0x3F,
  0xE1, 0xFE, 0x01, 0xFF, 0x0F, 0xF8, 0x0F, 0xF0, 0x3F, 0xC0, 0xFF, 0x81,
  0xFF, 0x07, 0xFC, 0x07, 0xF8, 0x7F, 0xC0, 0x3F, 0xE3, 0xFE, 0x01, 0xFF,
  0x3F, 0xE0, 0x07, 0xFC, 0xFF, 0x80, 0x3F, 0xFF, 0xF0, 0x07, 0xFD, 0xFE,
  0x00, 0xFF, 0x3F, 0xE0, 0x3F, 0xE7, 0xFC, 0x07, 0xFC, 0xFF, 0x80, 0xFF,
  0x8F, 0xF0, 0x1F, 0xE1, 0xFE, 0x03, 0xFC, 0x3F, 0xC0, 0x7F, 0x87, 0xFC,
  0x1F, 0xF0, 0xFF, 0x83, 0xFE, 0x0F, 0xF0, 0x7F, 0x81, 0xFE, 0x0F, 0xF0,
  0x3F, 0xC1, 0xFE, 0x07, 0xFC, 0x7F, 0xC0, 0x7F, 0x8F, 0xF0, 0x0F, 0xF1,
  0xFE, 0x01, 0xFE, 0x3F, 0xC0, 0x3F, 0xC7, 0xF8, 0x03, 0xF8, 0xFE, 0x00,
  0x7F, 0xBF, 0xC0, 0x0F, 0xF7, 0xF8, 0x01, 0xFE, 0xFF, 0x00, 0x1F, 0xDF,
  0xC0, 0x03, 0xFB, 0xF8, 0x00, 0x7F, 0x7F, 0x00, 0x0F, 0xFF, 0xE0, 0x00,
  0xFF, 0xF8, 0x00, 0x1F, 0xFF, 0x00, 0x03, 0xFF, 0xE0, 0x00, 0x7F, 0xFC,
  0x00, 0x0F, 0xFF, 0x80, 0x00, 0xFF, 0xE0, 0x00, 0x1F, 0xFC, 0x00, 0x03,
  0xFF, 0x80, 0x00, 0x7F, 0xF0, 0x00, 0x07, 0xFC, 0x00, 0x00, 0xFF, 0x80,
  0x00, 0x1F, 0xF0, 0x00, 0x07, 0xFC, 0x00, 0x00, 0xFF, 0x80, 0x00, 0x1F,
  0xF0, 0x00, 0x07, 0xFC, 0x00, 0x00, 0xFF, 0x80, 0x00, 0x1F, 0xF0, 0x00,
  0x07, 0xFC, 0x00, 0x00, 0xFF, 0x80, 0x00, 0x1F, 0xF0, 0x00, 0x07, 0xFC,
  0x00, 0x00, 0xFF, 0x80, 0x00, 0x1F, 0xF0, 0x00, 0x07, 0xFC, 0x00, 0x00,
  0x7F, 0xFF, 0xFE, 0xFF, 0xFF, 0xFD, 0xFF, 0xFF, 0xFB, 0xFF, 0xFF, 0xF7,
  0xFF, 0xFF, 0xEF, 0xFF, 0xFF, 0xDF, 0xFF, 0xFF, 0x00, 0x07, 0xFE, 0x00,
  0x0F, 0xF8, 0x00, 0x3F, 0xF0, 0x00, 0x7F, 0xC0, 0x01, 0xFF, 0x80, 0x03,
  0xFE, 0x00, 0x0F, 0xFC, 0x00, 0x1F, 0xF0, 0x00, 0x7F, 0xE0, 0x00, 0xFF,
  0x80, 0x01, 0xFF, 0x00, 0x07, 0xFC, 0x00, 0x0F, 0xF8, 0x00, 0x3F, 0xE0,
  0x00, 0x7F, 0xC0, 0x01, 0xFF, 0x00, 0x03, 0xFE, 0x00, 0x0F, 0xF8, 0x00,
  0x1F, 0xF0, 0x00, 0x7F, 0xE0, 0x00, 0xFF, 0x80, 0x03, 0xFF, 0x00, 0x07,
  0xFC, 0x00, 0x1F, 0xF8, 0x00, 0x3F, 0xFF, 0xFF, 0xFF, 0xFF, 0xFF, 0xFF,
  0xFF, 0xFF, 0xFF, 0xFF, 0xFF, 0xFF, 0xFF, 0xFF, 0xFF, 0xFF, 0xFF, 0xFF,
  0xFF, 0xC0, 0x00, 0x03, 0xFF, 0x80, 0x07, 0xFF, 0xC0, 0x0F, 0xFF, 0xE0,
  0x07, 0xFF, 0xF0, 0x07, 0xFF, 0xF8, 0x03, 0xFF, 0xFC, 0x03, 0xFF, 0xFE,
  0x01, 0xFF, 0xFF, 0x00, 0xFF, 0xE0, 0x00, 0x7F, 0xC0, 0x00, 0x3F, 0xE0,
  0x00, 0x1F, 0xF0, 0x00, 0x0F, 0xF8, 0x00, 0x07, 0xFC, 0x00, 0x03, 0xFE,
  0x00, 0x01, 0xFF, 0x00, 0x00, 0xFF, 0x80, 0x00, 0x7F, 0xC0, 0x00, 0x3F,
  0xE0, 0x00, 0x1F, 0xF0, 0x00, 0x0F, 0xF8, 0x00, 0x07, 0xFC, 0x00, 0x03,
  0xFE, 0x00, 0x01, 0xFF, 0x00, 0x00, 0xFF, 0x80, 0x00, 0x7F, 0xC0, 0x00,
  0x7F, 0xE0, 0x00, 0x7F, 0xF0, 0x00, 0x7F, 0xF0, 0x00, 0x7F, 0xF0, 0x00,
  0xFF, 0xE0, 0x00, 0xFF, 0xE0, 0x00, 0xFF, 0xC0, 0x00, 0x7F, 0xC0, 0x00,
  0x3F, 0xF0, 0x00, 0x0F, 0xFE, 0x00, 0x01, 0xFF, 0x80, 0x00, 0x7F, 0xF0,
  0x00, 0x1F, 0xFC, 0x00, 0x07, 0xFF, 0x00, 0x01, 0xFF, 0x80, 0x00, 0x7F,
  0xC0, 0x00, 0x3F, 0xE0, 0x00, 0x1F, 0xF0, 0x00, 0x0F, 0xF8, 0x00, 0x07,
  0xFC, 0x00, 0x03, 0xFE, 0x00, 0x01, 0xFF, 0x00, 0x00, 0xFF, 0x80, 0x00,
  0x7F, 0xC0, 0x00, 0x3F, 0xE0, 0x00, 0x1F, 0xF0, 0x00, 0x0F, 0xF8, 0x00,
  0x07, 0xFC, 0x00, 0x03, 0xFE, 0x00, 0x01, 0xFF, 0x00, 0x00, 0xFF, 0x80,
  0x00, 0x7F, 0xC0, 0x00, 0x3F, 0xE0, 0x00, 0x1F, 0xF0, 0x00, 0x0F, 0xFE,
  0x00, 0x07, 0xFF, 0xFC, 0x03, 0xFF, 0xFE, 0x00, 0xFF, 0xFF, 0x00, 0x7F,
  0xFF, 0x80, 0x1F, 0xFF, 0xC0, 0x0F, 0xFF, 0xE0, 0x01, 0xFF, 0xF0, 0x00,
  0x3F, 0xF8, 0xFF, 0xFF, 0xFF, 0xFF, 0xFF, 0xFF, 0xFF, 0xFF, 0xFF, 0xFF,
  0xFF, 0xFF, 0xFF, 0xFF, 0xFF, 0xFF, 0xFF, 0xFF, 0xFF, 0xFF, 0xFF, 0xFF,
  0xFF, 0xFF, 0xFF, 0xFF, 0xFF, 0xFF, 0xFF, 0xFF, 0xFF, 0xFF, 0xFF, 0xFF,
  0xFF, 0xFF, 0xFF, 0xFF, 0xFF, 0xFF, 0xFF, 0xFF, 0xFF, 0xFF, 0xFF, 0xFF,
  0xFF, 0xFF, 0xFF, 0xFF, 0xFF, 0xFF, 0xFF, 0xFF, 0xFF, 0xFF, 0xFF, 0xFF,
  0xFF, 0xFF, 0xFF, 0xFF, 0xFF, 0xFF, 0xFF, 0xFF, 0xFF, 0xFF, 0xFF, 0xFF,
  0xFF, 0xFF, 0xFF, 0xFF, 0xFF, 0xFF, 0xFF, 0xFF, 0xFF, 0xFF, 0xFF, 0xFF,
  0xFF, 0xC0, 0xFF, 0xE0, 0x00, 0x7F, 0xFC, 0x00, 0x3F, 0xFF, 0x80, 0x1F,
  0xFF, 0xC0, 0x0F, 0xFF, 0xF0, 0x07, 0xFF, 0xF8, 0x03, 0xFF, 0xFE, 0x01,
  0xFF, 0xFF, 0x00, 0x03, 0xFF, 0x80, 0x00, 0x7F, 0xC0, 0x00, 0x3F, 0xE0,
  0x00, 0x1F, 0xF0, 0x00, 0x0F, 0xF8, 0x00, 0x07, 0xFC, 0x00, 0x03, 0xFE,
  0x00, 0x01, 0xFF, 0x00, 0x00, 0xFF, 0x80, 0x00, 0x7F, 0xC0, 0x00, 0x3F,
  0xE0, 0x00, 0x1F, 0xF0, 0x00, 0x0F, 0xF8, 0x00, 0x07, 0xFC, 0x00, 0x03,
  0xFE, 0x00, 0x01, 0xFF, 0x00, 0x00, 0xFF, 0x80, 0x00, 0x7F, 0xC0, 0x00,
  0x3F, 0xF0, 0x00, 0x1F, 0xFC, 0x00, 0x07, 0xFF, 0x00, 0x01, 0xFF, 0xC0,
  0x00, 0x7F, 0xF8, 0x00, 0x0F, 0xFE, 0x00, 0x03, 0xFF, 0x80, 0x00, 0x7F,
  0xC0, 0x00, 0x7F, 0xE0, 0x00, 0xFF, 0xE0, 0x00, 0xFF, 0xC0, 0x01, 0xFF,
  0xC0, 0x01, 0xFF, 0xC0, 0x01, 0xFF, 0xC0, 0x00, 0xFF, 0xC0, 0x00, 0x7F,
  0xC0, 0x00, 0x3F, 0xE0, 0x00, 0x1F, 0xF0, 0x00, 0x0F, 0xF8, 0x00, 0x07,
  0xFC, 0x00, 0x03, 0xFE, 0x00, 0x01, 0xFF, 0x00, 0x00, 0xFF, 0x80, 0x00,
  0x7F, 0xC0, 0x00, 0x3F, 0xE0, 0x00, 0x1F, 0xF0, 0x00, 0x0F, 0xF8, 0x00,
  0x07, 0xFC, 0x00, 0x03, 0xFE, 0x00, 0x01, 0xFF, 0x00, 0x00, 0xFF, 0x80,
  0x00, 0x7F, 0xC0, 0x00, 0x3F, 0xE0, 0x00, 0x3F, 0xF0, 0x00, 0x3F, 0xF8,
  0x07, 0xFF, 0xFC, 0x03, 0xFF, 0xFE, 0x01, 0xFF, 0xFE, 0x00, 0xFF, 0xFF,
  0x00, 0x7F, 0xFF, 0x00, 0x3F, 0xFF, 0x80, 0x1F, 0xFF, 0x00, 0x0F, 0xFE,
  0x00, 0x00, 0x3E, 0x00, 0x07, 0xFD, 0xFF, 0x00, 0x1F, 0xFF, 0xFF, 0x00,
  0x7F, 0xFF, 0xFF, 0x81, 0xFF, 0xFF, 0xFF, 0x87, 0xFF, 0xFF, 0xFF, 0xDF,
  0xFF, 0xFF, 0xFF, 0xFF, 0xFF, 0xFF, 0xFF, 0xFF, 0xFF, 0xBF, 0xFF, 0xFF,
  0xFE, 0x1F, 0xFF, 0xFF, 0xF8, 0x1F, 0xFF, 0xFF, 0xE0, 0x0F, 0xFF, 0xFF,
  0x80, 0x0F, 0xFB, 0xFE, 0x00, 0x07, 0xC0 };

const GFXglyph AGENCYB40pt7bGlyphs[] PROGMEM = {
  {     0,   1,   1,  16,    0,    0 },   // 0x20 ' '
  {     1,   9,  60,  17,    4,  -59 },   // 0x21 '!'
  {    69,  22,  19,  27,    2,  -59 },   // 0x22 '"'
  {   122,  39,  60,  42,    2,  -59 },   // 0x23 '#'
  {   415,  28,  69,  36,    4,  -64 },   // 0x24 '$'
  {   657,  47,  60,  52,    3,  -59 },   // 0x25 '%'
  {  1010,  34,  60,  38,    4,  -59 },   // 0x26 '&'
  {  1265,   9,  19,  15,    3,  -59 },   // 0x27 '''
  {  1287,  18,  68,  23,    3,  -59 },   // 0x28 '('
  {  1440,  19,  68,  24,    2,  -59 },   // 0x29 ')'
  {  1602,  32,  29,  37,    3,  -59 },   // 0x2A '*'
  {  1718,  33,  30,  37,    2,  -40 },   // 0x2B '+'
  {  1842,  10,  16,  14,    2,   -9 },   // 0x2C ','
  {  1862,  18,   8,  24,    3,  -26 },   // 0x2D '-'
  {  1880,   9,  10,  17,    4,   -9 },   // 0x2E '.'
  {  1892,  32,  60,  35,    1,  -59 },   // 0x2F '/'
  {  2132,  29,  60,  37,    4,  -59 },   // 0x30 '0'
  {  2350,  12,  60,  19,    3,  -59 },   // 0x31 '1'
  {  2440,  31,  60,  39,    4,  -59 },   // 0x32 '2'
  {  2673,  30,  60,  38,    4,  -59 },   // 0x33 '3'
  {  2898,  34,  60,  36,    1,  -59 },   // 0x34 '4'
  {  3153,  30,  60,  38,    4,  -59 },   // 0x35 '5'
  {  3378,  30,  60,  38,    4,  -59 },   // 0x36 '6'
  {  3603,  30,  60,  34,    2,  -59 },   // 0x37 '7'
  {  3828,  30,  60,  38,    4,  -59 },   // 0x38 '8'
  {  4053,  30,  60,  38,    4,  -59 },   // 0x39 '9'
  {  4278,   9,  33,  15,    3,  -32 },   // 0x3A ':'
  {  4316,  10,  39,  15,    2,  -32 },   // 0x3B ';'
  {  4365,  23,  37,  28,    3,  -43 },   // 0x3C '<'
  {  4472,  30,  24,  36,    3,  -36 },   // 0x3D '='
  {  4562,  23,  37,  28,    3,  -43 },   // 0x3E '>'
  {  4669,  28,  60,  35,    4,  -59 },   // 0x3F '?'
  {  4879,  39,  60,  45,    3,  -59 },   // 0x40 '@'
  {  5172,  33,  60,  33,    0,  -59 },   // 0x41 'A'
  {  5420,  30,  60,  38,    4,  -59 },   // 0x42 'B'
  {  5645,  30,  60,  38,    4,  -59 },   // 0x43 'C'
  {  5870,  30,  60,  38,    4,  -59 },   // 0x44 'D'
  {  6095,  25,  60,  33,    4,  -59 },   // 0x45 'E'
  {  6283,  24,  60,  28,    4,  -59 },   // 0x46 'F'
  {  6463,  30,  60,  38,    4,  -59 },   // 0x47 'G'
  {  6688,  30,  60,  38,    4,  -59 },   // 0x48 'H'
  {  6913,   9,  60,  17,    4,  -59 },   // 0x49 'I'
  {  6981,  28,  60,  35,    3,  -59 },   // 0x4A 'J'
  {  7191,  30,  60,  34,    4,  -59 },   // 0x4B 'K'
  {  7416,  24,  60,  28,    4,  -59 },   // 0x4C 'L'
  {  7596,  37,  60,  45,    4,  -59 },   // 0x4D 'M'
  {  7874,  30,  60,  38,    4,  -59 },   // 0x4E 'N'
  {  8099,  30,  60,  38,    4,  -59 },   // 0x4F 'O'
  {  8324,  30,  60,  38,    4,  -59 },   // 0x50 'P'
  {  8549,  34,  60,  38,    4,  -59 },   // 0x51 'Q'
  {  8804,  31,  60,  38,    4,  -59 },   // 0x52 'R'
  {  9037,  30,  60,  38,    4,  -59 },   // 0x53 'S'
  {  9262,  29,  60,  29,    0,  -59 },   // 0x54 'T'
  {  9480,  30,  60,  38,    4,  -59 },   // 0x55 'U'
  {  9705,  29,  60,  29,    0,  -59 },   // 0x56 'V'
  {  9923,  47,  60,  47,    0,  -59 },   // 0x57 'W'
  { 10276,  33,  60,  33,    0,  -59 },   // 0x58 'X'
  { 10524,  33,  60,  33,    0,  -59 },   // 0x59 'Y'
  { 10772,  27,  60,  27,    0,  -59 },   // 0x5A 'Z'
  { 10975,  17,  69,  24,    4,  -59 },   // 0x5B '['
  { 11122,  33,  60,  35,    1,  -59 },   // 0x5C '\'
  { 11370,  17,  69,  24,    3,  -59 },   // 0x5D ']'
  { 11517,  27,  21,  33,    3,  -59 },   // 0x5E '^'
  { 11588,  31,   7,  31,    0,   10 },   // 0x5F '_'
  { 11616,  17,  10,  32,    9,  -50 },   // 0x60 '`'
  { 11638,  26,  38,  32,    3,  -37 },   // 0x61 'a'
  { 11762,  26,  60,  32,    3,  -59 },   // 0x62 'b'
  { 11957,  26,  38,  32,    3,  -37 },   // 0x63 'c'
  { 12081,  26,  60,  32,    3,  -59 },   // 0x64 'd'
  { 12276,  26,  38,  32,    3,  -37 },   // 0x65 'e'
  { 12400,  20,  60,  21,    1,  -59 },   // 0x66 'f'
  { 12550,  26,  52,  32,    3,  -37 },   // 0x67 'g'
  { 12719,  26,  60,  32,    3,  -59 },   // 0x68 'h'
  { 12914,   9,  53,  15,    3,  -52 },   // 0x69 'i'
  { 12974,  15,  67,  15,   -3,  -52 },   // 0x6A 'j'
  { 13100,  26,  60,  29,    3,  -59 },   // 0x6B 'k'
  { 13295,   9,  60,  15,    3,  -59 },   // 0x6C 'l'
  { 13363,  43,  38,  49,    3,  -37 },   // 0x6D 'm'
  { 13568,  26,  38,  32,    3,  -37 },   // 0x6E 'n'
  { 13692,  26,  38,  32,    3,  -37 },   // 0x6F 'o'
  { 13816,  26,  52,  32,    3,  -37 },   // 0x70 'p'
  { 13985,  26,  52,  32,    3,  -37 },   // 0x71 'q'
  { 14154,  26,  38,  31,    3,  -37 },   // 0x72 'r'
  { 14278,  26,  38,  32,    3,  -37 },   // 0x73 's'
  { 14402,  19,  48,  22,    1,  -47 },   // 0x74 't'
  { 14516,  26,  38,  32,    3,  -37 },   // 0x75 'u'
  { 14640,  27,  38,  27,    0,  -37 },   // 0x76 'v'
  { 14769,  43,  38,  43,    0,  -37 },   // 0x77 'w'
  { 14974,  29,  38,  29,    0,  -37 },   // 0x78 'x'
  { 15112,  27,  52,  27,    0,  -37 },   // 0x79 'y'
  { 15288,  23,  38,  25,    0,  -37 },   // 0x7A 'z'
  { 15398,  25,  69,  29,    1,  -59 },   // 0x7B '{'
  { 15614,   9,  74,  16,    4,  -59 },   // 0x7C '|'
  { 15698,  25,  69,  29,    3,  -59 },   // 0x7D '}'
  { 15914,  30,  14,  39,    5,  -29 } }; // 0x7E '~'

const GFXfont AGENCYB40pt7b PROGMEM = {
  (uint8_t  *)AGENCYB40pt7bBitmaps,
  (GFXglyph *)AGENCYB40pt7bGlyphs,
  0x20, 0x7E, 94 };

// Approx. 16639 bytes
