const uint8_t AGENCYB45pt7bBitmaps[] PROGMEM = {
  0x00, 0xFF, 0xFF, 0xFF, 0xFF, 0xFF, 0xFF, 0xFF, 0xFF, 0xFF, 0xFF, 0xFF,
  0xFF, 0xFF, 0xFF, 0xFF, 0xFF, 0xFF, 0xFF, 0xFF, 0xFF, 0xFF, 0xFF, 0xFF,
  0xFF, 0xFF, 0xFF, 0xFF, 0xFF, 0xFF, 0xFF, 0xFF, 0xFF, 0xFF, 0xFF, 0xFF,
  0xFF, 0xFF, 0xFF, 0xFD, 0xFF, 0x7F, 0xDF, 0xF7, 0xF9, 0xFE, 0x7F, 0x9F,
  0xE7, 0xF9, 0xFE, 0x7F, 0x9F, 0xE7, 0xF9, 0xFE, 0x7F, 0x9F, 0xE7, 0xF9,
  0xFE, 0x7F, 0x9F, 0xE7, 0xF9, 0xFE, 0x00, 0x00, 0x00, 0x00, 0x00, 0x00,
  0x3F, 0xFF, 0xFF, 0xFF, 0xFF, 0xFF, 0xFF, 0xFF, 0xFF, 0xFF, 0xFF, 0xFF,
  0xFC, 0xFF, 0xC3, 0xFF, 0xFF, 0xC3, 0xFF, 0xFF, 0xC3, 0xFF, 0xFF, 0xC3,
  0xFF, 0xFF, 0xC3, 0xFF, 0x7F, 0x83, 0xFF, 0x7F, 0x81, 0xFE, 0x7F, 0x81,
  0xFE, 0x7F, 0x81, 0xFE, 0x7F, 0x81, 0xFE, 0x7F, 0x81, 0xFE, 0x7F, 0x81,
  0xFE, 0x7F, 0x81, 0xFE, 0x7F, 0x81, 0xFE, 0x7F, 0x81, 0xFE, 0x7F, 0x81,
  0xFE, 0x3F, 0x01, 0xFE, 0x3F, 0x00, 0xFC, 0x3F, 0x00, 0xFC, 0x3F, 0x00,
  0xFC, 0x3F, 0x00, 0xFC, 0x00, 0x01, 0xFF, 0x01, 0xFF, 0x00, 0x00, 0x1F,
  0xF0, 0x1F, 0xF0, 0x00, 0x01, 0xFF, 0x01, 0xFF, 0x00, 0x00, 0x3F, 0xE0,
  0x3F, 0xE0, 0x00, 0x03, 0xFE, 0x03, 0xFE, 0x00, 0x00, 0x3F, 0xE0, 0x3F,
  0xE0, 0x00, 0x03, 0xFE, 0x03, 0xFE, 0x00, 0x00, 0x3F, 0xE0, 0x3F, 0xE0,
  0x00, 0x03, 0xFE, 0x03, 0xFE, 0x00, 0x00, 0x7F, 0xC0, 0x7F, 0xC0, 0x00,
  0x07, 0xFC, 0x07, 0xFC, 0x00, 0x00, 0x7F, 0xC0, 0x7F, 0xC0, 0x00, 0x07,
  0xFC, 0x07, 0xFC, 0x00, 0x00, 0x7F, 0xC0, 0x7F, 0xC0, 0x00, 0x07, 0xFC,
  0x07, 0xFC, 0x00, 0x00, 0xFF, 0x80, 0xFF, 0x80, 0x00, 0x0F, 0xF8, 0x0F,
  0xF8, 0x01, 0xFF, 0xFF, 0xFF, 0xFF, 0xFF, 0x1F, 0xFF, 0xFF, 0xFF, 0xFF,
  0xF1, 0xFF, 0xFF, 0xFF, 0xFF, 0xFF, 0x1F, 0xFF, 0xFF, 0xFF, 0xFF, 0xF1,
  0xFF, 0xFF, 0xFF, 0xFF, 0xFF, 0x1F, 0xFF, 0xFF, 0xFF, 0xFF, 0xF1, 0xFF,
  0xFF, 0xFF, 0xFF, 0xFF, 0x1F, 0xFF, 0xFF, 0xFF, 0xFF, 0xF0, 0x01, 0xFF,
  0x01, 0xFF, 0x00, 0x00, 0x1F, 0xF0, 0x1F, 0xF0, 0x00, 0x03, 0xFE, 0x03,
  0xFE, 0x00, 0x00, 0x3F, 0xE0, 0x3F, 0xE0, 0x00, 0x03, 0xFE, 0x03, 0xFE,
  0x00, 0x00, 0x3F, 0xE0, 0x3F, 0xE0, 0x00, 0x03, 0xFE, 0x03, 0xFE, 0x00,
  0x00, 0x3F, 0xE0, 0x3F, 0xE0, 0x00, 0x07, 0xFC, 0x07, 0xFC, 0x00, 0x00,
  0x7F, 0xC0, 0x7F, 0xC0, 0x00, 0x07, 0xFC, 0x07, 0xFC, 0x00, 0x00, 0x7F,
  0xC0, 0x7F, 0xC0, 0x00, 0x07, 0xFC, 0x07, 0xFC, 0x00, 0x00, 0x7F, 0xC0,
  0x7F, 0xC0, 0x00, 0x07, 0xF8, 0x07, 0xFC, 0x00, 0x00, 0xFF, 0x80, 0xFF,
  0x80, 0x00, 0x0F, 0xF8, 0x0F, 0xF8, 0x00, 0xFF, 0xFF, 0xFF, 0xFF, 0xFF,
  0x8F, 0xFF, 0xFF, 0xFF, 0xFF, 0xF8, 0xFF, 0xFF, 0xFF, 0xFF, 0xFF, 0x8F,
  0xFF, 0xFF, 0xFF, 0xFF, 0xF8, 0xFF, 0xFF, 0xFF, 0xFF, 0xFF, 0x8F, 0xFF,
  0xFF, 0xFF, 0xFF, 0xF8, 0xFF, 0xFF, 0xFF, 0xFF, 0xFF, 0x8F, 0xFF, 0xFF,
  0xFF, 0xFF, 0xF8, 0x01, 0xFF, 0x01, 0xFF, 0x00, 0x00, 0x1F, 0xF0, 0x3F,
  0xF0, 0x00, 0x03, 0xFE, 0x03, 0xFE, 0x00, 0x00, 0x3F, 0xE0, 0x3F, 0xE0,
  0x00, 0x03, 0xFE, 0x03, 0xFE, 0x00, 0x00, 0x3F, 0xE0, 0x3F, 0xE0, 0x00,
  0x03, 0xFE, 0x03, 0xFE, 0x00, 0x00, 0x3F, 0xE0, 0x3F, 0xE0, 0x00, 0x07,
  0xFC, 0x07, 0xFC, 0x00, 0x00, 0x7F, 0xC0, 0x7F, 0xC0, 0x00, 0x07, 0xFC,
  0x07, 0xFC, 0x00, 0x00, 0x7F, 0xC0, 0x7F, 0xC0, 0x00, 0x07, 0xFC, 0x07,
  0xFC, 0x00, 0x00, 0x7F, 0xC0, 0x7F, 0xC0, 0x00, 0x0F, 0xF8, 0x0F, 0xF8,
  0x00, 0x00, 0xFF, 0x80, 0xFF, 0x80, 0x00, 0x0F, 0xF8, 0x0F, 0xF8, 0x00,
  0x00, 0x00, 0x3F, 0xFC, 0x00, 0x00, 0x3F, 0xFC, 0x00, 0x00, 0x3F, 0xFC,
  0x00, 0x00, 0x3F, 0xFC, 0x00, 0x00, 0x3F, 0xFC, 0x00, 0x00, 0x3F, 0xFC,
  0x00, 0x3F, 0xFF, 0xFF, 0xFC, 0x7F, 0xFF, 0xFF, 0xFE, 0xFF, 0xFF, 0xFF,
  0xFF, 0xFF, 0xFF, 0xFF, 0xFF, 0xFF, 0xFF, 0xFF, 0xFF, 0xFF, 0xFF, 0xFF,
  0xFF, 0xFF, 0xFF, 0xFF, 0xFF, 0xFF, 0xFF, 0xFF, 0xFF, 0xFF, 0xFF, 0xFF,
  0xFF, 0xFF, 0xC0, 0x03, 0xFF, 0xFF, 0xC0, 0x03, 0xFF, 0xFF, 0xC0, 0x03,
  0xFF, 0xFF, 0xC0, 0x03, 0xFF, 0xFF, 0xC0, 0x03, 0xFF, 0xFF, 0xC0, 0x03,
  0xFF, 0xFF, 0xC0, 0x03, 0xFF, 0xFF, 0xC0, 0x03, 0xFF, 0xFF, 0xC0, 0x03,
  0xFF, 0xFF, 0xC0, 0x03, 0xFF, 0xFF, 0xC0, 0x03, 0xFF, 0xFF, 0xC0, 0x03,
  0xFF, 0xFF, 0xE0, 0x00, 0x00, 0xFF, 0xF0, 0x00, 0x00, 0x7F, 0xF8, 0x00,
  0x00, 0x7F, 0xFC, 0x00, 0x00, 0x3F, 0xFE, 0x00, 0x00, 0x1F, 0xFF, 0x00,
  0x00, 0x0F, 0xFF, 0x80, 0x00, 0x03, 0xFF, 0xC0, 0x00, 0x01, 0xFF, 0xE0,
  0x00, 0x00, 0xFF, 0xF0, 0x00, 0x00, 0x7F, 0xF8, 0x00, 0x00, 0x3F, 0xFC,
  0x00, 0x00, 0x1F, 0xFE, 0x00, 0x00, 0x0F, 0xFF, 0x00, 0x00, 0x07, 0xFF,
  0x80, 0x00, 0x03, 0xFF, 0xC0, 0x00, 0x01, 0xFF, 0xF0, 0x00, 0x00, 0xFF,
  0xF8, 0x00, 0x00, 0x7F, 0xFC, 0x00, 0x00, 0x3F, 0xFE, 0x00, 0x00, 0x1F,
  0xFE, 0x00, 0x00, 0x0F, 0xFF, 0x00, 0x00, 0x07, 0xFF, 0xFF, 0xC0, 0x03,
  0xFF, 0xFF, 0xC0, 0x03, 0xFF, 0xFF, 0xC0, 0x03, 0xFF, 0xFF, 0xC0, 0x03,
  0xFF, 0xFF, 0xC0, 0x03, 0xFF, 0xFF, 0xC0, 0x03, 0xFF, 0xFF, 0xC0, 0x03,
  0xFF, 0xFF, 0xC0, 0x03, 0xFF, 0xFF, 0xC0, 0x03, 0xFF, 0xFF, 0xC0, 0x03,
  0xFF, 0xFF, 0xC0, 0x03, 0xFF, 0xFF, 0xC0, 0x03, 0xFF, 0xFF, 0xC0, 0x03,
  0xFF, 0xFF, 0xFF, 0xFF, 0xFF, 0xFF, 0xFF, 0xFF, 0xFF, 0xFF, 0xFF, 0xFF,
  0xFF, 0xFF, 0xFF, 0xFF, 0xFF, 0xFF, 0xFF, 0xFF, 0xFF, 0xFF, 0xFF, 0xFF,
  0xFF, 0xFF, 0xFF, 0xFF, 0xFE, 0x7F, 0xFF, 0xFF, 0xFE, 0x3F, 0xFF, 0xFF,
  0xFC, 0x00, 0x3F, 0xFC, 0x00, 0x00, 0x3F, 0xFC, 0x00, 0x00, 0x3F, 0xFC,
  0x00, 0x00, 0x3F, 0xFC, 0x00, 0x00, 0x3F, 0xFC, 0x00, 0x00, 0x3F, 0xFC,
  0x00, 0x1F, 0xFF, 0xE0, 0x00, 0x00, 0x3F, 0x01, 0xFF, 0xFF, 0xE0, 0x00,
  0x01, 0xFC, 0x07, 0xFF, 0xFF, 0x80, 0x00, 0x07, 0xE0, 0x3F, 0xFF, 0xFF,
  0x00, 0x00, 0x3F, 0x80, 0xFF, 0xFF, 0xFC, 0x00, 0x00, 0xFC, 0x03, 0xFF,
  0xFF, 0xF0, 0x00, 0x07, 0xF0, 0x0F, 0xE0, 0x1F, 0xC0, 0x00, 0x3F, 0x80,
  0x3F, 0x80, 0x7F, 0x00, 0x00, 0xFE, 0x00, 0xFE, 0x01, 0xFC, 0x00, 0x07,
  0xF0, 0x03, 0xF8, 0x07, 0xF0, 0x00, 0x1F, 0x80, 0x0F, 0xE0, 0x1F, 0xC0,
  0x00, 0xFE, 0x00, 0x3F, 0x80, 0x7F, 0x00, 0x03, 0xF0, 0x00, 0xFE, 0x01,
  0xFC, 0x00, 0x1F, 0xC0, 0x03, 0xF8, 0x07, 0xF0, 0x00, 0x7E, 0x00, 0x0F,
  0xE0, 0x1F, 0xC0, 0x03, 0xF8, 0x00, 0x3F, 0x80, 0x7F, 0x00, 0x0F, 0xC0,
  0x00, 0xFE, 0x01, 0xFC, 0x00, 0x7F, 0x00, 0x03, 0xF8, 0x07, 0xF0, 0x03,
  0xF8, 0x00, 0x0F, 0xE0, 0x1F, 0xC0, 0x0F, 0xE0, 0x00, 0x3F, 0x80, 0x7F,
  0x00, 0x7F, 0x00, 0x00, 0xFE, 0x01, 0xFC, 0x01, 0xF8, 0x00, 0x03, 0xF8,
  0x07, 0xF0, 0x0F, 0xE0, 0x00, 0x0F, 0xE0, 0x1F, 0xC0, 0x3F, 0x00, 0x00,
  0x3F, 0x80, 0x7F, 0x01, 0xFC, 0x00, 0x00, 0xFE, 0x01, 0xFC, 0x07, 0xE0,
  0x00, 0x03, 0xF8, 0x07, 0xF0, 0x3F, 0x80, 0x00, 0x0F, 0xE0, 0x1F, 0xC1,
  0xFC, 0x00, 0x00, 0x3F, 0x80, 0x7F, 0x07, 0xF0, 0x00, 0x00, 0xFF, 0xFF,
  0xFC, 0x3F, 0x80, 0x00, 0x03, 0xFF, 0xFF, 0xF0, 0xFE, 0x00, 0x00, 0x0F,
  0xFF, 0xFF, 0xC7, 0xF0, 0x00, 0x00, 0x3F, 0xFF, 0xFF, 0x1F, 0x80, 0x00,
  0x00, 0x7F, 0xFF, 0xF8, 0xFE, 0x00, 0x00, 0x00, 0xFF, 0xFF, 0xC3, 0xF0,
  0x7F, 0xFF, 0x80, 0x00, 0x00, 0x1F, 0xC7, 0xFF, 0xFF, 0x80, 0x00, 0x00,
  0x7E, 0x1F, 0xFF, 0xFE, 0x00, 0x00, 0x03, 0xF8, 0xFF, 0xFF, 0xFC, 0x00,
  0x00, 0x1F, 0xC3, 0xFF, 0xFF, 0xF0, 0x00, 0x00, 0x7F, 0x0F, 0xFF, 0xFF,
  0xC0, 0x00, 0x03, 0xF8, 0x3F, 0x80, 0x7F, 0x00, 0x00, 0x0F, 0xE0, 0xFE,
  0x01, 0xFC, 0x00, 0x00, 0x7F, 0x03, 0xF8, 0x07, 0xF0, 0x00, 0x01, 0xF8,
  0x0F, 0xE0, 0x1F, 0xC0, 0x00, 0x0F, 0xE0, 0x3F, 0x80, 0x7F, 0x00, 0x00,
  0x3F, 0x00, 0xFE, 0x01, 0xFC, 0x00, 0x01, 0xFC, 0x03, 0xF8, 0x07, 0xF0,
  0x00, 0x07, 0xE0, 0x0F, 0xE0, 0x1F, 0xC0, 0x00, 0x3F, 0x80, 0x3F, 0x80,
  0x7F, 0x00, 0x01, 0xFC, 0x00, 0xFE, 0x01, 0xFC, 0x00, 0x07, 0xF0, 0x03,
  0xF8, 0x07, 0xF0, 0x00, 0x3F, 0x80, 0x0F, 0xE0, 0x1F, 0xC0, 0x00, 0xFE,
  0x00, 0x3F, 0x80, 0x7F, 0x00, 0x07, 0xF0, 0x00, 0xFE, 0x01, 0xFC, 0x00,
  0x1F, 0x80, 0x03, 0xF8, 0x07, 0xF0, 0x00, 0xFE, 0x00, 0x0F, 0xE0, 0x1F,
  0xC0, 0x03, 0xF0, 0x00, 0x3F, 0x80, 0x7F, 0x00, 0x1F, 0xC0, 0x00, 0xFE,
  0x01, 0xFC, 0x00, 0x7E, 0x00, 0x03, 0xF8, 0x07, 0xF0, 0x03, 0xF8, 0x00,
  0x0F, 0xE0, 0x1F, 0xC0, 0x1F, 0xC0, 0x00, 0x3F, 0x80, 0x7F, 0x00, 0x7F,
  0x00, 0x00, 0xFE, 0x01, 0xFC, 0x03, 0xF8, 0x00, 0x03, 0xFF, 0xFF, 0xF0,
  0x0F, 0xC0, 0x00, 0x0F, 0xFF, 0xFF, 0xC0, 0x7F, 0x00, 0x00, 0x3F, 0xFF,
  0xFF, 0x01, 0xF8, 0x00, 0x00, 0xFF, 0xFF, 0xFC, 0x0F, 0xE0, 0x00, 0x01,
  0xFF, 0xFF, 0xE0, 0x3F, 0x00, 0x00, 0x03, 0xFF, 0xFF, 0x00, 0x1F, 0xFF,
  0xFF, 0xFE, 0x00, 0x7F, 0xFF, 0xFF, 0xFF, 0x01, 0xFF, 0xFF, 0xFF, 0xFE,
  0x07, 0xFF, 0xFF, 0xFF, 0xFE, 0x0F, 0xFF, 0xFF, 0xFF, 0xFC, 0x1F, 0xFF,
  0xFF, 0xFF, 0xF8, 0x3F, 0xFF, 0xFF, 0xFF, 0xF0, 0x7F, 0xFF, 0xFF, 0xFF,
  0xE0, 0xFF, 0xFF, 0xFF, 0xFF, 0xC1, 0xFF, 0x80, 0x01, 0xFF, 0x83, 0xFF,
  0x00, 0x03, 0xFF, 0x07, 0xFE, 0x00, 0x07, 0xFE, 0x0F, 0xFC, 0x00, 0x0F,
  0xFC, 0x1F, 0xF8, 0x00, 0x1F, 0xF8, 0x3F, 0xF0, 0x00, 0x3F, 0xF0, 0x7F,
  0xE0, 0x00, 0x7F, 0xE0, 0xFF, 0xC0, 0x00, 0xFF, 0xC1, 0xFF, 0x80, 0x01,
  0xFF, 0x83, 0xFF, 0x00, 0x03, 0xFF, 0x07, 0xFE, 0x00, 0x07, 0xFE, 0x0F,
  0xFC, 0x00, 0x0F, 0xFC, 0x1F, 0xF8, 0x00, 0x00, 0x00, 0x3F, 0xF0, 0x00,
  0x00, 0x00, 0x7F, 0xE0, 0x00, 0x00, 0x00, 0xFF, 0xC0, 0x00, 0x00, 0x01,
  0xFF, 0xC0, 0x00, 0x00, 0x03, 0xFF, 0xE0, 0x00, 0x00, 0x03, 0xFF, 0xE0,
  0x00, 0x00, 0x03, 0xFF, 0xFF, 0xFF, 0xFF, 0xE3, 0xFF, 0xFF, 0xFF, 0xFF,
  0xC3, 0xFF, 0xFF, 0xFF, 0xFF, 0x83, 0xFF, 0xFF, 0xFF, 0xFF, 0x03, 0xFF,
  0xFF, 0xFF, 0xFE, 0x0F, 0xFF, 0xFF, 0xFF, 0xFC, 0x3F, 0xFF, 0xFF, 0xFF,
  0xF8, 0xFF, 0xFF, 0xFF, 0xFF, 0xF3, 0xFF, 0xFF, 0xFF, 0xFF, 0xEF, 0xFF,
  0x80, 0x1F, 0xF8, 0x1F, 0xFE, 0x00, 0x3F, 0xF0, 0x7F, 0xF0, 0x00, 0x7F,
  0xE0, 0xFF, 0xC0, 0x00, 0xFF, 0xC1, 0xFF, 0x80, 0x01, 0xFF, 0x83, 0xFF,
  0x00, 0x03, 0xFF, 0x07, 0xFE, 0x00, 0x07, 0xFE, 0x0F, 0xFC, 0x00, 0x0F,
  0xFC, 0x1F, 0xF8, 0x00, 0x1F, 0xF8, 0x3F, 0xF0, 0x00, 0x3F, 0xF0, 0x7F,
  0xE0, 0x00, 0x7F, 0xE0, 0xFF, 0xC0, 0x00, 0xFF, 0xC1, 0xFF, 0x80, 0x01,
  0xFF, 0x83, 0xFF, 0x00, 0x03, 0xFF, 0x07, 0xFE, 0x00, 0x07, 0xFE, 0x0F,
  0xFC, 0x00, 0x0F, 0xFC, 0x1F, 0xF8, 0x00, 0x1F, 0xF8, 0x3F, 0xF0, 0x00,
  0x3F, 0xF0, 0x7F, 0xE0, 0x00, 0x7F, 0xE0, 0xFF, 0xC0, 0x00, 0xFF, 0xC1,
  0xFF, 0x80, 0x01, 0xFF, 0x83, 0xFF, 0xFF, 0xFF, 0xFF, 0x07, 0xFF, 0xFF,
  0xFF, 0xFE, 0x0F, 0xFF, 0xFF, 0xFF, 0xFC, 0x1F, 0xFF, 0xFF, 0xFF, 0xF8,
  0x3F, 0xFF, 0xFF, 0xFF, 0xF0, 0x7F, 0xFF, 0xFF, 0xFF, 0xE0, 0x7F, 0xFF,
  0xFF, 0xFF, 0xC0, 0xFF, 0xFF, 0xFF, 0xFF, 0x80, 0x7F, 0xFF, 0xFF, 0xFF,
  0x00, 0xFF, 0xFF, 0xFF, 0xFF, 0xFF, 0xFF, 0xDF, 0xE7, 0xF9, 0xFE, 0x7F,
  0x9F, 0xE7, 0xF9, 0xFE, 0x7F, 0x9F, 0xE7, 0xF9, 0xFE, 0x3F, 0x0F, 0xC3,
  0xF0, 0xFC, 0x3F, 0x00, 0x00, 0x3F, 0xF0, 0x07, 0xFE, 0x00, 0x7F, 0xE0,
  0x0F, 0xFC, 0x00, 0xFF, 0xC0, 0x1F, 0xF8, 0x01, 0xFF, 0x80, 0x3F, 0xF0,
  0x03, 0xFF, 0x00, 0x7F, 0xF0, 0x07, 0xFE, 0x00, 0x7F, 0xE0, 0x0F, 0xFC,
  0x00, 0xFF, 0xC0, 0x0F, 0xFC, 0x01, 0xFF, 0x80, 0x1F, 0xF8, 0x01, 0xFF,
  0x80, 0x3F, 0xF8, 0x03, 0xFF, 0x00, 0x3F, 0xF0, 0x03, 0xFF, 0x00, 0x3F,
  0xF0, 0x07, 0xFE, 0x00, 0x7F, 0xE0, 0x07, 0xFE, 0x00, 0x7F, 0xE0, 0x07,
  0xFE, 0x00, 0x7F, 0xE0, 0x0F, 0xFC, 0x00, 0xFF, 0xC0, 0x0F, 0xFC, 0x00,
  0xFF, 0xC0, 0x0F, 0xFC, 0x00, 0xFF, 0xC0, 0x0F, 0xFC, 0x00, 0xFF, 0xC0,
  0x0F, 0xFC, 0x00, 0xFF, 0xC0, 0x0F, 0xFC, 0x00, 0xFF, 0xC0, 0x0F, 0xFC,
  0x00, 0xFF, 0xC0, 0x0F, 0xFC, 0x00, 0xFF, 0xC0, 0x0F, 0xFC, 0x00, 0xFF,
  0xC0, 0x07, 0xFE, 0x00, 0x7F, 0xE0, 0x07, 0xFE, 0x00, 0x7F, 0xE0, 0x07,
  0xFE, 0x00, 0x7F, 0xE0, 0x07, 0xFF, 0x00, 0x3F, 0xF0, 0x03, 0xFF, 0x00,
  0x3F, 0xF0, 0x03, 0xFF, 0x80, 0x1F, 0xF8, 0x01, 0xFF, 0x80, 0x1F, 0xF8,
  0x00, 0xFF, 0xC0, 0x0F, 0xFC, 0x00, 0xFF, 0xC0, 0x07, 0xFE, 0x00, 0x7F,
  0xE0, 0x07, 0xFF, 0x00, 0x3F, 0xF0, 0x03, 0xFF, 0x00, 0x1F, 0xF8, 0x01,
  0xFF, 0x80, 0x0F, 0xFC, 0x00, 0xFF, 0xC0, 0x07, 0xFE, 0x00, 0x7F, 0xE0,
  0x03, 0xFF, 0xFF, 0xC0, 0x03, 0xFF, 0x00, 0x1F, 0xFC, 0x00, 0x7F, 0xE0,
  0x03, 0xFF, 0x80, 0x0F, 0xFC, 0x00, 0x7F, 0xF0, 0x01, 0xFF, 0x80, 0x0F,
  0xFE, 0x00, 0x3F, 0xF0, 0x01, 0xFF, 0xC0, 0x07, 0xFE, 0x00, 0x3F, 0xF0,
  0x01, 0xFF, 0xC0, 0x07, 0xFE, 0x00, 0x3F, 0xF0, 0x00, 0xFF, 0xC0, 0x07,
  0xFE, 0x00, 0x3F, 0xF0, 0x01, 0xFF, 0xC0, 0x07, 0xFE, 0x00, 0x3F, 0xF0,
  0x01, 0xFF, 0x80, 0x0F, 0xFE, 0x00, 0x3F, 0xF0, 0x01, 0xFF, 0x80, 0x0F,
  0xFC, 0x00, 0x7F, 0xE0, 0x03, 0xFF, 0x00, 0x1F, 0xFC, 0x00, 0x7F, 0xE0,
  0x03, 0xFF, 0x00, 0x1F, 0xF8, 0x00, 0xFF, 0xC0, 0x07, 0xFE, 0x00, 0x3F,
  0xF0, 0x01, 0xFF, 0x80, 0x0F, 0xFC, 0x00, 0x7F, 0xE0, 0x03, 0xFF, 0x00,
  0x1F, 0xF8, 0x00, 0xFF, 0xC0, 0x07, 0xFE, 0x00, 0x3F, 0xF0, 0x01, 0xFF,
  0x80, 0x0F, 0xFC, 0x00, 0xFF, 0xE0, 0x07, 0xFE, 0x00, 0x3F, 0xF0, 0x01,
  0xFF, 0x80, 0x0F, 0xFC, 0x00, 0x7F, 0xE0, 0x07, 0xFF, 0x00, 0x3F, 0xF0,
  0x01, 0xFF, 0x80, 0x0F, 0xFC, 0x00, 0xFF, 0xE0, 0x07, 0xFE, 0x00, 0x3F,
  0xF0, 0x01, 0xFF, 0x80, 0x1F, 0xF8, 0x00, 0xFF, 0xC0, 0x0F, 0xFE, 0x00,
  0x7F, 0xE0, 0x03, 0xFF, 0x00, 0x3F, 0xF0, 0x01, 0xFF, 0x80, 0x1F, 0xFC,
  0x00, 0xFF, 0xC0, 0x0F, 0xFE, 0x00, 0x7F, 0xE0, 0x07, 0xFF, 0x00, 0x3F,
  0xF0, 0x03, 0xFF, 0x00, 0x1F, 0xF8, 0x01, 0xFF, 0x80, 0x00, 0x00, 0x0F,
  0xFC, 0x00, 0x00, 0x03, 0xFF, 0x00, 0x00, 0x00, 0xFF, 0xC0, 0x00, 0x00,
  0x3F, 0xF0, 0x00, 0x00, 0x0F, 0xFC, 0x00, 0x02, 0x03, 0xFF, 0x01, 0x00,
  0xE0, 0x7F, 0xC0, 0xC0, 0x7C, 0x1F, 0xE0, 0xF8, 0x3F, 0x87, 0xF8, 0x7F,
  0x0F, 0xF9, 0xFE, 0x3F, 0xC7, 0xFF, 0x7F, 0xBF, 0xF9, 0xFF, 0xFF, 0xFF,
  0xFE, 0xFF, 0xFF, 0xFF, 0xFF, 0xCF, 0xFF, 0xFF, 0xFF, 0xC0, 0xFF, 0xFF,
  0xFF, 0xC0, 0x07, 0xFF, 0xFF, 0xC0, 0x00, 0x7F, 0xFF, 0x80, 0x00, 0x1F,
  0xFF, 0xE0, 0x00, 0x1F, 0xFF, 0xFF, 0x00, 0x3F, 0xFF, 0xFF, 0xF0, 0x3F,
  0xFF, 0xFF, 0xFF, 0x3F, 0xFF, 0xFF, 0xFF, 0xF7, 0xFF, 0xFF, 0xFF, 0xF9,
  0xFF, 0xDF, 0xEF, 0xFE, 0x3F, 0xC7, 0xF8, 0xFF, 0x0F, 0xE1, 0xFE, 0x1F,
  0xC1, 0xF0, 0x7F, 0x83, 0xE0, 0x30, 0x1F, 0xF0, 0x30, 0x08, 0x0F, 0xFC,
  0x04, 0x00, 0x03, 0xFF, 0x00, 0x00, 0x00, 0xFF, 0xC0, 0x00, 0x00, 0x3F,
  0xF0, 0x00, 0x00, 0x0F, 0xFC, 0x00, 0x00, 0x03, 0xFF, 0x00, 0x00, 0x00,
  0x07, 0xFE, 0x00, 0x00, 0x00, 0x7F, 0xE0, 0x00, 0x00, 0x07, 0xFE, 0x00,
  0x00, 0x00, 0x7F, 0xE0, 0x00, 0x00, 0x07, 0xFE, 0x00, 0x00, 0x00, 0x7F,
  0xE0, 0x00, 0x00, 0x07, 0xFE, 0x00, 0x00, 0x00, 0x7F, 0xE0, 0x00, 0x00,
  0x07, 0xFE, 0x00, 0x00, 0x00, 0x7F, 0xE0, 0x00, 0x00, 0x07, 0xFE, 0x00,
  0x00, 0x00, 0x7F, 0xE0, 0x00, 0x00, 0x07, 0xFE, 0x00, 0x0F, 0xFF, 0xFF,
  0xFF, 0xFF, 0xFF, 0xFF, 0xFF, 0xFF, 0xFF, 0xFF, 0xFF, 0xFF, 0xFF, 0xFF,
  0xFF, 0xFF, 0xFF, 0xFF, 0xFF, 0xFF, 0xFF, 0xFF, 0xFF, 0xFF, 0xFF, 0xFF,
  0xFF, 0xFF, 0xFF, 0xFF, 0xFF, 0xFF, 0xFF, 0xFF, 0xFF, 0xFF, 0xFF, 0xFF,
  0xFF, 0xFF, 0x00, 0x07, 0xFE, 0x00, 0x00, 0x00, 0x7F, 0xE0, 0x00, 0x00,
  0x07, 0xFE, 0x00, 0x00, 0x00, 0x7F, 0xE0, 0x00, 0x00, 0x07, 0xFE, 0x00,
  0x00, 0x00, 0x7F, 0xE0, 0x00, 0x00, 0x07, 0xFE, 0x00, 0x00, 0x00, 0x7F,
  0xE0, 0x00, 0x00, 0x07, 0xFE, 0x00, 0x00, 0x00, 0x7F, 0xE0, 0x00, 0x00,
  0x07, 0xFE, 0x00, 0x00, 0x00, 0x7F, 0xE0, 0x00, 0x00, 0x07, 0xFE, 0x00,
  0x00, 0x3F, 0xF3, 0xFF, 0x3F, 0xE3, 0xFE, 0x7F, 0xE7, 0xFC, 0x7F, 0xC7,
  0xFC, 0x7F, 0xC7, 0xF8, 0x7F, 0x87, 0xF8, 0x7F, 0x8F, 0xF0, 0xFF, 0x0F,
  0xF0, 0xFE, 0x0F, 0xE0, 0xFF, 0xFF, 0xFF, 0xFF, 0xFF, 0xFF, 0xFF, 0xFF,
  0xFF, 0xFF, 0xFF, 0xFF, 0xFF, 0xFF, 0xFF, 0xFF, 0xFF, 0xFF, 0xFF, 0xFF,
  0xFF, 0xFF, 0xFF, 0xF8, 0xFF, 0xFF, 0xFF, 0xFF, 0xFF, 0xFF, 0xFF, 0xFF,
  0xFF, 0xFF, 0xFF, 0xFF, 0xFF, 0xFC, 0x00, 0x00, 0x00, 0x7F, 0xE0, 0x00,
  0x00, 0x1F, 0xFC, 0x00, 0x00, 0x03, 0xFF, 0x00, 0x00, 0x00, 0x7F, 0xE0,
  0x00, 0x00, 0x1F, 0xFC, 0x00, 0x00, 0x03, 0xFF, 0x00, 0x00, 0x00, 0x7F,
  0xE0, 0x00, 0x00, 0x1F, 0xF8, 0x00, 0x00, 0x03, 0xFF, 0x00, 0x00, 0x00,
  0xFF, 0xE0, 0x00, 0x00, 0x1F, 0xF8, 0x00, 0x00, 0x03, 0xFF, 0x00, 0x00,
  0x00, 0xFF, 0xE0, 0x00, 0x00, 0x1F, 0xF8, 0x00, 0x00, 0x03, 0xFF, 0x00,
  0x00, 0x00, 0xFF, 0xC0, 0x00, 0x00, 0x1F, 0xF8, 0x00, 0x00, 0x07, 0xFF,
  0x00, 0x00, 0x00, 0xFF, 0xC0, 0x00, 0x00, 0x1F, 0xF8, 0x00, 0x00, 0x07,
  0xFF, 0x00, 0x00, 0x00, 0xFF, 0xC0, 0x00, 0x00, 0x1F, 0xF8, 0x00, 0x00,
  0x07, 0xFE, 0x00, 0x00, 0x00, 0xFF, 0xC0, 0x00, 0x00, 0x3F, 0xF8, 0x00,
  0x00, 0x07, 0xFE, 0x00, 0x00, 0x00, 0xFF, 0xC0, 0x00, 0x00, 0x3F, 0xF8,
  0x00, 0x00, 0x07, 0xFE, 0x00, 0x00, 0x00, 0xFF, 0xC0, 0x00, 0x00, 0x3F,
  0xF0, 0x00, 0x00, 0x07, 0xFE, 0x00, 0x00, 0x01, 0xFF, 0xC0, 0x00, 0x00,
  0x3F, 0xF0, 0x00, 0x00, 0x07, 0xFE, 0x00, 0x00, 0x01, 0xFF, 0xC0, 0x00,
  0x00, 0x3F, 0xF0, 0x00, 0x00, 0x0F, 0xFE, 0x00, 0x00, 0x01, 0xFF, 0x80,
  0x00, 0x00, 0x3F, 0xF0, 0x00, 0x00, 0x0F, 0xFE, 0x00, 0x00, 0x01, 0xFF,
  0x80, 0x00, 0x00, 0x3F, 0xF0, 0x00, 0x00, 0x0F, 0xFC, 0x00, 0x00, 0x01,
  0xFF, 0x80, 0x00, 0x00, 0x7F, 0xF0, 0x00, 0x00, 0x0F, 0xFC, 0x00, 0x00,
  0x01, 0xFF, 0x80, 0x00, 0x00, 0x7F, 0xF0, 0x00, 0x00, 0x0F, 0xFC, 0x00,
  0x00, 0x01, 0xFF, 0x80, 0x00, 0x00, 0x7F, 0xE0, 0x00, 0x00, 0x0F, 0xFC,
  0x00, 0x00, 0x03, 0xFF, 0x80, 0x00, 0x00, 0x7F, 0xE0, 0x00, 0x00, 0x0F,
  0xFC, 0x00, 0x00, 0x03, 0xFF, 0x80, 0x00, 0x00, 0x7F, 0xE0, 0x00, 0x00,
  0x0F, 0xFC, 0x00, 0x00, 0x03, 0xFF, 0x00, 0x00, 0x00, 0x7F, 0xE0, 0x00,
  0x00, 0x1F, 0xFC, 0x00, 0x00, 0x03, 0xFF, 0x00, 0x00, 0x00, 0x7F, 0xE0,
  0x00, 0x00, 0x1F, 0xFC, 0x00, 0x00, 0x03, 0xFF, 0x00, 0x00, 0x00, 0x00,
  0x1F, 0xFF, 0xFF, 0xFC, 0x3F, 0xFF, 0xFF, 0xFF, 0x9F, 0xFF, 0xFF, 0xFF,
  0xDF, 0xFF, 0xFF, 0xFF, 0xFF, 0xFF, 0xFF, 0xFF, 0xFF, 0xFF, 0xFF, 0xFF,
  0xFF, 0xFF, 0xFF, 0xFF, 0xFF, 0xFF, 0xFF, 0xFF, 0xFF, 0xFF, 0xFF, 0xFF,
  0xFF, 0xFF, 0xE0, 0x00, 0xFF, 0xFF, 0xF0, 0x00, 0x7F, 0xFF, 0xF8, 0x00,
  0x3F, 0xFF, 0xFC, 0x00, 0x1F, 0xFF, 0xFE, 0x00, 0x0F, 0xFF, 0xFF, 0x00,
  0x07, 0xFF, 0xFF, 0x80, 0x03, 0xFF, 0xFF, 0xC0, 0x01, 0xFF, 0xFF, 0xE0,
  0x00, 0xFF, 0xFF, 0xF0, 0x00, 0x7F, 0xFF, 0xF8, 0x00, 0x3F, 0xFF, 0xFC,
  0x00, 0x1F, 0xFF, 0xFE, 0x00, 0x0F, 0xFF, 0xFF, 0x00, 0x07, 0xFF, 0xFF,
  0x80, 0x03, 0xFF, 0xFF, 0xC0, 0x01, 0xFF, 0xFF, 0xE0, 0x00, 0xFF, 0xFF,
  0xF0, 0x00, 0x7F, 0xFF, 0xF8, 0x00, 0x3F, 0xFF, 0xFC, 0x00, 0x1F, 0xFF,
  0xFE, 0x00, 0x0F, 0xFF, 0xFF, 0x00, 0x07, 0xFF, 0xFF, 0x80, 0x03, 0xFF,
  0xFF, 0xC0, 0x01, 0xFF, 0xFF, 0xE0, 0x00, 0xFF, 0xFF, 0xF0, 0x00, 0x7F,
  0xFF, 0xF8, 0x00, 0x3F, 0xFF, 0xFC, 0x00, 0x1F, 0xFF, 0xFE, 0x00, 0x0F,
  0xFF, 0xFF, 0x00, 0x07, 0xFF, 0xFF, 0x80, 0x03, 0xFF, 0xFF, 0xC0, 0x01,
  0xFF, 0xFF, 0xE0, 0x00, 0xFF, 0xFF, 0xF0, 0x00, 0x7F, 0xFF, 0xF8, 0x00,
  0x3F, 0xFF, 0xFC, 0x00, 0x1F, 0xFF, 0xFE, 0x00, 0x0F, 0xFF, 0xFF, 0x00,
  0x07, 0xFF, 0xFF, 0x80, 0x03, 0xFF, 0xFF, 0xC0, 0x01, 0xFF, 0xFF, 0xE0,
  0x00, 0xFF, 0xFF, 0xF0, 0x00, 0x7F, 0xFF, 0xF8, 0x00, 0x3F, 0xFF, 0xFC,
  0x00, 0x1F, 0xFF, 0xFE, 0x00, 0x0F, 0xFF, 0xFF, 0x00, 0x07, 0xFF, 0xFF,
  0x80, 0x03, 0xFF, 0xFF, 0xC0, 0x01, 0xFF, 0xFF, 0xE0, 0x00, 0xFF, 0xFF,
  0xFF, 0xFF, 0xFF, 0xFF, 0xFF, 0xFF, 0xFF, 0xFF, 0xFF, 0xFF, 0xFF, 0xFF,
  0xFF, 0xFF, 0xFF, 0xFF, 0xFF, 0xFF, 0xFF, 0xFF, 0xFF, 0xFF, 0xFF, 0xFF,
  0x7F, 0xFF, 0xFF, 0xFF, 0x3F, 0xFF, 0xFF, 0xFF, 0x87, 0xFF, 0xFF, 0xFF,
  0x00, 0x07, 0xFC, 0x1F, 0xF0, 0x7F, 0xC3, 0xFF, 0x0F, 0xFC, 0x3F, 0xF1,
  0xFF, 0xC7, 0xFF, 0x1F, 0xFC, 0xFF, 0xF3, 0xFF, 0xCF, 0xFF, 0x3F, 0xFD,
  0xFF, 0xF7, 0xFF, 0xDF, 0xFF, 0xFF, 0xFF, 0xFF, 0xFF, 0xFF, 0xC3, 0xFF,
  0x0F, 0xFC, 0x3F, 0xF0, 0xFF, 0xC3, 0xFF, 0x0F, 0xFC, 0x3F, 0xF0, 0xFF,
  0xC3, 0xFF, 0x0F, 0xFC, 0x3F, 0xF0, 0xFF, 0xC3, 0xFF, 0x0F, 0xFC, 0x3F,
  0xF0, 0xFF, 0xC3, 0xFF, 0x0F, 0xFC, 0x3F, 0xF0, 0xFF, 0xC3, 0xFF, 0x0F,
  0xFC, 0x3F, 0xF0, 0xFF, 0xC3, 0xFF, 0x0F, 0xFC, 0x3F, 0xF0, 0xFF, 0xC3,
  0xFF, 0x0F, 0xFC, 0x3F, 0xF0, 0xFF, 0xC3, 0xFF, 0x0F, 0xFC, 0x3F, 0xF0,
  0xFF, 0xC3, 0xFF, 0x0F, 0xFC, 0x3F, 0xF0, 0xFF, 0xC3, 0xFF, 0x0F, 0xFC,
  0x3F, 0xF0, 0xFF, 0xC3, 0xFF, 0x0F, 0xFC, 0x3F, 0xF0, 0xFF, 0xC0, 0x0F,
  0xFF, 0xFF, 0xFF, 0x07, 0xFF, 0xFF, 0xFF, 0xF8, 0xFF, 0xFF, 0xFF, 0xFF,
  0x3F, 0xFF, 0xFF, 0xFF, 0xF7, 0xFF, 0xFF, 0xFF, 0xFE, 0xFF, 0xFF, 0xFF,
  0xFF, 0xDF, 0xFF, 0xFF, 0xFF, 0xFB, 0xFF, 0xFF, 0xFF, 0xFF, 0x7F, 0xFF,
  0xFF, 0xFF, 0xEF, 0xFC, 0x00, 0x0F, 0xFD, 0xFF, 0x80, 0x01, 0xFF, 0xBF,
  0xF0, 0x00, 0x3F, 0xF7, 0xFE, 0x00, 0x07, 0xFE, 0xFF, 0xC0, 0x00, 0xFF,
  0xDF, 0xF8, 0x00, 0x1F, 0xFB, 0xFF, 0x00, 0x03, 0xFF, 0x7F, 0xE0, 0x00,
  0x7F, 0xEF, 0xFC, 0x00, 0x0F, 0xFD, 0xFF, 0x80, 0x01, 0xFF, 0xBF, 0xF0,
  0x00, 0x3F, 0xF7, 0xFE, 0x00, 0x07, 0xFE, 0x00, 0x00, 0x00, 0xFF, 0xC0,
  0x00, 0x00, 0x3F, 0xF0, 0x00, 0x00, 0x0F, 0xFE, 0x00, 0x00, 0x01, 0xFF,
  0x80, 0x00, 0x00, 0x7F, 0xF0, 0x00, 0x00, 0x0F, 0xFC, 0x00, 0x00, 0x03,
  0xFF, 0x00, 0x00, 0x00, 0xFF, 0xE0, 0x00, 0x00, 0x1F, 0xF8, 0x00, 0x00,
  0x07, 0xFF, 0x00, 0x00, 0x01, 0xFF, 0xC0, 0x00, 0x00, 0x3F, 0xF0, 0x00,
  0x00, 0x0F, 0xFE, 0x00, 0x00, 0x01, 0xFF, 0x80, 0x00, 0x00, 0x7F, 0xE0,
  0x00, 0x00, 0x1F, 0xFC, 0x00, 0x00, 0x03, 0xFF, 0x00, 0x00, 0x00, 0xFF,
  0xC0, 0x00, 0x00, 0x3F, 0xF8, 0x00, 0x00, 0x07, 0xFE, 0x00, 0x00, 0x01,
  0xFF, 0xC0, 0x00, 0x00, 0x3F, 0xF0, 0x00, 0x00, 0x0F, 0xFC, 0x00, 0x00,
  0x03, 0xFF, 0x80, 0x00, 0x00, 0x7F, 0xE0, 0x00, 0x00, 0x1F, 0xF8, 0x00,
  0x00, 0x07, 0xFF, 0x00, 0x00, 0x00, 0xFF, 0xC0, 0x00, 0x00, 0x3F, 0xF0,
  0x00, 0x00, 0x07, 0xFE, 0x00, 0x00, 0x01, 0xFF, 0x80, 0x00, 0x00, 0x7F,
  0xF0, 0x00, 0x00, 0x0F, 0xFC, 0x00, 0x00, 0x03, 0xFF, 0x00, 0x00, 0x00,
  0xFF, 0xE0, 0x00, 0x00, 0x1F, 0xF8, 0x00, 0x00, 0x07, 0xFE, 0x00, 0x00,
  0x00, 0xFF, 0xFF, 0xFF, 0xFF, 0xBF, 0xFF, 0xFF, 0xFF, 0xFF, 0xFF, 0xFF,
  0xFF, 0xFF, 0xFF, 0xFF, 0xFF, 0xFF, 0xFF, 0xFF, 0xFF, 0xFF, 0xFF, 0xFF,
  0xFF, 0xFF, 0xFF, 0xFF, 0xFF, 0xFF, 0xFF, 0xFF, 0xFF, 0xFF, 0xFF, 0xFF,
  0xFF, 0xFF, 0xFF, 0xFF, 0x80, 0x1F, 0xFF, 0xFF, 0xFC, 0x3F, 0xFF, 0xFF,
  0xFF, 0x9F, 0xFF, 0xFF, 0xFF, 0xDF, 0xFF, 0xFF, 0xFF, 0xFF, 0xFF, 0xFF,
  0xFF, 0xFF, 0xFF, 0xFF, 0xFF, 0xFF, 0xFF, 0xFF, 0xFF, 0xFF, 0xFF, 0xFF,
  0xFF, 0xFF, 0xFF, 0xFF, 0xFF, 0xFF, 0xFF, 0xE0, 0x00, 0xFF, 0xFF, 0xF0,
  0x00, 0x7F, 0xFF, 0xF8, 0x00, 0x3F, 0xFF, 0xFC, 0x00, 0x1F, 0xFF, 0xFE,
  0x00, 0x0F, 0xFF, 0xFF, 0x00, 0x07, 0xFF, 0xFF, 0x80, 0x03, 0xFF, 0xFF,
  0xC0, 0x01, 0xFF, 0xFF, 0xE0, 0x00, 0xFF, 0xFF, 0xF0, 0x00, 0x7F, 0xFF,
  0xF8, 0x00, 0x3F, 0xFF, 0xFC, 0x00, 0x1F, 0xF8, 0x00, 0x00, 0x0F, 0xFC,
  0x00, 0x00, 0x07, 0xFE, 0x00, 0x00, 0x07, 0xFF, 0x00, 0x00, 0x07, 0xFF,
  0x00, 0x00, 0x07, 0xFF, 0x80, 0x00, 0x0F, 0xFF, 0x80, 0x00, 0x0F, 0xFF,
  0xC0, 0x00, 0x1F, 0xFF, 0x80, 0x00, 0x1F, 0xFF, 0x80, 0x00, 0x3F, 0xFF,
  0x00, 0x00, 0x3F, 0xFF, 0x00, 0x00, 0x1F, 0xFF, 0x00, 0x00, 0x0F, 0xFF,
  0xC0, 0x00, 0x03, 0xFF, 0xF8, 0x00, 0x00, 0x7F, 0xFE, 0x00, 0x00, 0x1F,
  0xFF, 0x80, 0x00, 0x03, 0xFF, 0xF0, 0x00, 0x00, 0xFF, 0xFC, 0x00, 0x00,
  0x1F, 0xFE, 0x00, 0x00, 0x07, 0xFF, 0x80, 0x00, 0x00, 0xFF, 0xC0, 0x00,
  0x00, 0x7F, 0xE0, 0x00, 0x00, 0x3F, 0xF0, 0x00, 0x00, 0x1F, 0xFF, 0xFE,
  0x00, 0x0F, 0xFF, 0xFF, 0x00, 0x07, 0xFF, 0xFF, 0x80, 0x03, 0xFF, 0xFF,
  0xC0, 0x01, 0xFF, 0xFF, 0xE0, 0x00, 0xFF, 0xFF, 0xF0, 0x00, 0x7F, 0xFF,
  0xF8, 0x00, 0x3F, 0xFF, 0xFC, 0x00, 0x1F, 0xFF, 0xFE, 0x00, 0x0F, 0xFF,
  0xFF, 0x00, 0x07, 0xFF, 0xFF, 0x80, 0x03, 0xFF, 0xFF, 0xC0, 0x01, 0xFF,
  0xFF, 0xE0, 0x00, 0xFF, 0xFF, 0xFF, 0xFF, 0xFF, 0xFF, 0xFF, 0xFF, 0xFF,
  0xFF, 0xFF, 0xFF, 0xFF, 0xFF, 0xFF, 0xFF, 0xFF, 0xFF, 0xFF, 0xFF, 0xFF,
  0xFF, 0xFF, 0xFF, 0xFF, 0xFF, 0x7F, 0xFF, 0xFF, 0xFF, 0x3F, 0xFF, 0xFF,
  0xFF, 0x87, 0xFF, 0xFF, 0xFF, 0x00, 0x00, 0x00, 0x7F, 0xE0, 0x00, 0x00,
  0x07, 0xFE, 0x00, 0x00, 0x00, 0x3F, 0xF0, 0x00, 0x00, 0x03, 0xFF, 0x80,
  0x00, 0x00, 0x1F, 0xF8, 0x00, 0x00, 0x00, 0xFF, 0xC0, 0x00, 0x00, 0x0F,
  0xFE, 0x00, 0x00, 0x00, 0x7F, 0xE0, 0x00, 0x00, 0x03, 0xFF, 0x00, 0x00,
  0x00, 0x3F, 0xF8, 0x00, 0x00, 0x01, 0xFF, 0x80, 0x00, 0x00, 0x0F, 0xFC,
  0x00, 0x00, 0x00, 0xFF, 0xC0, 0x00, 0x00, 0x07, 0xFE, 0x00, 0x00, 0x00,
  0x3F, 0xF0, 0x00, 0x00, 0x03, 0xFF, 0x00, 0x00, 0x00, 0x1F, 0xF8, 0x00,
  0x00, 0x00, 0xFF, 0xC0, 0x00, 0x00, 0x0F, 0xFC, 0x00, 0x00, 0x00, 0x7F,
  0xE0, 0x00, 0x00, 0x03, 0xFF, 0x00, 0x00, 0x00, 0x3F, 0xF0, 0x00, 0x00,
  0x01, 0xFF, 0x80, 0x00, 0x00, 0x0F, 0xFC, 0x00, 0x00, 0x00, 0xFF, 0xC0,
  0x00, 0x00, 0x07, 0xFE, 0x00, 0x00, 0x00, 0x7F, 0xF0, 0xFF, 0xC0, 0x03,
  0xFF, 0x07, 0xFE, 0x00, 0x1F, 0xF8, 0x3F, 0xF0, 0x01, 0xFF, 0x81, 0xFF,
  0x80, 0x0F, 0xFC, 0x0F, 0xFC, 0x00, 0x7F, 0xE0, 0x7F, 0xE0, 0x07, 0xFE,
  0x03, 0xFF, 0x00, 0x3F, 0xF0, 0x1F, 0xF8, 0x01, 0xFF, 0x80, 0xFF, 0xC0,
  0x1F, 0xF8, 0x07, 0xFE, 0x00, 0xFF, 0xC0, 0x3F, 0xF0, 0x07, 0xFE, 0x01,
  0xFF, 0x80, 0x7F, 0xE0, 0x0F, 0xFC, 0x03, 0xFF, 0x00, 0x7F, 0xE0, 0x1F,
  0xF8, 0x03, 0xFF, 0x01, 0xFF, 0x80, 0x1F, 0xF8, 0x0F, 0xFC, 0x00, 0xFF,
  0xC0, 0x7F, 0xE0, 0x07, 0xFE, 0x07, 0xFE, 0x00, 0x3F, 0xF0, 0x3F, 0xFF,
  0xFF, 0xFF, 0xFD, 0xFF, 0xFF, 0xFF, 0xFF, 0xFF, 0xFF, 0xFF, 0xFF, 0xFF,
  0xFF, 0xFF, 0xFF, 0xFF, 0xFF, 0xFF, 0xFF, 0xFF, 0xFF, 0xFF, 0xFF, 0xFF,
  0xFF, 0xFF, 0xFF, 0xFF, 0xFF, 0xFF, 0xFF, 0xFF, 0xFF, 0xFF, 0xFF, 0xFF,
  0xFF, 0xFF, 0xFF, 0xFC, 0x00, 0x00, 0x0F, 0xFC, 0x00, 0x00, 0x00, 0x7F,
  0xE0, 0x00, 0x00, 0x03, 0xFF, 0x00, 0x00, 0x00, 0x1F, 0xF8, 0x00, 0x00,
  0x00, 0xFF, 0xC0, 0x00, 0x00, 0x07, 0xFE, 0x00, 0x00, 0x00, 0x3F, 0xF0,
  0x00, 0x00, 0x01, 0xFF, 0x80, 0x00, 0x00, 0x0F, 0xFC, 0x00, 0x00, 0x00,
  0x7F, 0xE0, 0x00, 0x00, 0x03, 0xFF, 0x00, 0x00, 0x00, 0x1F, 0xF8, 0x00,
  0x00, 0x00, 0xFF, 0xC0, 0x7F, 0xFF, 0xFF, 0xFF, 0xBF, 0xFF, 0xFF, 0xFF,
  0xDF, 0xFF, 0xFF, 0xFF, 0xEF, 0xFF, 0xFF, 0xFF, 0xF7, 0xFF, 0xFF, 0xFF,
  0xFB, 0xFF, 0xFF, 0xFF, 0xFD, 0xFF, 0xFF, 0xFF, 0xFE, 0xFF, 0xFF, 0xFF,
  0xFF, 0x7F, 0xFF, 0xFF, 0xFF, 0xBF, 0xF0, 0x00, 0x00, 0x1F, 0xF8, 0x00,
  0x00, 0x0F, 0xFC, 0x00, 0x00, 0x07, 0xFE, 0x00, 0x00, 0x03, 0xFF, 0x00,
  0x00, 0x01, 0xFF, 0x80, 0x00, 0x00, 0xFF, 0xC0, 0x00, 0x00, 0xFF, 0xE0,
  0x00, 0x00, 0x7F, 0xE0, 0x00, 0x00, 0x3F, 0xF0, 0x00, 0x00, 0x1F, 0xF8,
  0x00, 0x00, 0x0F, 0xFC, 0x00, 0x00, 0x07, 0xFE, 0x00, 0x00, 0x03, 0xFF,
  0x00, 0x00, 0x01, 0xFF, 0x80, 0x00, 0x00, 0xFF, 0xFF, 0xFF, 0xFC, 0x7F,
  0xFF, 0xFF, 0xFF, 0xBF, 0xFF, 0xFF, 0xFF, 0xDF, 0xFF, 0xFF, 0xFF, 0xFF,
  0xFF, 0xFF, 0xFF, 0xFF, 0xFF, 0xFF, 0xFF, 0xFF, 0xFF, 0xFF, 0xFF, 0xFF,
  0xFF, 0xFF, 0xFF, 0xFF, 0xFF, 0xFF, 0xFF, 0xFF, 0x80, 0x00, 0x00, 0xFF,
  0xC0, 0x00, 0x00, 0x7F, 0xE0, 0x00, 0x00, 0x3F, 0xF0, 0x00, 0x00, 0x1F,
  0xF8, 0x00, 0x00, 0x0F, 0xFC, 0x00, 0x00, 0x07, 0xFE, 0x00, 0x00, 0x03,
  0xFF, 0x00, 0x00, 0x01, 0xFF, 0x80, 0x00, 0x00, 0xFF, 0xC0, 0x00, 0x00,
  0x7F, 0xE0, 0x00, 0x00, 0x3F, 0xF0, 0x00, 0x00, 0x1F, 0xFF, 0xFE, 0x00,
  0x0F, 0xFF, 0xFF, 0x00, 0x07, 0xFF, 0xFF, 0x80, 0x03, 0xFF, 0xFF, 0xC0,
  0x01, 0xFF, 0xFF, 0xE0, 0x00, 0xFF, 0xFF, 0xF0, 0x00, 0x7F, 0xFF, 0xF8,
  0x00, 0x3F, 0xFF, 0xFC, 0x00, 0x1F, 0xFF, 0xFE, 0x00, 0x0F, 0xFF, 0xFF,
  0x00, 0x07, 0xFF, 0xFF, 0x80, 0x03, 0xFF, 0xFF, 0xC0, 0x01, 0xFF, 0xFF,
  0xE0, 0x00, 0xFF, 0xFF, 0xFF, 0xFF, 0xFF, 0xFF, 0xFF, 0xFF, 0xFF, 0xFF,
  0xFF, 0xFF, 0xFF, 0xFF, 0xFF, 0xFF, 0xFF, 0xFF, 0xFF, 0xFF, 0xFF, 0xFF,
  0xFF, 0xFF, 0xFF, 0xFF, 0x7F, 0xFF, 0xFF, 0xFF, 0x3F, 0xFF, 0xFF, 0xFF,
  0x87, 0xFF, 0xFF, 0xFF, 0x00, 0x1F, 0xFF, 0xFF, 0xFC, 0x3F, 0xFF, 0xFF,
  0xFF, 0x9F, 0xFF, 0xFF, 0xFF, 0xDF, 0xFF, 0xFF, 0xFF, 0xFF, 0xFF, 0xFF,
  0xFF, 0xFF, 0xFF, 0xFF, 0xFF, 0xFF, 0xFF, 0xFF, 0xFF, 0xFF, 0xFF, 0xFF,
  0xFF, 0xFF, 0xFF, 0xFF, 0xFF, 0xFF, 0xFF, 0xE0, 0x00, 0xFF, 0xFF, 0xF0,
  0x00, 0x7F, 0xFF, 0xF8, 0x00, 0x3F, 0xFF, 0xFC, 0x00, 0x1F, 0xFF, 0xFE,
  0x00, 0x0F, 0xFF, 0xFF, 0x00, 0x07, 0xFF, 0xFF, 0x80, 0x03, 0xFF, 0xFF,
  0xC0, 0x01, 0xFF, 0xFF, 0xE0, 0x00, 0xFF, 0xFF, 0xF0, 0x00, 0x7F, 0xFF,
  0xF8, 0x00, 0x3F, 0xFF, 0xFC, 0x00, 0x00, 0x07, 0xFE, 0x00, 0x00, 0x03,
  0xFF, 0x00, 0x00, 0x01, 0xFF, 0x80, 0x00, 0x00, 0xFF, 0xC0, 0x00, 0x00,
  0x7F, 0xE0, 0x00, 0x00, 0x3F, 0xF0, 0x00, 0x00, 0x1F, 0xF8, 0x00, 0x00,
  0x0F, 0xFF, 0xFF, 0xFF, 0xC7, 0xFF, 0xFF, 0xFF, 0xFB, 0xFF, 0xFF, 0xFF,
  0xFD, 0xFF, 0xFF, 0xFF, 0xFF, 0xFF, 0xFF, 0xFF, 0xFF, 0xFF, 0xFF, 0xFF,
  0xFF, 0xFF, 0xFF, 0xFF, 0xFF, 0xFF, 0xFF, 0xFF, 0xFF, 0xFF, 0xFF, 0xFF,
  0xFF, 0xFF, 0xFE, 0x00, 0x0F, 0xFF, 0xFF, 0x00, 0x07, 0xFF, 0xFF, 0x80,
  0x03, 0xFF, 0xFF, 0xC0, 0x01, 0xFF, 0xFF, 0xE0, 0x00, 0xFF, 0xFF, 0xF0,
  0x00, 0x7F, 0xFF, 0xF8, 0x00, 0x3F, 0xFF, 0xFC, 0x00, 0x1F, 0xFF, 0xFE,
  0x00, 0x0F, 0xFF, 0xFF, 0x00, 0x07, 0xFF, 0xFF, 0x80, 0x03, 0xFF, 0xFF,
  0xC0, 0x01, 0xFF, 0xFF, 0xE0, 0x00, 0xFF, 0xFF, 0xF0, 0x00, 0x7F, 0xFF,
  0xF8, 0x00, 0x3F, 0xFF, 0xFC, 0x00, 0x1F, 0xFF, 0xFE, 0x00, 0x0F, 0xFF,
  0xFF, 0x00, 0x07, 0xFF, 0xFF, 0x80, 0x03, 0xFF, 0xFF, 0xC0, 0x01, 0xFF,
  0xFF, 0xE0, 0x00, 0xFF, 0xFF, 0xFF, 0xFF, 0xFF, 0xFF, 0xFF, 0xFF, 0xFF,
  0xFF, 0xFF, 0xFF, 0xFF, 0xFF, 0xFF, 0xFF, 0xFF, 0xFF, 0xFF, 0xFF, 0xFF,
  0xFF, 0xFF, 0xFF, 0xFF, 0xFF, 0x7F, 0xFF, 0xFF, 0xFF, 0x3F, 0xFF, 0xFF,
  0xFF, 0x87, 0xFF, 0xFF, 0xFF, 0x00, 0xFF, 0xFF, 0xFF, 0xFF, 0xFF, 0xFF,
  0xFF, 0xFF, 0xFF, 0xFF, 0xFF, 0xFF, 0xFF, 0xFF, 0xFF, 0xFF, 0xFF, 0xFF,
  0xFF, 0xFF, 0xFF, 0xFF, 0xFF, 0xFF, 0xFF, 0xFF, 0xFF, 0xFF, 0xFF, 0xFF,
  0xFF, 0xFF, 0xFF, 0xFF, 0xFF, 0xFF, 0xFF, 0xFF, 0xBF, 0xF0, 0x00, 0x3F,
  0xEF, 0xFC, 0x00, 0x0F, 0xFB, 0xFF, 0x00, 0x07, 0xFE, 0xFF, 0xC0, 0x01,
  0xFF, 0x3F, 0xF0, 0x00, 0x7F, 0xCF, 0xFC, 0x00, 0x3F, 0xF3, 0xFF, 0x00,
  0x0F, 0xFC, 0xFF, 0xC0, 0x03, 0xFE, 0x3F, 0xF0, 0x00, 0xFF, 0x80, 0x00,
  0x00, 0x7F, 0xE0, 0x00, 0x00, 0x1F, 0xF8, 0x00, 0x00, 0x07, 0xFC, 0x00,
  0x00, 0x01, 0xFF, 0x00, 0x00, 0x00, 0xFF, 0xC0, 0x00, 0x00, 0x3F, 0xF0,
  0x00, 0x00, 0x0F, 0xF8, 0x00, 0x00, 0x07, 0xFE, 0x00, 0x00, 0x01, 0xFF,
  0x80, 0x00, 0x00, 0x7F, 0xC0, 0x00, 0x00, 0x1F, 0xF0, 0x00, 0x00, 0x0F,
  0xFC, 0x00, 0x00, 0x03, 0xFF, 0x00, 0x00, 0x00, 0xFF, 0x80, 0x00, 0x00,
  0x3F, 0xE0, 0x00, 0x00, 0x1F, 0xF8, 0x00, 0x00, 0x07, 0xFE, 0x00, 0x00,
  0x01, 0xFF, 0x00, 0x00, 0x00, 0xFF, 0xC0, 0x00, 0x00, 0x3F, 0xF0, 0x00,
  0x00, 0x0F, 0xFC, 0x00, 0x00, 0x03, 0xFE, 0x00, 0x00, 0x01, 0xFF, 0x80,
  0x00, 0x00, 0x7F, 0xE0, 0x00, 0x00, 0x1F, 0xF0, 0x00, 0x00, 0x0F, 0xFC,
  0x00, 0x00, 0x03, 0xFF, 0x00, 0x00, 0x00, 0xFF, 0xC0, 0x00, 0x00, 0x3F,
  0xE0, 0x00, 0x00, 0x1F, 0xF8, 0x00, 0x00, 0x07, 0xFE, 0x00, 0x00, 0x01,
  0xFF, 0x80, 0x00, 0x00, 0x7F, 0xC0, 0x00, 0x00, 0x3F, 0xF0, 0x00, 0x00,
  0x0F, 0xFC, 0x00, 0x00, 0x03, 0xFF, 0x00, 0x00, 0x01, 0xFF, 0x80, 0x00,
  0x00, 0x7F, 0xE0, 0x00, 0x00, 0x1F, 0xF8, 0x00, 0x00, 0x07, 0xFE, 0x00,
  0x00, 0x03, 0xFF, 0x00, 0x00, 0x00, 0xFF, 0xC0, 0x00, 0x00, 0x3F, 0xF0,
  0x00, 0x00, 0x0F, 0xF8, 0x00, 0x00, 0x07, 0xFE, 0x00, 0x00, 0x01, 0xFF,
  0x80, 0x00, 0x00, 0x7F, 0xE0, 0x00, 0x00, 0x3F, 0xF0, 0x00, 0x00, 0x0F,
  0xFC, 0x00, 0x00, 0x1F, 0xFF, 0xFF, 0xFC, 0x3F, 0xFF, 0xFF, 0xFF, 0x9F,
  0xFF, 0xFF, 0xFF, 0xDF, 0xFF, 0xFF, 0xFF, 0xFF, 0xFF, 0xFF, 0xFF, 0xFF,
  0xFF, 0xFF, 0xFF, 0xFF, 0xFF, 0xFF, 0xFF, 0xFF, 0xFF, 0xFF, 0xFF, 0xFF,
  0xFF, 0xFF, 0xFF, 0xFF, 0xFF, 0xE0, 0x00, 0xFF, 0xFF, 0xF0, 0x00, 0x7F,
  0xFF, 0xF8, 0x00, 0x3F, 0xFF, 0xFC, 0x00, 0x1F, 0xFF, 0xFE, 0x00, 0x0F,
  0xFF, 0xFF, 0x00, 0x07, 0xFF, 0xFF, 0x80, 0x03, 0xFF, 0xFF, 0xC0, 0x01,
  0xFF, 0xFF, 0xE0, 0x00, 0xFF, 0xFF, 0xF0, 0x00, 0x7F, 0xFF, 0xF8, 0x00,
  0x3F, 0xFF, 0xFC, 0x00, 0x1F, 0xFF, 0xFE, 0x00, 0x0F, 0xFF, 0xFF, 0x00,
  0x07, 0xFF, 0xFF, 0x80, 0x03, 0xFF, 0xFF, 0xC0, 0x01, 0xFF, 0xFF, 0xF0,
  0x01, 0xFF, 0xDF, 0xFE, 0x03, 0xFF, 0xCF, 0xFF, 0xC7, 0xFF, 0xE3, 0xFF,
  0xF7, 0xFF, 0xE0, 0xFF, 0xFF, 0xFF, 0xE0, 0x1F, 0xFF, 0xFF, 0xC0, 0x03,
  0xFF, 0xFF, 0x80, 0x00, 0xFF, 0xFF, 0x80, 0x00, 0xFF, 0xFF, 0xE0, 0x01,
  0xFF, 0xFF, 0xFC, 0x01, 0xFF, 0xFF, 0xFF, 0x03, 0xFF, 0xF7, 0xFF, 0xE3,
  0xFF, 0xE0, 0xFF, 0xF9, 0xFF, 0xE0, 0x3F, 0xFD, 0xFF, 0xC0, 0x07, 0xFF,
  0xFF, 0xC0, 0x01, 0xFF, 0xFF, 0xE0, 0x00, 0xFF, 0xFF, 0xF0, 0x00, 0x7F,
  0xFF, 0xF8, 0x00, 0x3F, 0xFF, 0xFC, 0x00, 0x1F, 0xFF, 0xFE, 0x00, 0x0F,
  0xFF, 0xFF, 0x00, 0x07, 0xFF, 0xFF, 0x80, 0x03, 0xFF, 0xFF, 0xC0, 0x01,
  0xFF, 0xFF, 0xE0, 0x00, 0xFF, 0xFF, 0xF0, 0x00, 0x7F, 0xFF, 0xF8, 0x00,
  0x3F, 0xFF, 0xFC, 0x00, 0x1F, 0xFF, 0xFE, 0x00, 0x0F, 0xFF, 0xFF, 0x00,
  0x07, 0xFF, 0xFF, 0x80, 0x03, 0xFF, 0xFF, 0xC0, 0x01, 0xFF, 0xFF, 0xE0,
  0x00, 0xFF, 0xFF, 0xFF, 0xFF, 0xFF, 0xFF, 0xFF, 0xFF, 0xFF, 0xFF, 0xFF,
  0xFF, 0xFF, 0xFF, 0xFF, 0xFF, 0xFF, 0xFF, 0xFF, 0xFF, 0xFF, 0xFF, 0xFF,
  0xFF, 0xFF, 0xFF, 0x7F, 0xFF, 0xFF, 0xFF, 0x3F, 0xFF, 0xFF, 0xFF, 0x87,
  0xFF, 0xFF, 0xFF, 0x00, 0x1F, 0xFF, 0xFF, 0xFC, 0x3F, 0xFF, 0xFF, 0xFF,
  0x9F, 0xFF, 0xFF, 0xFF, 0xDF, 0xFF, 0xFF, 0xFF, 0xFF, 0xFF, 0xFF, 0xFF,
  0xFF, 0xFF, 0xFF, 0xFF, 0xFF, 0xFF, 0xFF, 0xFF, 0xFF, 0xFF, 0xFF, 0xFF,
  0xFF, 0xFF, 0xFF, 0xFF, 0xFF, 0xFF, 0xE0, 0x00, 0xFF, 0xFF, 0xF0, 0x00,
  0x7F, 0xFF, 0xF8, 0x00, 0x3F, 0xFF, 0xFC, 0x00, 0x1F, 0xFF, 0xFE, 0x00,
  0x0F, 0xFF, 0xFF, 0x00, 0x07, 0xFF, 0xFF, 0x80, 0x03, 0xFF, 0xFF, 0xC0,
  0x01, 0xFF, 0xFF, 0xE0, 0x00, 0xFF, 0xFF, 0xF0, 0x00, 0x7F, 0xFF, 0xF8,
  0x00, 0x3F, 0xFF, 0xFC, 0x00, 0x1F, 0xFF, 0xFE, 0x00, 0x0F, 0xFF, 0xFF,
  0x00, 0x07, 0xFF, 0xFF, 0x80, 0x03, 0xFF, 0xFF, 0xC0, 0x01, 0xFF, 0xFF,
  0xE0, 0x00, 0xFF, 0xFF, 0xF0, 0x00, 0x7F, 0xFF, 0xF8, 0x00, 0x3F, 0xFF,
  0xFC, 0x00, 0x1F, 0xFF, 0xFE, 0x00, 0x0F, 0xFF, 0xFF, 0xFF, 0xFF, 0xFF,
  0xFF, 0xFF, 0xFF, 0xFF, 0xFF, 0xFF, 0xFF, 0xFF, 0xFF, 0xFF, 0xFF, 0xFF,
  0xFF, 0xFF, 0xFF, 0xFF, 0xFF, 0xFF, 0xFF, 0xFF, 0xF7, 0xFF, 0xFF, 0xFF,
  0xFB, 0xFF, 0xFF, 0xFF, 0xFC, 0x7F, 0xFF, 0xFF, 0xFE, 0x00, 0x00, 0x03,
  0xFF, 0x00, 0x00, 0x01, 0xFF, 0x80, 0x00, 0x00, 0xFF, 0xC0, 0x00, 0x00,
  0x7F, 0xE0, 0x00, 0x00, 0x3F, 0xF0, 0x00, 0x00, 0x1F, 0xF8, 0x00, 0x00,
  0x0F, 0xFC, 0x00, 0x00, 0x07, 0xFF, 0xFF, 0x80, 0x03, 0xFF, 0xFF, 0xC0,
  0x01, 0xFF, 0xFF, 0xE0, 0x00, 0xFF, 0xFF, 0xF0, 0x00, 0x7F, 0xFF, 0xF8,
  0x00, 0x3F, 0xFF, 0xFC, 0x00, 0x1F, 0xFF, 0xFE, 0x00, 0x0F, 0xFF, 0xFF,
  0x00, 0x07, 0xFF, 0xFF, 0x80, 0x03, 0xFF, 0xFF, 0xC0, 0x01, 0xFF, 0xFF,
  0xE0, 0x00, 0xFF, 0xFF, 0xFF, 0xFF, 0xFF, 0xFF, 0xFF, 0xFF, 0xFF, 0xFF,
  0xFF, 0xFF, 0xFF, 0xFF, 0xFF, 0xFF, 0xFF, 0xFF, 0xFF, 0xFF, 0xFF, 0xFF,
  0xFF, 0xFF, 0xFF, 0xFF, 0x7F, 0xFF, 0xFF, 0xFF, 0x3F, 0xFF, 0xFF, 0xFF,
  0x87, 0xFF, 0xFF, 0xFF, 0x00, 0xFF, 0xFF, 0xFF, 0xFF, 0xFF, 0xFF, 0xFF,
  0xFF, 0xFF, 0xFF, 0xFF, 0xFF, 0xF0, 0x00, 0x00, 0x00, 0x00, 0x00, 0x00,
  0x00, 0x00, 0x00, 0x00, 0x00, 0x00, 0x00, 0x00, 0x00, 0x00, 0x00, 0x00,
  0x00, 0x00, 0x00, 0x00, 0xFF, 0xFF, 0xFF, 0xFF, 0xFF, 0xFF, 0xFF, 0xFF,
  0xFF, 0xFF, 0xFF, 0xFF, 0xF0, 0x3F, 0xF3, 0xFF, 0x3F, 0xF3, 0xFF, 0x3F,
  0xF3, 0xFF, 0x3F, 0xF3, 0xFF, 0x3F, 0xF3, 0xFF, 0x00, 0x00, 0x00, 0x00,
  0x00, 0x00, 0x00, 0x00, 0x00, 0x00, 0x00, 0x00, 0x00, 0x00, 0x00, 0x00,
  0x00, 0x00, 0x00, 0x00, 0x00, 0x00, 0x00, 0x00, 0x00, 0x00, 0x00, 0x3F,
  0xF3, 0xFF, 0x3F, 0xE3, 0xFE, 0x7F, 0xE7, 0xFC, 0x7F, 0xC7, 0xFC, 0x7F,
  0xC7, 0xF8, 0x7F, 0x87, 0xF8, 0x7F, 0x0F, 0xF0, 0xFF, 0x0F, 0xE0, 0xFE,
  0x00, 0x00, 0x00, 0x00, 0x80, 0x00, 0x00, 0xC0, 0x00, 0x00, 0xE0, 0x00,
  0x01, 0xF0, 0x00, 0x01, 0xF8, 0x00, 0x03, 0xFC, 0x00, 0x03, 0xFE, 0x00,
  0x03, 0xFF, 0x00, 0x07, 0xFF, 0x80, 0x07, 0xFF, 0xC0, 0x0F, 0xFF, 0xC0,
  0x0F, 0xFF, 0xC0, 0x0F, 0xFF, 0x80, 0x1F, 0xFF, 0x80, 0x1F, 0xFF, 0x80,
  0x3F, 0xFF, 0x00, 0x3F, 0xFF, 0x00, 0x3F, 0xFE, 0x00, 0x3F, 0xFE, 0x00,
  0x1F, 0xFC, 0x00, 0x0F, 0xFC, 0x00, 0x07, 0xFF, 0x00, 0x03, 0xFF, 0xE0,
  0x00, 0xFF, 0xF8, 0x00, 0x3F, 0xFF, 0x00, 0x0F, 0xFF, 0xC0, 0x01, 0xFF,
  0xF8, 0x00, 0x7F, 0xFE, 0x00, 0x1F, 0xFF, 0x80, 0x03, 0xFF, 0xF0, 0x00,
  0xFF, 0xFC, 0x00, 0x1F, 0xFF, 0x00, 0x07, 0xFF, 0x80, 0x01, 0xFF, 0xC0,
  0x00, 0x3F, 0xE0, 0x00, 0x0F, 0xF0, 0x00, 0x03, 0xF8, 0x00, 0x00, 0x7C,
  0x00, 0x00, 0x1E, 0x00, 0x00, 0x07, 0x00, 0x00, 0x00, 0x80, 0xFF, 0xFF,
  0xFF, 0xFF, 0xFF, 0xFF, 0xFF, 0xFF, 0xFF, 0xFF, 0xFF, 0xFF, 0xFF, 0xFF,
  0xFF, 0xFF, 0xFF, 0xFF, 0xFF, 0xFF, 0xFF, 0xFF, 0xFF, 0xFF, 0xFF, 0xFF,
  0xFF, 0xFF, 0xFF, 0xFF, 0xFF, 0xFF, 0xFF, 0xFF, 0xFF, 0xFF, 0xFF, 0xFF,
  0xFF, 0xE0, 0x00, 0x00, 0x00, 0x00, 0x00, 0x00, 0x00, 0x00, 0x00, 0x00,
  0x00, 0x00, 0x00, 0x00, 0x00, 0x00, 0x00, 0x00, 0x00, 0x00, 0x00, 0x00,
  0x00, 0x00, 0x00, 0x00, 0x00, 0x00, 0x00, 0x00, 0x00, 0x00, 0x00, 0x00,
  0x00, 0x00, 0x00, 0x00, 0x03, 0xFF, 0xFF, 0xFF, 0xFF, 0xFF, 0xFF, 0xFF,
  0xFF, 0xFF, 0xFF, 0xFF, 0xFF, 0xFF, 0xFF, 0xFF, 0xFF, 0xFF, 0xFF, 0xFF,
  0xFF, 0xFF, 0xFF, 0xFF, 0xFF, 0xFF, 0xFF, 0xFF, 0xFF, 0xFF, 0xFF, 0xFF,
  0xFF, 0xFF, 0xFF, 0xFF, 0xFF, 0xFF, 0xFF, 0xFF, 0x80, 0x80, 0x00, 0x00,
  0x38, 0x00, 0x00, 0x0F, 0x00, 0x00, 0x03, 0xF0, 0x00, 0x00, 0xFE, 0x00,
  0x00, 0x3F, 0xC0, 0x00, 0x0F, 0xFC, 0x00, 0x03, 0xFF, 0x80, 0x00, 0xFF,
  0xF8, 0x00, 0x3F, 0xFF, 0x00, 0x07, 0xFF, 0xE0, 0x00, 0xFF, 0xFE, 0x00,
  0x0F, 0xFF, 0xC0, 0x01, 0xFF, 0xFC, 0x00, 0x1F, 0xFF, 0x80, 0x03, 0xFF,
  0xF0, 0x00, 0x3F, 0xFF, 0x00, 0x07, 0xFF, 0xE0, 0x00, 0x7F, 0xFC, 0x00,
  0x0F, 0xFF, 0x00, 0x00, 0xFF, 0xC0, 0x00, 0xFF, 0xF0, 0x00, 0x7F, 0xFC,
  0x00, 0x7F, 0xFE, 0x00, 0x3F, 0xFF, 0x00, 0x3F, 0xFF, 0x00, 0x1F, 0xFF,
  0x80, 0x1F, 0xFF, 0xC0, 0x0F, 0xFF, 0xC0, 0x0F, 0xFF, 0xE0, 0x07, 0xFF,
  0xE0, 0x03, 0xFF, 0xF0, 0x00, 0xFF, 0xF8, 0x00, 0x3F, 0xF8, 0x00, 0x0F,
  0xFC, 0x00, 0x03, 0xFC, 0x00, 0x00, 0xFE, 0x00, 0x00, 0x3F, 0x00, 0x00,
  0x0F, 0x00, 0x00, 0x03, 0x80, 0x00, 0x00, 0x80, 0x00, 0x00, 0x00, 0x1F,
  0xFF, 0xFF, 0xF0, 0xFF, 0xFF, 0xFF, 0xF9, 0xFF, 0xFF, 0xFF, 0xF7, 0xFF,
  0xFF, 0xFF, 0xFF, 0xFF, 0xFF, 0xFF, 0xFF, 0xFF, 0xFF, 0xFF, 0xFF, 0xFF,
  0xFF, 0xFF, 0xFF, 0xFF, 0xFF, 0xFF, 0xFF, 0xFF, 0xFF, 0xFF, 0xFF, 0x80,
  0x0F, 0xFF, 0xFF, 0x00, 0x1F, 0xFF, 0xFE, 0x00, 0x3F, 0xFF, 0xFC, 0x00,
  0x7F, 0xFF, 0xF8, 0x00, 0xFF, 0xFF, 0xF0, 0x01, 0xFF, 0xFF, 0xE0, 0x03,
  0xFF, 0xFF, 0xC0, 0x07, 0xFF, 0xFF, 0x80, 0x0F, 0xFF, 0xFF, 0x00, 0x1F,
  0xFF, 0xFE, 0x00, 0x3F, 0xF0, 0x00, 0x00, 0x7F, 0xE0, 0x00, 0x00, 0xFF,
  0xC0, 0x00, 0x03, 0xFF, 0x80, 0x00, 0x07, 0xFE, 0x00, 0x00, 0x1F, 0xFC,
  0x00, 0x00, 0x7F, 0xF0, 0x00, 0x01, 0xFF, 0xE0, 0x00, 0x03, 0xFF, 0x80,
  0x00, 0x0F, 0xFE, 0x00, 0x00, 0x3F, 0xF8, 0x00, 0x00, 0xFF, 0xF0, 0x00,
  0x03, 0xFF, 0xC0, 0x00, 0x07, 0xFF, 0x00, 0x00, 0x1F, 0xFC, 0x00, 0x00,
  0x7F, 0xF8, 0x00, 0x01, 0xFF, 0xE0, 0x00, 0x03, 0xFF, 0x80, 0x00, 0x0F,
  0xFE, 0x00, 0x00, 0x1F, 0xFC, 0x00, 0x00, 0x3F, 0xF0, 0x00, 0x00, 0x7F,
  0xE0, 0x00, 0x00, 0xFF, 0xC0, 0x00, 0x01, 0xFF, 0x80, 0x00, 0x03, 0xFF,
  0x00, 0x00, 0x07, 0xFE, 0x00, 0x00, 0x0F, 0xFC, 0x00, 0x00, 0x1F, 0xF8,
  0x00, 0x00, 0x3F, 0xF0, 0x00, 0x00, 0x7F, 0xE0, 0x00, 0x00, 0xFF, 0xC0,
  0x00, 0x01, 0xFF, 0x80, 0x00, 0x03, 0xFF, 0x00, 0x00, 0x00, 0x00, 0x00,
  0x00, 0x00, 0x00, 0x00, 0x00, 0x00, 0x00, 0x00, 0x00, 0x00, 0x00, 0x00,
  0x00, 0x00, 0x00, 0x00, 0x00, 0xFF, 0xC0, 0x00, 0x01, 0xFF, 0x80, 0x00,
  0x03, 0xFF, 0x00, 0x00, 0x07, 0xFE, 0x00, 0x00, 0x0F, 0xFC, 0x00, 0x00,
  0x1F, 0xF8, 0x00, 0x00, 0x3F, 0xF0, 0x00, 0x00, 0x7F, 0xE0, 0x00, 0x00,
  0xFF, 0xC0, 0x00, 0x01, 0xFF, 0x80, 0x00, 0x1F, 0xFF, 0xFF, 0xFF, 0xFF,
  0x87, 0xFF, 0xFF, 0xFF, 0xFF, 0xFE, 0x7F, 0xFF, 0xFF, 0xFF, 0xFF, 0xEE,
  0x00, 0x00, 0x00, 0x00, 0x07, 0xE0, 0x00, 0x00, 0x00, 0x00, 0x7E, 0x00,
  0x00, 0x00, 0x00, 0x07, 0xE0, 0x00, 0x00, 0x00, 0x00, 0x7E, 0x00, 0x00,
  0x00, 0x00, 0x07, 0xE0, 0x00, 0x00, 0x00, 0x00, 0x7E, 0x00, 0x00, 0x00,
  0x00, 0x07, 0xE0, 0x00, 0x00, 0x00, 0x00, 0x7E, 0x00, 0x00, 0x00, 0x00,
  0x07, 0xE0, 0x00, 0x00, 0x00, 0x00, 0x7E, 0x00, 0x00, 0x00, 0x00, 0x07,
  0xE0, 0x01, 0xFF, 0xF0, 0x00, 0x7E, 0x00, 0x3F, 0xFF, 0xC0, 0x07, 0xE0,
  0x07, 0xFF, 0xFC, 0x00, 0x7E, 0x00, 0x7F, 0xFF, 0xE0, 0x07, 0xE0, 0x0F,
  0xFF, 0xFE, 0x00, 0x7E, 0x00, 0xFF, 0xFF, 0xE0, 0x07, 0xE0, 0x0F, 0xE0,
  0xFE, 0x00, 0x7E, 0x00, 0xFE, 0x0F, 0xE0, 0x07, 0xE0, 0x0F, 0xE0, 0xFE,
  0x00, 0x7E, 0x00, 0xFE, 0x0F, 0xE0, 0x07, 0xE0, 0x0F, 0xE0, 0xFE, 0x00,
  0x7E, 0x00, 0xFE, 0x0F, 0xE0, 0x07, 0xE0, 0x00, 0x00, 0xFE, 0x00, 0x7E,
  0x00, 0x00, 0x0F, 0xE0, 0x07, 0xE0, 0x00, 0x00, 0xFE, 0x00, 0x7E, 0x00,
  0x00, 0x0F, 0xE0, 0x07, 0xE0, 0x01, 0xFF, 0xFE, 0x00, 0x7E, 0x00, 0x7F,
  0xFF, 0xE0, 0x07, 0xE0, 0x07, 0xFF, 0xFE, 0x00, 0x7E, 0x00, 0xFF, 0xFF,
  0xE0, 0x07, 0xE0, 0x0F, 0xFF, 0xFE, 0x00, 0x7E, 0x00, 0xFF, 0xFF, 0xE0,
  0x07, 0xE0, 0x0F, 0xE0, 0xFE, 0x00, 0x7E, 0x00, 0xFE, 0x0F, 0xE0, 0x07,
  0xE0, 0x0F, 0xE0, 0xFE, 0x00, 0x7E, 0x00, 0xFE, 0x0F, 0xE0, 0x07, 0xE0,
  0x0F, 0xE0, 0xFE, 0x00, 0x7E, 0x00, 0xFE, 0x0F, 0xE0, 0x07, 0xE0, 0x0F,
  0xE0, 0xFE, 0x00, 0x7E, 0x00, 0xFE, 0x0F, 0xE0, 0x07, 0xE0, 0x0F, 0xE0,
  0xFE, 0x00, 0x7E, 0x00, 0xFE, 0x0F, 0xE0, 0x07, 0xE0, 0x0F, 0xFF, 0xFE,
  0x00, 0x7E, 0x00, 0xFF, 0xFF, 0xFF, 0xFF, 0xE0, 0x0F, 0xFF, 0xFF, 0xFF,
  0xFE, 0x00, 0x7F, 0xFF, 0xFF, 0xFE, 0xE0, 0x07, 0xFF, 0xFF, 0xFF, 0xEE,
  0x00, 0x1F, 0xFF, 0xFF, 0xF8, 0xE0, 0x00, 0x00, 0x00, 0x00, 0x0E, 0x00,
  0x00, 0x00, 0x00, 0x00, 0xE0, 0x00, 0x00, 0x00, 0x00, 0x0E, 0x00, 0x00,
  0x00, 0x00, 0x00, 0xE0, 0x00, 0x00, 0x00, 0x00, 0x0E, 0x00, 0x00, 0x00,
  0x00, 0x00, 0xE0, 0x00, 0x00, 0x00, 0x00, 0x0E, 0x00, 0x00, 0x00, 0x00,
  0x00, 0xE0, 0x00, 0x00, 0x00, 0x00, 0x0E, 0x00, 0x00, 0x00, 0x00, 0x00,
  0xE0, 0x00, 0x00, 0x00, 0x00, 0x0E, 0x00, 0x00, 0x00, 0x00, 0x00, 0x7F,
  0xFF, 0xFF, 0xFF, 0xFF, 0xF7, 0xFF, 0xFF, 0xFF, 0xFF, 0xFF, 0x1F, 0xFF,
  0xFF, 0xFF, 0xFF, 0xF0, 0x00, 0x07, 0xFE, 0x00, 0x00, 0x00, 0x7F, 0xE0,
  0x00, 0x00, 0x0F, 0xFF, 0x00, 0x00, 0x00, 0xFF, 0xF0, 0x00, 0x00, 0x0F,
  0xFF, 0x00, 0x00, 0x00, 0xFF, 0xF0, 0x00, 0x00, 0x0F, 0xFF, 0x00, 0x00,
  0x00, 0xFF, 0xF8, 0x00, 0x00, 0x1F, 0xFF, 0x80, 0x00, 0x01, 0xFF, 0xF8,
  0x00, 0x00, 0x1F, 0xFF, 0x80, 0x00, 0x01, 0xFF, 0xF8, 0x00, 0x00, 0x1F,
  0xFF, 0xC0, 0x00, 0x03, 0xFF, 0xFC, 0x00, 0x00, 0x3F, 0xFF, 0xC0, 0x00,
  0x03, 0xFF, 0xFC, 0x00, 0x00, 0x3F, 0xFF, 0xC0, 0x00, 0x03, 0xFF, 0xFC,
  0x00, 0x00, 0x7F, 0xFF, 0xE0, 0x00, 0x07, 0xF9, 0xFE, 0x00, 0x00, 0x7F,
  0x9F, 0xE0, 0x00, 0x07, 0xF9, 0xFE, 0x00, 0x00, 0x7F, 0x9F, 0xE0, 0x00,
  0x0F, 0xF9, 0xFF, 0x00, 0x00, 0xFF, 0x9F, 0xF0, 0x00, 0x0F, 0xF0, 0xFF,
  0x00, 0x00, 0xFF, 0x0F, 0xF0, 0x00, 0x0F, 0xF0, 0xFF, 0x00, 0x01, 0xFF,
  0x0F, 0xF8, 0x00, 0x1F, 0xF0, 0xFF, 0x80, 0x01, 0xFF, 0x0F, 0xF8, 0x00,
  0x1F, 0xF0, 0xFF, 0x80, 0x01, 0xFE, 0x07, 0xF8, 0x00, 0x3F, 0xE0, 0x7F,
  0xC0, 0x03, 0xFE, 0x07, 0xFC, 0x00, 0x3F, 0xE0, 0x7F, 0xC0, 0x03, 0xFE,
  0x07, 0xFC, 0x00, 0x3F, 0xE0, 0x7F, 0xC0, 0x07, 0xFC, 0x03, 0xFE, 0x00,
  0x7F, 0xC0, 0x3F, 0xE0, 0x07, 0xFC, 0x03, 0xFE, 0x00, 0x7F, 0xC0, 0x3F,
  0xE0, 0x07, 0xFC, 0x03, 0xFE, 0x00, 0x7F, 0xC0, 0x3F, 0xE0, 0x0F, 0xF8,
  0x03, 0xFF, 0x00, 0xFF, 0x80, 0x1F, 0xF0, 0x0F, 0xFF, 0xFF, 0xFF, 0x00,
  0xFF, 0xFF, 0xFF, 0xF0, 0x0F, 0xFF, 0xFF, 0xFF, 0x01, 0xFF, 0xFF, 0xFF,
  0xF8, 0x1F, 0xFF, 0xFF, 0xFF, 0x81, 0xFF, 0xFF, 0xFF, 0xF8, 0x1F, 0xFF,
  0xFF, 0xFF, 0x81, 0xFF, 0xFF, 0xFF, 0xF8, 0x3F, 0xFF, 0xFF, 0xFF, 0xC3,
  0xFF, 0x00, 0x0F, 0xFC, 0x3F, 0xF0, 0x00, 0xFF, 0xC3, 0xFF, 0x00, 0x0F,
  0xFC, 0x3F, 0xE0, 0x00, 0x7F, 0xC7, 0xFE, 0x00, 0x07, 0xFE, 0x7F, 0xE0,
  0x00, 0x7F, 0xE7, 0xFE, 0x00, 0x07, 0xFE, 0x7F, 0xE0, 0x00, 0x7F, 0xE7,
  0xFE, 0x00, 0x07, 0xFE, 0xFF, 0xC0, 0x00, 0x3F, 0xFF, 0xFC, 0x00, 0x03,
  0xFF, 0xFF, 0xC0, 0x00, 0x3F, 0xF0, 0xFF, 0xFF, 0xFF, 0xFE, 0x3F, 0xFF,
  0xFF, 0xFF, 0xCF, 0xFF, 0xFF, 0xFF, 0xFB, 0xFF, 0xFF, 0xFF, 0xFE, 0xFF,
  0xFF, 0xFF, 0xFF, 0xFF, 0xFF, 0xFF, 0xFF, 0xFF, 0xFF, 0xFF, 0xFF, 0xFF,
  0xFF, 0xFF, 0xFF, 0xFF, 0xFF, 0xFF, 0xFF, 0xFF, 0xFF, 0xF0, 0x00, 0x3F,
  0xFF, 0xFC, 0x00, 0x0F, 0xFF, 0xFF, 0x00, 0x03, 0xFF, 0xFF, 0xC0, 0x00,
  0xFF, 0xFF, 0xF0, 0x00, 0x3F, 0xFF, 0xFC, 0x00, 0x0F, 0xFF, 0xFF, 0x00,
  0x03, 0xFF, 0xFF, 0xC0, 0x00, 0xFF, 0xFF, 0xF0, 0x00, 0x3F, 0xFF, 0xFC,
  0x00, 0x0F, 0xFF, 0xFF, 0x00, 0x03, 0xFF, 0xFF, 0xC0, 0x00, 0xFF, 0xFF,
  0xF0, 0x00, 0x3F, 0xFF, 0xFC, 0x00, 0x0F, 0xFF, 0xFF, 0x00, 0x03, 0xFF,
  0xFF, 0xC0, 0x00, 0xFF, 0xFF, 0xF0, 0x00, 0xFF, 0xEF, 0xFC, 0x00, 0x7F,
  0xFB, 0xFF, 0x00, 0x3F, 0xFC, 0xFF, 0xFF, 0xFF, 0xFF, 0x3F, 0xFF, 0xFF,
  0xFF, 0x0F, 0xFF, 0xFF, 0xFF, 0x83, 0xFF, 0xFF, 0xFF, 0xC0, 0xFF, 0xFF,
  0xFF, 0xC0, 0x3F, 0xFF, 0xFF, 0xFC, 0x0F, 0xFF, 0xFF, 0xFF, 0x83, 0xFF,
  0xFF, 0xFF, 0xF8, 0xFF, 0xFF, 0xFF, 0xFF, 0x3F, 0xF0, 0x03, 0xFF, 0xEF,
  0xFC, 0x00, 0x7F, 0xFB, 0xFF, 0x00, 0x07, 0xFF, 0xFF, 0xC0, 0x00, 0xFF,
  0xFF, 0xF0, 0x00, 0x3F, 0xFF, 0xFC, 0x00, 0x0F, 0xFF, 0xFF, 0x00, 0x03,
  0xFF, 0xFF, 0xC0, 0x00, 0xFF, 0xFF, 0xF0, 0x00, 0x3F, 0xFF, 0xFC, 0x00,
  0x0F, 0xFF, 0xFF, 0x00, 0x03, 0xFF, 0xFF, 0xC0, 0x00, 0xFF, 0xFF, 0xF0,
  0x00, 0x3F, 0xFF, 0xFC, 0x00, 0x0F, 0xFF, 0xFF, 0x00, 0x03, 0xFF, 0xFF,
  0xC0, 0x00, 0xFF, 0xFF, 0xF0, 0x00, 0x3F, 0xFF, 0xFC, 0x00, 0x0F, 0xFF,
  0xFF, 0x00, 0x03, 0xFF, 0xFF, 0xC0, 0x00, 0xFF, 0xFF, 0xF0, 0x00, 0x3F,
  0xFF, 0xFF, 0xFF, 0xFF, 0xFF, 0xFF, 0xFF, 0xFF, 0xFF, 0xFF, 0xFF, 0xFF,
  0xFF, 0xFF, 0xFF, 0xFF, 0xFF, 0xFF, 0xFF, 0xFF, 0xFF, 0xFF, 0xFF, 0xFF,
  0xFF, 0xFF, 0xFF, 0xFF, 0xFF, 0xFF, 0xBF, 0xFF, 0xFF, 0xFF, 0xEF, 0xFF,
  0xFF, 0xFF, 0xE0, 0x1F, 0xFF, 0xFF, 0xFE, 0x1F, 0xFF, 0xFF, 0xFF, 0xE7,
  0xFF, 0xFF, 0xFF, 0xFB, 0xFF, 0xFF, 0xFF, 0xFF, 0xFF, 0xFF, 0xFF, 0xFF,
  0xFF, 0xFF, 0xFF, 0xFF, 0xFF, 0xFF, 0xFF, 0xFF, 0xFF, 0xFF, 0xFF, 0xFF,
  0xFF, 0xFF, 0xFF, 0xFF, 0xFF, 0xFF, 0xF0, 0x00, 0x3F, 0xFF, 0xFC, 0x00,
  0x0F, 0xFF, 0xFF, 0x00, 0x03, 0xFF, 0xFF, 0xC0, 0x00, 0xFF, 0xFF, 0xF0,
  0x00, 0x3F, 0xFF, 0xFC, 0x00, 0x0F, 0xFF, 0xFF, 0x00, 0x03, 0xFF, 0xFF,
  0xC0, 0x00, 0xFF, 0xFF, 0xF0, 0x00, 0x3F, 0xFF, 0xFC, 0x00, 0x0F, 0xFF,
  0xFF, 0x00, 0x03, 0xFF, 0xFF, 0xC0, 0x00, 0xFF, 0xFF, 0xF0, 0x00, 0x3F,
  0xFF, 0xFC, 0x00, 0x00, 0x03, 0xFF, 0x00, 0x00, 0x00, 0xFF, 0xC0, 0x00,
  0x00, 0x3F, 0xF0, 0x00, 0x00, 0x0F, 0xFC, 0x00, 0x00, 0x03, 0xFF, 0x00,
  0x00, 0x00, 0xFF, 0xC0, 0x00, 0x00, 0x3F, 0xF0, 0x00, 0x00, 0x0F, 0xFC,
  0x00, 0x00, 0x03, 0xFF, 0x00, 0x00, 0x00, 0xFF, 0xC0, 0x00, 0x00, 0x3F,
  0xF0, 0x00, 0x00, 0x0F, 0xFC, 0x00, 0x00, 0x03, 0xFF, 0x00, 0x00, 0x00,
  0xFF, 0xC0, 0x00, 0x00, 0x3F, 0xF0, 0x00, 0x00, 0x0F, 0xFC, 0x00, 0x00,
  0x03, 0xFF, 0x00, 0x00, 0x00, 0xFF, 0xC0, 0x00, 0x00, 0x3F, 0xF0, 0x00,
  0x00, 0x0F, 0xFC, 0x00, 0x00, 0x03, 0xFF, 0x00, 0x00, 0x00, 0xFF, 0xC0,
  0x00, 0x00, 0x3F, 0xF0, 0x00, 0x3F, 0xFF, 0xFC, 0x00, 0x0F, 0xFF, 0xFF,
  0x00, 0x03, 0xFF, 0xFF, 0xC0, 0x00, 0xFF, 0xFF, 0xF0, 0x00, 0x3F, 0xFF,
  0xFC, 0x00, 0x0F, 0xFF, 0xFF, 0x00, 0x03, 0xFF, 0xFF, 0xC0, 0x00, 0xFF,
  0xFF, 0xF0, 0x00, 0x3F, 0xFF, 0xFC, 0x00, 0x0F, 0xFF, 0xFF, 0x00, 0x03,
  0xFF, 0xFF, 0xC0, 0x00, 0xFF, 0xFF, 0xF0, 0x00, 0x3F, 0xFF, 0xFF, 0xFF,
  0xFF, 0xFF, 0xFF, 0xFF, 0xFF, 0xFF, 0xFF, 0xFF, 0xFF, 0xFF, 0xFF, 0xFF,
  0xFF, 0xFF, 0xFF, 0xFF, 0xFF, 0xFF, 0xFF, 0xFF, 0xFF, 0xFF, 0xFF, 0x7F,
  0xFF, 0xFF, 0xFF, 0x9F, 0xFF, 0xFF, 0xFF, 0xE1, 0xFF, 0xFF, 0xFF, 0xE0,
  0xFF, 0xFF, 0xFF, 0x80, 0x3F, 0xFF, 0xFF, 0xFC, 0x0F, 0xFF, 0xFF, 0xFF,
  0x83, 0xFF, 0xFF, 0xFF, 0xF0, 0xFF, 0xFF, 0xFF, 0xFE, 0x3F, 0xFF, 0xFF,
  0xFF, 0xCF, 0xFF, 0xFF, 0xFF, 0xFB, 0xFF, 0xFF, 0xFF, 0xFE, 0xFF, 0xFF,
  0xFF, 0xFF, 0xBF, 0xF0, 0x01, 0xFF, 0xFF, 0xFC, 0x00, 0x1F, 0xFF, 0xFF,
  0x00, 0x07, 0xFF, 0xFF, 0xC0, 0x00, 0xFF, 0xFF, 0xF0, 0x00, 0x3F, 0xFF,
  0xFC, 0x00, 0x0F, 0xFF, 0xFF, 0x00, 0x03, 0xFF, 0xFF, 0xC0, 0x00, 0xFF,
  0xFF, 0xF0, 0x00, 0x3F, 0xFF, 0xFC, 0x00, 0x0F, 0xFF, 0xFF, 0x00, 0x03,
  0xFF, 0xFF, 0xC0, 0x00, 0xFF, 0xFF, 0xF0, 0x00, 0x3F, 0xFF, 0xFC, 0x00,
  0x0F, 0xFF, 0xFF, 0x00, 0x03, 0xFF, 0xFF, 0xC0, 0x00, 0xFF, 0xFF, 0xF0,
  0x00, 0x3F, 0xFF, 0xFC, 0x00, 0x0F, 0xFF, 0xFF, 0x00, 0x03, 0xFF, 0xFF,
  0xC0, 0x00, 0xFF, 0xFF, 0xF0, 0x00, 0x3F, 0xFF, 0xFC, 0x00, 0x0F, 0xFF,
  0xFF, 0x00, 0x03, 0xFF, 0xFF, 0xC0, 0x00, 0xFF, 0xFF, 0xF0, 0x00, 0x3F,
  0xFF, 0xFC, 0x00, 0x0F, 0xFF, 0xFF, 0x00, 0x03, 0xFF, 0xFF, 0xC0, 0x00,
  0xFF, 0xFF, 0xF0, 0x00, 0x3F, 0xFF, 0xFC, 0x00, 0x0F, 0xFF, 0xFF, 0x00,
  0x03, 0xFF, 0xFF, 0xC0, 0x00, 0xFF, 0xFF, 0xF0, 0x00, 0x3F, 0xFF, 0xFC,
  0x00, 0x0F, 0xFF, 0xFF, 0x00, 0x03, 0xFF, 0xFF, 0xC0, 0x00, 0xFF, 0xFF,
  0xF0, 0x00, 0x3F, 0xFF, 0xFC, 0x00, 0x0F, 0xFF, 0xFF, 0x00, 0x03, 0xFF,
  0xFF, 0xC0, 0x00, 0xFF, 0xFF, 0xF0, 0x00, 0x3F, 0xFF, 0xFC, 0x00, 0x0F,
  0xFF, 0xFF, 0x00, 0x03, 0xFF, 0xFF, 0xC0, 0x00, 0xFF, 0xFF, 0xF0, 0x00,
  0x3F, 0xFF, 0xFC, 0x00, 0x0F, 0xFF, 0xFF, 0x00, 0x07, 0xFF, 0xFF, 0xC0,
  0x03, 0xFF, 0xFF, 0xF0, 0x01, 0xFF, 0xFF, 0xFF, 0xFF, 0xFF, 0xFB, 0xFF,
  0xFF, 0xFF, 0xFE, 0xFF, 0xFF, 0xFF, 0xFF, 0xBF, 0xFF, 0xFF, 0xFF, 0xCF,
  0xFF, 0xFF, 0xFF, 0xE3, 0xFF, 0xFF, 0xFF, 0xF0, 0xFF, 0xFF, 0xFF, 0xF8,
  0x3F, 0xFF, 0xFF, 0xF8, 0x0F, 0xFF, 0xFF, 0xF8, 0x00, 0xFF, 0xFF, 0xFF,
  0xFF, 0xFF, 0xFF, 0xFF, 0xFF, 0xFF, 0xFF, 0xFF, 0xFF, 0xFF, 0xFF, 0xFF,
  0xFF, 0xFF, 0xFF, 0xFF, 0xFF, 0xFF, 0xFF, 0xFF, 0xFF, 0xFF, 0xFF, 0xFF,
  0xFF, 0xFF, 0xFF, 0xFF, 0xFF, 0xFC, 0x00, 0x00, 0xFF, 0xC0, 0x00, 0x0F,
  0xFC, 0x00, 0x00, 0xFF, 0xC0, 0x00, 0x0F, 0xFC, 0x00, 0x00, 0xFF, 0xC0,
  0x00, 0x0F, 0xFC, 0x00, 0x00, 0xFF, 0xC0, 0x00, 0x0F, 0xFC, 0x00, 0x00,
  0xFF, 0xC0, 0x00, 0x0F, 0xFC, 0x00, 0x00, 0xFF, 0xC0, 0x00, 0x0F, 0xFC,
  0x00, 0x00, 0xFF, 0xC0, 0x00, 0x0F, 0xFC, 0x00, 0x00, 0xFF, 0xC0, 0x00,
  0x0F, 0xFC, 0x00, 0x00, 0xFF, 0xC0, 0x00, 0x0F, 0xFC, 0x00, 0x00, 0xFF,
  0xFF, 0xFF, 0xCF, 0xFF, 0xFF, 0xFC, 0xFF, 0xFF, 0xFF, 0xCF, 0xFF, 0xFF,
  0xFC, 0xFF, 0xFF, 0xFF, 0xCF, 0xFF, 0xFF, 0xFC, 0xFF, 0xFF, 0xFF, 0xCF,
  0xFF, 0xFF, 0xFC, 0xFF, 0xFF, 0xFF, 0xCF, 0xFC, 0x00, 0x00, 0xFF, 0xC0,
  0x00, 0x0F, 0xFC, 0x00, 0x00, 0xFF, 0xC0, 0x00, 0x0F, 0xFC, 0x00, 0x00,
  0xFF, 0xC0, 0x00, 0x0F, 0xFC, 0x00, 0x00, 0xFF, 0xC0, 0x00, 0x0F, 0xFC,
  0x00, 0x00, 0xFF, 0xC0, 0x00, 0x0F, 0xFC, 0x00, 0x00, 0xFF, 0xC0, 0x00,
  0x0F, 0xFC, 0x00, 0x00, 0xFF, 0xC0, 0x00, 0x0F, 0xFC, 0x00, 0x00, 0xFF,
  0xC0, 0x00, 0x0F, 0xFC, 0x00, 0x00, 0xFF, 0xC0, 0x00, 0x0F, 0xFC, 0x00,
  0x00, 0xFF, 0xC0, 0x00, 0x0F, 0xFC, 0x00, 0x00, 0xFF, 0xFF, 0xFF, 0xFF,
  0xFF, 0xFF, 0xFF, 0xFF, 0xFF, 0xFF, 0xFF, 0xFF, 0xFF, 0xFF, 0xFF, 0xFF,
  0xFF, 0xFF, 0xFF, 0xFF, 0xFF, 0xFF, 0xFF, 0xFF, 0xFF, 0xFF, 0xFF, 0xFF,
  0xFF, 0xFF, 0xFF, 0xF0, 0xFF, 0xFF, 0xFF, 0xFF, 0xFF, 0xFF, 0xFF, 0xFF,
  0xFF, 0xFF, 0xFF, 0xFF, 0xFF, 0xFF, 0xFF, 0xFF, 0xFF, 0xFF, 0xFF, 0xFF,
  0xFF, 0xFF, 0xFF, 0xFF, 0xFF, 0xFF, 0xFF, 0xFF, 0xFF, 0xFF, 0xFF, 0xF8,
  0x00, 0x03, 0xFF, 0x00, 0x00, 0x7F, 0xE0, 0x00, 0x0F, 0xFC, 0x00, 0x01,
  0xFF, 0x80, 0x00, 0x3F, 0xF0, 0x00, 0x07, 0xFE, 0x00, 0x00, 0xFF, 0xC0,
  0x00, 0x1F, 0xF8, 0x00, 0x03, 0xFF, 0x00, 0x00, 0x7F, 0xE0, 0x00, 0x0F,
  0xFC, 0x00, 0x01, 0xFF, 0x80, 0x00, 0x3F, 0xF0, 0x00, 0x07, 0xFE, 0x00,
  0x00, 0xFF, 0xC0, 0x00, 0x1F, 0xF8, 0x00, 0x03, 0xFF, 0x00, 0x00, 0x7F,
  0xE0, 0x00, 0x0F, 0xFC, 0x00, 0x01, 0xFF, 0xFF, 0xFE, 0x3F, 0xFF, 0xFF,
  0xC7, 0xFF, 0xFF, 0xF8, 0xFF, 0xFF, 0xFF, 0x1F, 0xFF, 0xFF, 0xE3, 0xFF,
  0xFF, 0xFC, 0x7F, 0xFF, 0xFF, 0x8F, 0xFF, 0xFF, 0xF1, 0xFF, 0xFF, 0xFE,
  0x3F, 0xF0, 0x00, 0x07, 0xFE, 0x00, 0x00, 0xFF, 0xC0, 0x00, 0x1F, 0xF8,
  0x00, 0x03, 0xFF, 0x00, 0x00, 0x7F, 0xE0, 0x00, 0x0F, 0xFC, 0x00, 0x01,
  0xFF, 0x80, 0x00, 0x3F, 0xF0, 0x00, 0x07, 0xFE, 0x00, 0x00, 0xFF, 0xC0,
  0x00, 0x1F, 0xF8, 0x00, 0x03, 0xFF, 0x00, 0x00, 0x7F, 0xE0, 0x00, 0x0F,
  0xFC, 0x00, 0x01, 0xFF, 0x80, 0x00, 0x3F, 0xF0, 0x00, 0x07, 0xFE, 0x00,
  0x00, 0xFF, 0xC0, 0x00, 0x1F, 0xF8, 0x00, 0x03, 0xFF, 0x00, 0x00, 0x7F,
  0xE0, 0x00, 0x0F, 0xFC, 0x00, 0x01, 0xFF, 0x80, 0x00, 0x3F, 0xF0, 0x00,
  0x07, 0xFE, 0x00, 0x00, 0xFF, 0xC0, 0x00, 0x1F, 0xF8, 0x00, 0x03, 0xFF,
  0x00, 0x00, 0x00, 0x1F, 0xFF, 0xFF, 0xFE, 0x1F, 0xFF, 0xFF, 0xFF, 0xE7,
  0xFF, 0xFF, 0xFF, 0xFB, 0xFF, 0xFF, 0xFF, 0xFF, 0xFF, 0xFF, 0xFF, 0xFF,
  0xFF, 0xFF, 0xFF, 0xFF, 0xFF, 0xFF, 0xFF, 0xFF, 0xFF, 0xFF, 0xFF, 0xFF,
  0xFF, 0xFF, 0xFF, 0xFF, 0xFF, 0xFF, 0xF0, 0x00, 0x3F, 0xFF, 0xFC, 0x00,
  0x0F, 0xFF, 0xFF, 0x00, 0x03, 0xFF, 0xFF, 0xC0, 0x00, 0xFF, 0xFF, 0xF0,
  0x00, 0x3F, 0xFF, 0xFC, 0x00, 0x0F, 0xFF, 0xFF, 0x00, 0x03, 0xFF, 0xFF,
  0xC0, 0x00, 0xFF, 0xFF, 0xF0, 0x00, 0x3F, 0xFF, 0xFC, 0x00, 0x0F, 0xFF,
  0xFF, 0x00, 0x03, 0xFF, 0xFF, 0xC0, 0x00, 0x00, 0x3F, 0xF0, 0x00, 0x00,
  0x0F, 0xFC, 0x00, 0x00, 0x03, 0xFF, 0x00, 0x00, 0x00, 0xFF, 0xC0, 0x00,
  0x00, 0x3F, 0xF0, 0x00, 0x00, 0x0F, 0xFC, 0x00, 0x00, 0x03, 0xFF, 0x00,
  0x00, 0x00, 0xFF, 0xC0, 0x00, 0x00, 0x3F, 0xF0, 0x00, 0x00, 0x0F, 0xFC,
  0x00, 0x00, 0x03, 0xFF, 0x01, 0xFF, 0xFF, 0xFF, 0xC0, 0x7F, 0xFF, 0xFF,
  0xF0, 0x1F, 0xFF, 0xFF, 0xFC, 0x07, 0xFF, 0xFF, 0xFF, 0x01, 0xFF, 0xFF,
  0xFF, 0xC0, 0x7F, 0xFF, 0xFF, 0xF0, 0x1F, 0xFF, 0xFF, 0xFC, 0x07, 0xFF,
  0xFF, 0xFF, 0x01, 0xFF, 0xFF, 0xFF, 0xC0, 0x00, 0xFF, 0xFF, 0xF0, 0x00,
  0x3F, 0xFF, 0xFC, 0x00, 0x0F, 0xFF, 0xFF, 0x00, 0x03, 0xFF, 0xFF, 0xC0,
  0x00, 0xFF, 0xFF, 0xF0, 0x00, 0x3F, 0xFF, 0xFC, 0x00, 0x0F, 0xFF, 0xFF,
  0x00, 0x03, 0xFF, 0xFF, 0xC0, 0x00, 0xFF, 0xFF, 0xF0, 0x00, 0x3F, 0xFF,
  0xFC, 0x00, 0x0F, 0xFF, 0xFF, 0x00, 0x03, 0xFF, 0xFF, 0xC0, 0x00, 0xFF,
  0xFF, 0xF0, 0x00, 0x3F, 0xFF, 0xFC, 0x00, 0x0F, 0xFF, 0xFF, 0x00, 0x03,
  0xFF, 0xFF, 0xC0, 0x00, 0xFF, 0xFF, 0xF0, 0x00, 0x3F, 0xFF, 0xFF, 0xFF,
  0xFF, 0xFF, 0xFF, 0xFF, 0xFF, 0xFF, 0xFF, 0xFF, 0xFF, 0xFF, 0xFF, 0xFF,
  0xFF, 0xFF, 0xFF, 0xFF, 0xFF, 0xFF, 0xFF, 0xFF, 0xFF, 0xFF, 0xFF, 0x7F,
  0xFF, 0xFF, 0xFF, 0x9F, 0xFF, 0xFF, 0xFF, 0xE1, 0xFF, 0xFF, 0xFF, 0xE0,
  0xFF, 0xC0, 0x00, 0xFF, 0xFF, 0xF0, 0x00, 0x3F, 0xFF, 0xFC, 0x00, 0x0F,
  0xFF, 0xFF, 0x00, 0x03, 0xFF, 0xFF, 0xC0, 0x00, 0xFF, 0xFF, 0xF0, 0x00,
  0x3F, 0xFF, 0xFC, 0x00, 0x0F, 0xFF, 0xFF, 0x00, 0x03, 0xFF, 0xFF, 0xC0,
  0x00, 0xFF, 0xFF, 0xF0, 0x00, 0x3F, 0xFF, 0xFC, 0x00, 0x0F, 0xFF, 0xFF,
  0x00, 0x03, 0xFF, 0xFF, 0xC0, 0x00, 0xFF, 0xFF, 0xF0, 0x00, 0x3F, 0xFF,
  0xFC, 0x00, 0x0F, 0xFF, 0xFF, 0x00, 0x03, 0xFF, 0xFF, 0xC0, 0x00, 0xFF,
  0xFF, 0xF0, 0x00, 0x3F, 0xFF, 0xFC, 0x00, 0x0F, 0xFF, 0xFF, 0x00, 0x03,
  0xFF, 0xFF, 0xC0, 0x00, 0xFF, 0xFF, 0xF0, 0x00, 0x3F, 0xFF, 0xFC, 0x00,
  0x0F, 0xFF, 0xFF, 0x00, 0x03, 0xFF, 0xFF, 0xC0, 0x00, 0xFF, 0xFF, 0xF0,
  0x00, 0x3F, 0xFF, 0xFC, 0x00, 0x0F, 0xFF, 0xFF, 0xFF, 0xFF, 0xFF, 0xFF,
  0xFF, 0xFF, 0xFF, 0xFF, 0xFF, 0xFF, 0xFF, 0xFF, 0xFF, 0xFF, 0xFF, 0xFF,
  0xFF, 0xFF, 0xFF, 0xFF, 0xFF, 0xFF, 0xFF, 0xFF, 0xFF, 0xFF, 0xFF, 0xFF,
  0xFF, 0xFF, 0xFF, 0xFF, 0xFF, 0xFF, 0xFF, 0xFF, 0xFF, 0xFF, 0xC0, 0x00,
  0xFF, 0xFF, 0xF0, 0x00, 0x3F, 0xFF, 0xFC, 0x00, 0x0F, 0xFF, 0xFF, 0x00,
  0x03, 0xFF, 0xFF, 0xC0, 0x00, 0xFF, 0xFF, 0xF0, 0x00, 0x3F, 0xFF, 0xFC,
  0x00, 0x0F, 0xFF, 0xFF, 0x00, 0x03, 0xFF, 0xFF, 0xC0, 0x00, 0xFF, 0xFF,
  0xF0, 0x00, 0x3F, 0xFF, 0xFC, 0x00, 0x0F, 0xFF, 0xFF, 0x00, 0x03, 0xFF,
  0xFF, 0xC0, 0x00, 0xFF, 0xFF, 0xF0, 0x00, 0x3F, 0xFF, 0xFC, 0x00, 0x0F,
  0xFF, 0xFF, 0x00, 0x03, 0xFF, 0xFF, 0xC0, 0x00, 0xFF, 0xFF, 0xF0, 0x00,
  0x3F, 0xFF, 0xFC, 0x00, 0x0F, 0xFF, 0xFF, 0x00, 0x03, 0xFF, 0xFF, 0xC0,
  0x00, 0xFF, 0xFF, 0xF0, 0x00, 0x3F, 0xFF, 0xFC, 0x00, 0x0F, 0xFF, 0xFF,
  0x00, 0x03, 0xFF, 0xFF, 0xC0, 0x00, 0xFF, 0xFF, 0xF0, 0x00, 0x3F, 0xFF,
  0xFC, 0x00, 0x0F, 0xFF, 0xFF, 0x00, 0x03, 0xFF, 0xFF, 0xC0, 0x00, 0xFF,
  0xFF, 0xF0, 0x00, 0x3F, 0xFF, 0xFC, 0x00, 0x0F, 0xFC, 0xFF, 0xFF, 0xFF,
  0xFF, 0xFF, 0xFF, 0xFF, 0xFF, 0xFF, 0xFF, 0xFF, 0xFF, 0xFF, 0xFF, 0xFF,
  0xFF, 0xFF, 0xFF, 0xFF, 0xFF, 0xFF, 0xFF, 0xFF, 0xFF, 0xFF, 0xFF, 0xFF,
  0xFF, 0xFF, 0xFF, 0xFF, 0xFF, 0xFF, 0xFF, 0xFF, 0xFF, 0xFF, 0xFF, 0xFF,
  0xFF, 0xFF, 0xFF, 0xFF, 0xFF, 0xFF, 0xFF, 0xFF, 0xFF, 0xFF, 0xFF, 0xFF,
  0xFF, 0xFF, 0xFF, 0xFF, 0xFF, 0xFF, 0xFF, 0xFF, 0xFF, 0xFF, 0xFF, 0xFF,
  0xFF, 0xFF, 0xFF, 0xFF, 0xFF, 0xFF, 0xFF, 0xFF, 0xFF, 0xFF, 0xFF, 0xFF,
  0xFF, 0xFF, 0xFF, 0xFF, 0xFF, 0xFF, 0xFF, 0xFF, 0xFC, 0x00, 0x00, 0x07,
  0xFE, 0x00, 0x00, 0x0F, 0xFC, 0x00, 0x00, 0x1F, 0xF8, 0x00, 0x00, 0x3F,
  0xF0, 0x00, 0x00, 0x7F, 0xE0, 0x00, 0x00, 0xFF, 0xC0, 0x00, 0x01, 0xFF,
  0x80, 0x00, 0x03, 0xFF, 0x00, 0x00, 0x07, 0xFE, 0x00, 0x00, 0x0F, 0xFC,
  0x00, 0x00, 0x1F, 0xF8, 0x00, 0x00, 0x3F, 0xF0, 0x00, 0x00, 0x7F, 0xE0,
  0x00, 0x00, 0xFF, 0xC0, 0x00, 0x01, 0xFF, 0x80, 0x00, 0x03, 0xFF, 0x00,
  0x00, 0x07, 0xFE, 0x00, 0x00, 0x0F, 0xFC, 0x00, 0x00, 0x1F, 0xF8, 0x00,
  0x00, 0x3F, 0xF0, 0x00, 0x00, 0x7F, 0xE0, 0x00, 0x00, 0xFF, 0xC0, 0x00,
  0x01, 0xFF, 0x80, 0x00, 0x03, 0xFF, 0x00, 0x00, 0x07, 0xFE, 0x00, 0x00,
  0x0F, 0xFC, 0x00, 0x00, 0x1F, 0xF8, 0x00, 0x00, 0x3F, 0xF0, 0x00, 0x00,
  0x7F, 0xE0, 0x00, 0x00, 0xFF, 0xC0, 0x00, 0x01, 0xFF, 0x80, 0x00, 0x03,
  0xFF, 0x00, 0x00, 0x07, 0xFE, 0x00, 0x00, 0x0F, 0xFC, 0x00, 0x00, 0x1F,
  0xF8, 0x00, 0x00, 0x3F, 0xF0, 0x00, 0x00, 0x7F, 0xE0, 0x00, 0x00, 0xFF,
  0xC0, 0x00, 0x01, 0xFF, 0x80, 0x00, 0x03, 0xFF, 0x00, 0x00, 0x07, 0xFE,
  0x00, 0x00, 0x0F, 0xFC, 0x00, 0x00, 0x1F, 0xF8, 0x00, 0x00, 0x3F, 0xFF,
  0xFC, 0x00, 0x7F, 0xFF, 0xF8, 0x00, 0xFF, 0xFF, 0xF0, 0x01, 0xFF, 0xFF,
  0xE0, 0x03, 0xFF, 0xFF, 0xC0, 0x07, 0xFF, 0xFF, 0x80, 0x0F, 0xFF, 0xFF,
  0x00, 0x1F, 0xFF, 0xFE, 0x00, 0x3F, 0xFF, 0xFC, 0x00, 0x7F, 0xFF, 0xF8,
  0x00, 0xFF, 0xFF, 0xF0, 0x01, 0xFF, 0xFF, 0xE0, 0x03, 0xFF, 0xFF, 0xC0,
  0x07, 0xFF, 0xFF, 0x80, 0x0F, 0xFF, 0xFF, 0xFF, 0xFF, 0xFF, 0xFF, 0xFF,
  0xFF, 0xFF, 0xFF, 0xFF, 0xFF, 0xFF, 0xFF, 0xFF, 0xFF, 0xFF, 0xFF, 0xFF,
  0xFF, 0xFF, 0xFF, 0xFF, 0xFF, 0x7F, 0xFF, 0xFF, 0xFC, 0xFF, 0xFF, 0xFF,
  0xF8, 0x7F, 0xFF, 0xFF, 0xC0, 0xFF, 0xC0, 0x03, 0xFF, 0x3F, 0xF0, 0x01,
  0xFF, 0xCF, 0xFC, 0x00, 0x7F, 0xE3, 0xFF, 0x00, 0x1F, 0xF8, 0xFF, 0xC0,
  0x0F, 0xFC, 0x3F, 0xF0, 0x03, 0xFF, 0x0F, 0xFC, 0x01, 0xFF, 0x83, 0xFF,
  0x00, 0x7F, 0xE0, 0xFF, 0xC0, 0x3F, 0xF8, 0x3F, 0xF0, 0x0F, 0xFC, 0x0F,
  0xFC, 0x03, 0xFF, 0x03, 0xFF, 0x01, 0xFF, 0x80, 0xFF, 0xC0, 0x7F, 0xE0,
  0x3F, 0xF0, 0x3F, 0xF0, 0x0F, 0xFC, 0x0F, 0xFC, 0x03, 0xFF, 0x07, 0xFE,
  0x00, 0xFF, 0xC1, 0xFF, 0x80, 0x3F, 0xF0, 0x7F, 0xE0, 0x0F, 0xFC, 0x3F,
  0xF0, 0x03, 0xFF, 0x0F, 0xFC, 0x00, 0xFF, 0xC7, 0xFE, 0x00, 0x3F, 0xF1,
  0xFF, 0x80, 0x0F, 0xFC, 0x7F, 0xC0, 0x03, 0xFF, 0x3F, 0xF0, 0x00, 0xFF,
  0xCF, 0xFC, 0x00, 0x3F, 0xF7, 0xFE, 0x00, 0x0F, 0xFD, 0xFF, 0x80, 0x03,
  0xFF, 0xFF, 0xC0, 0x00, 0xFF, 0xFF, 0xF0, 0x00, 0x3F, 0xFF, 0xF8, 0x00,
  0x0F, 0xFF, 0xFE, 0x00, 0x03, 0xFF, 0xFF, 0x00, 0x00, 0xFF, 0xFF, 0xC0,
  0x00, 0x3F, 0xFF, 0xF0, 0x00, 0x0F, 0xFF, 0xFE, 0x00, 0x03, 0xFF, 0xFF,
  0x80, 0x00, 0xFF, 0xFF, 0xF0, 0x00, 0x3F, 0xFF, 0xFC, 0x00, 0x0F, 0xFD,
  0xFF, 0x80, 0x03, 0xFF, 0x7F, 0xE0, 0x00, 0xFF, 0xDF, 0xFC, 0x00, 0x3F,
  0xF3, 0xFF, 0x00, 0x0F, 0xFC, 0xFF, 0xE0, 0x03, 0xFF, 0x1F, 0xF8, 0x00,
  0xFF, 0xC7, 0xFF, 0x00, 0x3F, 0xF0, 0xFF, 0xC0, 0x0F, 0xFC, 0x3F, 0xF0,
  0x03, 0xFF, 0x07, 0xFE, 0x00, 0xFF, 0xC1, 0xFF, 0x80, 0x3F, 0xF0, 0x3F,
  0xF0, 0x0F, 0xFC, 0x0F, 0xFC, 0x03, 0xFF, 0x01, 0xFF, 0x80, 0xFF, 0xC0,
  0x7F, 0xE0, 0x3F, 0xF0, 0x0F, 0xFC, 0x0F, 0xFC, 0x03, 0xFF, 0x03, 0xFF,
  0x00, 0x7F, 0xE0, 0xFF, 0xC0, 0x1F, 0xF8, 0x3F, 0xF0, 0x03, 0xFF, 0x0F,
  0xFC, 0x00, 0xFF, 0xC3, 0xFF, 0x00, 0x3F, 0xF8, 0xFF, 0xC0, 0x07, 0xFE,
  0x3F, 0xF0, 0x01, 0xFF, 0x8F, 0xFC, 0x00, 0x3F, 0xF3, 0xFF, 0x00, 0x0F,
  0xFC, 0xFF, 0xC0, 0x01, 0xFF, 0xBF, 0xF0, 0x00, 0x7F, 0xEF, 0xFC, 0x00,
  0x0F, 0xFC, 0xFF, 0xC0, 0x00, 0x3F, 0xF0, 0x00, 0x0F, 0xFC, 0x00, 0x03,
  0xFF, 0x00, 0x00, 0xFF, 0xC0, 0x00, 0x3F, 0xF0, 0x00, 0x0F, 0xFC, 0x00,
  0x03, 0xFF, 0x00, 0x00, 0xFF, 0xC0, 0x00, 0x3F, 0xF0, 0x00, 0x0F, 0xFC,
  0x00, 0x03, 0xFF, 0x00, 0x00, 0xFF, 0xC0, 0x00, 0x3F, 0xF0, 0x00, 0x0F,
  0xFC, 0x00, 0x03, 0xFF, 0x00, 0x00, 0xFF, 0xC0, 0x00, 0x3F, 0xF0, 0x00,
  0x0F, 0xFC, 0x00, 0x03, 0xFF, 0x00, 0x00, 0xFF, 0xC0, 0x00, 0x3F, 0xF0,
  0x00, 0x0F, 0xFC, 0x00, 0x03, 0xFF, 0x00, 0x00, 0xFF, 0xC0, 0x00, 0x3F,
  0xF0, 0x00, 0x0F, 0xFC, 0x00, 0x03, 0xFF, 0x00, 0x00, 0xFF, 0xC0, 0x00,
  0x3F, 0xF0, 0x00, 0x0F, 0xFC, 0x00, 0x03, 0xFF, 0x00, 0x00, 0xFF, 0xC0,
  0x00, 0x3F, 0xF0, 0x00, 0x0F, 0xFC, 0x00, 0x03, 0xFF, 0x00, 0x00, 0xFF,
  0xC0, 0x00, 0x3F, 0xF0, 0x00, 0x0F, 0xFC, 0x00, 0x03, 0xFF, 0x00, 0x00,
  0xFF, 0xC0, 0x00, 0x3F, 0xF0, 0x00, 0x0F, 0xFC, 0x00, 0x03, 0xFF, 0x00,
  0x00, 0xFF, 0xC0, 0x00, 0x3F, 0xF0, 0x00, 0x0F, 0xFC, 0x00, 0x03, 0xFF,
  0x00, 0x00, 0xFF, 0xC0, 0x00, 0x3F, 0xF0, 0x00, 0x0F, 0xFC, 0x00, 0x03,
  0xFF, 0x00, 0x00, 0xFF, 0xC0, 0x00, 0x3F, 0xF0, 0x00, 0x0F, 0xFC, 0x00,
  0x03, 0xFF, 0x00, 0x00, 0xFF, 0xC0, 0x00, 0x3F, 0xF0, 0x00, 0x0F, 0xFF,
  0xFF, 0xFF, 0xFF, 0xFF, 0xFF, 0xFF, 0xFF, 0xFF, 0xFF, 0xFF, 0xFF, 0xFF,
  0xFF, 0xFF, 0xFF, 0xFF, 0xFF, 0xFF, 0xFF, 0xFF, 0xFF, 0xFF, 0xFF, 0xFF,
  0xFF, 0xFF, 0xFF, 0xFC, 0xFF, 0xC0, 0x00, 0x01, 0xFF, 0xFF, 0xE0, 0x00,
  0x00, 0xFF, 0xFF, 0xF0, 0x00, 0x00, 0x7F, 0xFF, 0xFC, 0x00, 0x00, 0x7F,
  0xFF, 0xFE, 0x00, 0x00, 0x3F, 0xFF, 0xFF, 0x00, 0x00, 0x1F, 0xFF, 0xFF,
  0xC0, 0x00, 0x1F, 0xFF, 0xFF, 0xE0, 0x00, 0x0F, 0xFF, 0xFF, 0xF0, 0x00,
  0x07, 0xFF, 0xFF, 0xF8, 0x00, 0x03, 0xFF, 0xFF, 0xFE, 0x00, 0x03, 0xFF,
  0xFF, 0xFF, 0x00, 0x01, 0xFF, 0xFF, 0xFF, 0x80, 0x00, 0xFF, 0xFF, 0xFF,
  0xE0, 0x00, 0xFF, 0xFF, 0xFF, 0xF0, 0x00, 0x7F, 0xFF, 0xFF, 0xF8, 0x00,
  0x3F, 0xFF, 0xFF, 0xFE, 0x00, 0x3F, 0xFF, 0xFF, 0xFF, 0x00, 0x1F, 0xFF,
  0xFF, 0xFF, 0x80, 0x0F, 0xFF, 0xFF, 0xFF, 0xC0, 0x07, 0xFF, 0xFF, 0xFF,
  0xF0, 0x07, 0xFF, 0xFF, 0xFF, 0xF8, 0x03, 0xFF, 0xFF, 0xFF, 0xFC, 0x01,
  0xFF, 0xFF, 0xFF, 0xFF, 0x01, 0xFF, 0xFF, 0xFF, 0xFF, 0x80, 0xFF, 0xFF,
  0xFF, 0xFF, 0xC0, 0x7F, 0xFF, 0xFF, 0xFF, 0xE0, 0x3F, 0xFF, 0xFF, 0xFF,
  0xF8, 0x3F, 0xFF, 0xFF, 0xFF, 0xFC, 0x1F, 0xFF, 0xFF, 0xFF, 0xFE, 0x0F,
  0xFF, 0xFF, 0xFF, 0xFF, 0x8F, 0xFF, 0xFF, 0xFF, 0xBF, 0xC7, 0xFB, 0xFF,
  0xFF, 0xDF, 0xE3, 0xFD, 0xFF, 0xFF, 0xEF, 0xF1, 0xFE, 0xFF, 0xFF, 0xF7,
  0xFD, 0xFF, 0x7F, 0xFF, 0xF9, 0xFE, 0xFF, 0x3F, 0xFF, 0xFC, 0xFF, 0x7F,
  0x9F, 0xFF, 0xFE, 0x7F, 0xBF, 0xCF, 0xFF, 0xFF, 0x1F, 0xDF, 0xE7, 0xFF,
  0xFF, 0x8F, 0xFF, 0xE3, 0xFF, 0xFF, 0xC7, 0xFF, 0xF1, 0xFF, 0xFF, 0xE3,
  0xFF, 0xF8, 0xFF, 0xFF, 0xF0, 0xFF, 0xFC, 0x7F, 0xFF, 0xF8, 0x7F, 0xFC,
  0x3F, 0xFF, 0xFC, 0x3F, 0xFE, 0x1F, 0xFF, 0xFE, 0x1F, 0xFF, 0x0F, 0xFF,
  0xFF, 0x07, 0xFF, 0x07, 0xFF, 0xFF, 0x83, 0xFF, 0x83, 0xFF, 0xFF, 0xC1,
  0xFF, 0xC1, 0xFF, 0xFF, 0xE0, 0xFF, 0xE0, 0xFF, 0xFF, 0xF0, 0x3F, 0xE0,
  0x7F, 0xFF, 0xF8, 0x1F, 0xF0, 0x3F, 0xFF, 0xFC, 0x0F, 0xF8, 0x1F, 0xFF,
  0xFE, 0x07, 0xFC, 0x0F, 0xFF, 0xFF, 0x01, 0xFC, 0x07, 0xFF, 0xFF, 0x80,
  0xFE, 0x03, 0xFF, 0xFF, 0xC0, 0x7F, 0x01, 0xFF, 0xFF, 0xE0, 0x3F, 0x80,
  0xFF, 0xFF, 0xF0, 0x0F, 0x80, 0x7F, 0xFF, 0xF8, 0x07, 0xC0, 0x3F, 0xFF,
  0xFC, 0x00, 0x00, 0x1F, 0xFF, 0xFE, 0x00, 0x00, 0x0F, 0xFF, 0xFF, 0x00,
  0x00, 0x07, 0xFF, 0xFF, 0x80, 0x00, 0x03, 0xFF, 0xFF, 0xC0, 0x00, 0x01,
  0xFF, 0xFF, 0xE0, 0x00, 0x00, 0xFF, 0xFF, 0xF0, 0x00, 0x00, 0x7F, 0xE0,
  0xFF, 0x80, 0x00, 0xFF, 0xFF, 0xF0, 0x00, 0x3F, 0xFF, 0xFC, 0x00, 0x0F,
  0xFF, 0xFF, 0x00, 0x03, 0xFF, 0xFF, 0xE0, 0x00, 0xFF, 0xFF, 0xF8, 0x00,
  0x3F, 0xFF, 0xFE, 0x00, 0x0F, 0xFF, 0xFF, 0xC0, 0x03, 0xFF, 0xFF, 0xF0,
  0x00, 0xFF, 0xFF, 0xFE, 0x00, 0x3F, 0xFF, 0xFF, 0x80, 0x0F, 0xFF, 0xFF,
  0xE0, 0x03, 0xFF, 0xFF, 0xFC, 0x00, 0xFF, 0xFF, 0xFF, 0x00, 0x3F, 0xFF,
  0xFF, 0xE0, 0x0F, 0xFF, 0xFF, 0xF8, 0x03, 0xFF, 0xFF, 0xFE, 0x00, 0xFF,
  0xFF, 0xFF, 0xC0, 0x3F, 0xFF, 0xFF, 0xF0, 0x0F, 0xFF, 0xFF, 0xFC, 0x03,
  0xFF, 0xFF, 0xFF, 0x80, 0xFF, 0xFF, 0xFF, 0xE0, 0x3F, 0xFF, 0xFF, 0xFC,
  0x0F, 0xFF, 0xFF, 0xFF, 0x03, 0xFF, 0xFF, 0xFF, 0xC0, 0xFF, 0xFF, 0xEF,
  0xF8, 0x3F, 0xFF, 0xFF, 0xFE, 0x0F, 0xFF, 0xFF, 0xFF, 0x83, 0xFF, 0xFF,
  0xDF, 0xF0, 0xFF, 0xFF, 0xF7, 0xFC, 0x3F, 0xFF, 0xFD, 0xFF, 0x8F, 0xFF,
  0xFF, 0x3F, 0xE3, 0xFF, 0xFF, 0xCF, 0xF8, 0xFF, 0xFF, 0xF1, 0xFF, 0x3F,
  0xFF, 0xFC, 0x7F, 0xCF, 0xFF, 0xFF, 0x1F, 0xF3, 0xFF, 0xFF, 0xC3, 0xFE,
  0xFF, 0xFF, 0xF0, 0xFF, 0xBF, 0xFF, 0xFC, 0x3F, 0xFF, 0xFF, 0xFF, 0x07,
  0xFF, 0xFF, 0xFF, 0xC1, 0xFF, 0xFF, 0xFF, 0xF0, 0x3F, 0xFF, 0xFF, 0xFC,
  0x0F, 0xFF, 0xFF, 0xFF, 0x03, 0xFF, 0xFF, 0xFF, 0xC0, 0x7F, 0xFF, 0xFF,
  0xF0, 0x1F, 0xFF, 0xFF, 0xFC, 0x07, 0xFF, 0xFF, 0xFF, 0x00, 0xFF, 0xFF,
  0xFF, 0xC0, 0x3F, 0xFF, 0xFF, 0xF0, 0x0F, 0xFF, 0xFF, 0xFC, 0x01, 0xFF,
  0xFF, 0xFF, 0x00, 0x7F, 0xFF, 0xFF, 0xC0, 0x0F, 0xFF, 0xFF, 0xF0, 0x03,
  0xFF, 0xFF, 0xFC, 0x00, 0xFF, 0xFF, 0xFF, 0x00, 0x1F, 0xFF, 0xFF, 0xC0,
  0x07, 0xFF, 0xFF, 0xF0, 0x01, 0xFF, 0xFF, 0xFC, 0x00, 0x3F, 0xFF, 0xFF,
  0x00, 0x0F, 0xFF, 0xFF, 0xC0, 0x01, 0xFF, 0xFF, 0xF0, 0x00, 0x7F, 0xFF,
  0xFC, 0x00, 0x1F, 0xFF, 0xFF, 0x00, 0x03, 0xFF, 0xFF, 0xC0, 0x00, 0xFF,
  0xFF, 0xF0, 0x00, 0x3F, 0xFF, 0xFC, 0x00, 0x07, 0xFC, 0x1F, 0xFF, 0xFF,
  0xFE, 0x1F, 0xFF, 0xFF, 0xFF, 0xE7, 0xFF, 0xFF, 0xFF, 0xFB, 0xFF, 0xFF,
  0xFF, 0xFF, 0xFF, 0xFF, 0xFF, 0xFF, 0xFF, 0xFF, 0xFF, 0xFF, 0xFF, 0xFF,
  0xFF, 0xFF, 0xFF, 0xFF, 0xFF, 0xFF, 0xFF, 0xFF, 0xFF, 0xFF, 0xFF, 0xFF,
  0xF0, 0x00, 0x3F, 0xFF, 0xFC, 0x00, 0x0F, 0xFF, 0xFF, 0x00, 0x03, 0xFF,
  0xFF, 0xC0, 0x00, 0xFF, 0xFF, 0xF0, 0x00, 0x3F, 0xFF, 0xFC, 0x00, 0x0F,
  0xFF, 0xFF, 0x00, 0x03, 0xFF, 0xFF, 0xC0, 0x00, 0xFF, 0xFF, 0xF0, 0x00,
  0x3F, 0xFF, 0xFC, 0x00, 0x0F, 0xFF, 0xFF, 0x00, 0x03, 0xFF, 0xFF, 0xC0,
  0x00, 0xFF, 0xFF, 0xF0, 0x00, 0x3F, 0xFF, 0xFC, 0x00, 0x0F, 0xFF, 0xFF,
  0x00, 0x03, 0xFF, 0xFF, 0xC0, 0x00, 0xFF, 0xFF, 0xF0, 0x00, 0x3F, 0xFF,
  0xFC, 0x00, 0x0F, 0xFF, 0xFF, 0x00, 0x03, 0xFF, 0xFF, 0xC0, 0x00, 0xFF,
  0xFF, 0xF0, 0x00, 0x3F, 0xFF, 0xFC, 0x00, 0x0F, 0xFF, 0xFF, 0x00, 0x03,
  0xFF, 0xFF, 0xC0, 0x00, 0xFF, 0xFF, 0xF0, 0x00, 0x3F, 0xFF, 0xFC, 0x00,
  0x0F, 0xFF, 0xFF, 0x00, 0x03, 0xFF, 0xFF, 0xC0, 0x00, 0xFF, 0xFF, 0xF0,
  0x00, 0x3F, 0xFF, 0xFC, 0x00, 0x0F, 0xFF, 0xFF, 0x00, 0x03, 0xFF, 0xFF,
  0xC0, 0x00, 0xFF, 0xFF, 0xF0, 0x00, 0x3F, 0xFF, 0xFC, 0x00, 0x0F, 0xFF,
  0xFF, 0x00, 0x03, 0xFF, 0xFF, 0xC0, 0x00, 0xFF, 0xFF, 0xF0, 0x00, 0x3F,
  0xFF, 0xFC, 0x00, 0x0F, 0xFF, 0xFF, 0x00, 0x03, 0xFF, 0xFF, 0xC0, 0x00,
  0xFF, 0xFF, 0xF0, 0x00, 0x3F, 0xFF, 0xFC, 0x00, 0x0F, 0xFF, 0xFF, 0x00,
  0x03, 0xFF, 0xFF, 0xC0, 0x00, 0xFF, 0xFF, 0xF0, 0x00, 0x3F, 0xFF, 0xFC,
  0x00, 0x0F, 0xFF, 0xFF, 0x00, 0x03, 0xFF, 0xFF, 0xC0, 0x00, 0xFF, 0xFF,
  0xF0, 0x00, 0x3F, 0xFF, 0xFF, 0xFF, 0xFF, 0xFF, 0xFF, 0xFF, 0xFF, 0xFF,
  0xFF, 0xFF, 0xFF, 0xFF, 0xFF, 0xFF, 0xFF, 0xFF, 0xFF, 0xFF, 0xFF, 0xFF,
  0xFF, 0xFF, 0xFF, 0xFF, 0xFF, 0x7F, 0xFF, 0xFF, 0xFF, 0x9F, 0xFF, 0xFF,
  0xFF, 0xE1, 0xFF, 0xFF, 0xFF, 0xE0, 0xFF, 0xFF, 0xFF, 0xFE, 0x3F, 0xFF,
  0xFF, 0xFF, 0xEF, 0xFF, 0xFF, 0xFF, 0xFB, 0xFF, 0xFF, 0xFF, 0xFF, 0xFF,
  0xFF, 0xFF, 0xFF, 0xFF, 0xFF, 0xFF, 0xFF, 0xFF, 0xFF, 0xFF, 0xFF, 0xFF,
  0xFF, 0xFF, 0xFF, 0xFF, 0xFF, 0xFF, 0xFF, 0xFF, 0xFF, 0xF0, 0x00, 0x3F,
  0xFF, 0xFC, 0x00, 0x0F, 0xFF, 0xFF, 0x00, 0x03, 0xFF, 0xFF, 0xC0, 0x00,
  0xFF, 0xFF, 0xF0, 0x00, 0x3F, 0xFF, 0xFC, 0x00, 0x0F, 0xFF, 0xFF, 0x00,
  0x03, 0xFF, 0xFF, 0xC0, 0x00, 0xFF, 0xFF, 0xF0, 0x00, 0x3F, 0xFF, 0xFC,
  0x00, 0x0F, 0xFF, 0xFF, 0x00, 0x03, 0xFF, 0xFF, 0xC0, 0x00, 0xFF, 0xFF,
  0xF0, 0x00, 0x3F, 0xFF, 0xFC, 0x00, 0x0F, 0xFF, 0xFF, 0x00, 0x03, 0xFF,
  0xFF, 0xC0, 0x00, 0xFF, 0xFF, 0xF0, 0x00, 0x3F, 0xFF, 0xFC, 0x00, 0x0F,
  0xFF, 0xFF, 0x00, 0x03, 0xFF, 0xFF, 0xC0, 0x00, 0xFF, 0xFF, 0xF0, 0x00,
  0x3F, 0xFF, 0xFC, 0x00, 0x0F, 0xFF, 0xFF, 0x00, 0x03, 0xFF, 0xFF, 0xC0,
  0x00, 0xFF, 0xFF, 0xF0, 0x00, 0x3F, 0xFF, 0xFF, 0xFF, 0xFF, 0xFF, 0xFF,
  0xFF, 0xFF, 0xFF, 0xFF, 0xFF, 0xFF, 0xFF, 0xFF, 0xFF, 0xFF, 0xFF, 0xFF,
  0xFF, 0xFF, 0xFF, 0xFF, 0xFF, 0xFF, 0xFF, 0xFF, 0xFF, 0xFF, 0xFF, 0xFF,
  0xBF, 0xFF, 0xFF, 0xFF, 0xEF, 0xFF, 0xFF, 0xFF, 0xE3, 0xFF, 0x00, 0x00,
  0x00, 0xFF, 0xC0, 0x00, 0x00, 0x3F, 0xF0, 0x00, 0x00, 0x0F, 0xFC, 0x00,
  0x00, 0x03, 0xFF, 0x00, 0x00, 0x00, 0xFF, 0xC0, 0x00, 0x00, 0x3F, 0xF0,
  0x00, 0x00, 0x0F, 0xFC, 0x00, 0x00, 0x03, 0xFF, 0x00, 0x00, 0x00, 0xFF,
  0xC0, 0x00, 0x00, 0x3F, 0xF0, 0x00, 0x00, 0x0F, 0xFC, 0x00, 0x00, 0x03,
  0xFF, 0x00, 0x00, 0x00, 0xFF, 0xC0, 0x00, 0x00, 0x3F, 0xF0, 0x00, 0x00,
  0x0F, 0xFC, 0x00, 0x00, 0x03, 0xFF, 0x00, 0x00, 0x00, 0xFF, 0xC0, 0x00,
  0x00, 0x3F, 0xF0, 0x00, 0x00, 0x0F, 0xFC, 0x00, 0x00, 0x03, 0xFF, 0x00,
  0x00, 0x00, 0xFF, 0xC0, 0x00, 0x00, 0x3F, 0xF0, 0x00, 0x00, 0x0F, 0xFC,
  0x00, 0x00, 0x00, 0x1F, 0xFF, 0xFF, 0xFE, 0x00, 0xFF, 0xFF, 0xFF, 0xFF,
  0x01, 0xFF, 0xFF, 0xFF, 0xFE, 0x07, 0xFF, 0xFF, 0xFF, 0xFE, 0x0F, 0xFF,
  0xFF, 0xFF, 0xFC, 0x1F, 0xFF, 0xFF, 0xFF, 0xF8, 0x3F, 0xFF, 0xFF, 0xFF,
  0xF0, 0x7F, 0xFF, 0xFF, 0xFF, 0xE0, 0xFF, 0xFF, 0xFF, 0xFF, 0xC1, 0xFF,
  0x80, 0x01, 0xFF, 0x83, 0xFF, 0x00, 0x03, 0xFF, 0x07, 0xFE, 0x00, 0x07,
  0xFE, 0x0F, 0xFC, 0x00, 0x0F, 0xFC, 0x1F, 0xF8, 0x00, 0x1F, 0xF8, 0x3F,
  0xF0, 0x00, 0x3F, 0xF0, 0x7F, 0xE0, 0x00, 0x7F, 0xE0, 0xFF, 0xC0, 0x00,
  0xFF, 0xC1, 0xFF, 0x80, 0x01, 0xFF, 0x83, 0xFF, 0x00, 0x03, 0xFF, 0x07,
  0xFE, 0x00, 0x07, 0xFE, 0x0F, 0xFC, 0x00, 0x0F, 0xFC, 0x1F, 0xF8, 0x00,
  0x1F, 0xF8, 0x3F, 0xF0, 0x00, 0x3F, 0xF0, 0x7F, 0xE0, 0x00, 0x7F, 0xE0,
  0xFF, 0xC0, 0x00, 0xFF, 0xC1, 0xFF, 0x80, 0x01, 0xFF, 0x83, 0xFF, 0x00,
  0x03, 0xFF, 0x07, 0xFE, 0x00, 0x07, 0xFE, 0x0F, 0xFC, 0x00, 0x0F, 0xFC,
  0x1F, 0xF8, 0x00, 0x1F, 0xF8, 0x3F, 0xF0, 0x00, 0x3F, 0xF0, 0x7F, 0xE0,
  0x00, 0x7F, 0xE0, 0xFF, 0xC0, 0x00, 0xFF, 0xC1, 0xFF, 0x80, 0x01, 0xFF,
  0x83, 0xFF, 0x00, 0x03, 0xFF, 0x07, 0xFE, 0x00, 0x07, 0xFE, 0x0F, 0xFC,
  0x00, 0x0F, 0xFC, 0x1F, 0xF8, 0x00, 0x1F, 0xF8, 0x3F, 0xF0, 0x00, 0x3F,
  0xF0, 0x7F, 0xE0, 0x00, 0x7F, 0xE0, 0xFF, 0xC0, 0x00, 0xFF, 0xC1, 0xFF,
  0x80, 0x01, 0xFF, 0x83, 0xFF, 0x00, 0x83, 0xFF, 0x07, 0xFE, 0x01, 0xC7,
  0xFE, 0x0F, 0xFC, 0x03, 0xCF, 0xFC, 0x1F, 0xF8, 0x07, 0xDF, 0xF8, 0x3F,
  0xF0, 0x0F, 0xFF, 0xF0, 0x7F, 0xE0, 0x1F, 0xFF, 0xE0, 0xFF, 0xC0, 0x3F,
  0xFF, 0xC1, 0xFF, 0x80, 0x7F, 0xFF, 0x83, 0xFF, 0x00, 0xFF, 0xFF, 0x07,
  0xFE, 0x00, 0xFF, 0xFE, 0x0F, 0xFC, 0x00, 0xFF, 0xFC, 0x1F, 0xF8, 0x00,
  0xFF, 0xF8, 0x3F, 0xF0, 0x00, 0x7F, 0xF0, 0x7F, 0xE0, 0x00, 0x7F, 0xF0,
  0xFF, 0xC0, 0x00, 0xFF, 0xF9, 0xFF, 0x80, 0x01, 0xFF, 0xFB, 0xFF, 0xFF,
  0xFF, 0xFF, 0xFF, 0xFF, 0xFF, 0xFF, 0xFF, 0xFF, 0xFF, 0xFF, 0xFF, 0xFF,
  0xFF, 0xFF, 0xFF, 0xFF, 0xFF, 0xFF, 0xFF, 0xFF, 0xFF, 0xFF, 0xFF, 0xFF,
  0xFF, 0xFF, 0xFF, 0x7F, 0xFF, 0xFF, 0xFF, 0x9E, 0xFF, 0xFF, 0xFF, 0xFE,
  0x1C, 0x7F, 0xFF, 0xFF, 0xF8, 0x08, 0xFF, 0xFF, 0xFF, 0xFE, 0x0F, 0xFF,
  0xFF, 0xFF, 0xF8, 0xFF, 0xFF, 0xFF, 0xFF, 0x8F, 0xFF, 0xFF, 0xFF, 0xFC,
  0xFF, 0xFF, 0xFF, 0xFF, 0xCF, 0xFF, 0xFF, 0xFF, 0xFC, 0xFF, 0xFF, 0xFF,
  0xFF, 0xCF, 0xFF, 0xFF, 0xFF, 0xFC, 0xFF, 0xFF, 0xFF, 0xFF, 0xCF, 0xFC,
  0x00, 0x0F, 0xFC, 0xFF, 0xC0, 0x00, 0xFF, 0xCF, 0xFC, 0x00, 0x0F, 0xFC,
  0xFF, 0xC0, 0x00, 0xFF, 0xCF, 0xFC, 0x00, 0x0F, 0xFC, 0xFF, 0xC0, 0x00,
  0xFF, 0xCF, 0xFC, 0x00, 0x0F, 0xFC, 0xFF, 0xC0, 0x00, 0xFF, 0xCF, 0xFC,
  0x00, 0x0F, 0xFC, 0xFF, 0xC0, 0x00, 0xFF, 0xCF, 0xFC, 0x00, 0x0F, 0xFC,
  0xFF, 0xC0, 0x00, 0xFF, 0xCF, 0xFC, 0x00, 0x0F, 0xFC, 0xFF, 0xC0, 0x00,
  0xFF, 0xCF, 0xFC, 0x00, 0x0F, 0xFC, 0xFF, 0xC0, 0x00, 0xFF, 0xCF, 0xFC,
  0x00, 0x0F, 0xFC, 0xFF, 0xC0, 0x00, 0xFF, 0xCF, 0xFC, 0x00, 0x0F, 0xFC,
  0xFF, 0xC0, 0x00, 0xFF, 0xCF, 0xFC, 0x00, 0x0F, 0xFC, 0xFF, 0xC7, 0xFF,
  0xFF, 0xCF, 0xFC, 0x7F, 0xFF, 0xFC, 0xFF, 0xC7, 0xFF, 0xFF, 0xCF, 0xFC,
  0x7F, 0xFF, 0xF8, 0xFF, 0xC7, 0xFF, 0xFF, 0x8F, 0xFC, 0x7F, 0xFF, 0xE0,
  0xFF, 0xC7, 0xFF, 0x00, 0x0F, 0xFC, 0x3F, 0xF8, 0x00, 0xFF, 0xC3, 0xFF,
  0x80, 0x0F, 0xFC, 0x3F, 0xFC, 0x00, 0xFF, 0xC1, 0xFF, 0xC0, 0x0F, 0xFC,
  0x1F, 0xFC, 0x00, 0xFF, 0xC0, 0xFF, 0xE0, 0x0F, 0xFC, 0x0F, 0xFE, 0x00,
  0xFF, 0xC0, 0x7F, 0xE0, 0x0F, 0xFC, 0x07, 0xFF, 0x00, 0xFF, 0xC0, 0x7F,
  0xF0, 0x0F, 0xFC, 0x03, 0xFF, 0x80, 0xFF, 0xC0, 0x3F, 0xF8, 0x0F, 0xFC,
  0x01, 0xFF, 0x80, 0xFF, 0xC0, 0x1F, 0xFC, 0x0F, 0xFC, 0x01, 0xFF, 0xC0,
  0xFF, 0xC0, 0x0F, 0xFC, 0x0F, 0xFC, 0x00, 0xFF, 0xE0, 0xFF, 0xC0, 0x07,
  0xFE, 0x0F, 0xFC, 0x00, 0x7F, 0xF0, 0xFF, 0xC0, 0x03, 0xFF, 0x0F, 0xFC,
  0x00, 0x3F, 0xF0, 0xFF, 0xC0, 0x03, 0xFF, 0x8F, 0xFC, 0x00, 0x1F, 0xF8,
  0xFF, 0xC0, 0x01, 0xFF, 0xCF, 0xFC, 0x00, 0x0F, 0xFC, 0xFF, 0xC0, 0x00,
  0xFF, 0xCF, 0xFC, 0x00, 0x07, 0xFE, 0xFF, 0xC0, 0x00, 0x7F, 0xEF, 0xFC,
  0x00, 0x07, 0xFE, 0xFF, 0xC0, 0x00, 0x3F, 0xF0, 0x1F, 0xFF, 0xFF, 0xFE,
  0x1F, 0xFF, 0xFF, 0xFF, 0xE7, 0xFF, 0xFF, 0xFF, 0xFB, 0xFF, 0xFF, 0xFF,
  0xFF, 0xFF, 0xFF, 0xFF, 0xFF, 0xFF, 0xFF, 0xFF, 0xFF, 0xFF, 0xFF, 0xFF,
  0xFF, 0xFF, 0xFF, 0xFF, 0xFF, 0xFF, 0xFF, 0xFF, 0xFF, 0xFF, 0xFF, 0xF0,
  0x00, 0x3F, 0xFF, 0xFC, 0x00, 0x0F, 0xFF, 0xFF, 0x00, 0x03, 0xFF, 0xFF,
  0xC0, 0x00, 0xFF, 0xFF, 0xF0, 0x00, 0x3F, 0xFF, 0xFC, 0x00, 0x0F, 0xFF,
  0xFF, 0x00, 0x03, 0xFF, 0xFF, 0xC0, 0x00, 0xFF, 0xFF, 0xF0, 0x00, 0x3F,
  0xFF, 0xFC, 0x00, 0x0F, 0xFF, 0xFF, 0x00, 0x03, 0xFF, 0xFF, 0xC0, 0x00,
  0xFF, 0xFF, 0xF8, 0x00, 0x00, 0x0F, 0xFF, 0x00, 0x00, 0x03, 0xFF, 0xE0,
  0x00, 0x00, 0x7F, 0xFE, 0x00, 0x00, 0x0F, 0xFF, 0xC0, 0x00, 0x01, 0xFF,
  0xF8, 0x00, 0x00, 0x3F, 0xFF, 0x00, 0x00, 0x07, 0xFF, 0xE0, 0x00, 0x00,
  0xFF, 0xFC, 0x00, 0x00, 0x1F, 0xFF, 0xC0, 0x00, 0x01, 0xFF, 0xF8, 0x00,
  0x00, 0x3F, 0xFF, 0x00, 0x00, 0x07, 0xFF, 0xE0, 0x00, 0x00, 0xFF, 0xFC,
  0x00, 0x00, 0x1F, 0xFF, 0x80, 0x00, 0x03, 0xFF, 0xF0, 0x00, 0x00, 0x7F,
  0xFF, 0x00, 0x00, 0x07, 0xFF, 0xE0, 0x00, 0x00, 0xFF, 0xFC, 0x00, 0x00,
  0x1F, 0xFF, 0x80, 0x00, 0x03, 0xFF, 0xE0, 0x00, 0x00, 0x7F, 0xFC, 0x00,
  0x00, 0x0F, 0xFF, 0x00, 0x00, 0x01, 0xFF, 0xFF, 0xF0, 0x00, 0x3F, 0xFF,
  0xFC, 0x00, 0x0F, 0xFF, 0xFF, 0x00, 0x03, 0xFF, 0xFF, 0xC0, 0x00, 0xFF,
  0xFF, 0xF0, 0x00, 0x3F, 0xFF, 0xFC, 0x00, 0x0F, 0xFF, 0xFF, 0x00, 0x03,
  0xFF, 0xFF, 0xC0, 0x00, 0xFF, 0xFF, 0xF0, 0x00, 0x3F, 0xFF, 0xFC, 0x00,
  0x0F, 0xFF, 0xFF, 0x00, 0x03, 0xFF, 0xFF, 0xC0, 0x00, 0xFF, 0xFF, 0xF0,
  0x00, 0x3F, 0xFF, 0xFF, 0xFF, 0xFF, 0xFF, 0xFF, 0xFF, 0xFF, 0xFF, 0xFF,
  0xFF, 0xFF, 0xFF, 0xFF, 0xFF, 0xFF, 0xFF, 0xFF, 0xFF, 0xFF, 0xFF, 0xFF,
  0xFF, 0xFF, 0xFF, 0xFF, 0x7F, 0xFF, 0xFF, 0xFF, 0x9F, 0xFF, 0xFF, 0xFF,
  0xE1, 0xFF, 0xFF, 0xFF, 0xE0, 0xFF, 0xFF, 0xFF, 0xFF, 0xFF, 0xFF, 0xFF,
  0xFF, 0xFF, 0xFF, 0xFF, 0xFF, 0xFF, 0xFF, 0xFF, 0xFF, 0xFF, 0xFF, 0xFF,
  0xFF, 0xFF, 0xFF, 0xFF, 0xFF, 0xFF, 0xFF, 0xFF, 0xFF, 0xFF, 0xFF, 0xFF,
  0xFF, 0xFF, 0xFF, 0xFF, 0xFF, 0x00, 0x1F, 0xF8, 0x00, 0x00, 0x1F, 0xF8,
  0x00, 0x00, 0x1F, 0xF8, 0x00, 0x00, 0x1F, 0xF8, 0x00, 0x00, 0x1F, 0xF8,
  0x00, 0x00, 0x1F, 0xF8, 0x00, 0x00, 0x1F, 0xF8, 0x00, 0x00, 0x1F, 0xF8,
  0x00, 0x00, 0x1F, 0xF8, 0x00, 0x00, 0x1F, 0xF8, 0x00, 0x00, 0x1F, 0xF8,
  0x00, 0x00, 0x1F, 0xF8, 0x00, 0x00, 0x1F, 0xF8, 0x00, 0x00, 0x1F, 0xF8,
  0x00, 0x00, 0x1F, 0xF8, 0x00, 0x00, 0x1F, 0xF8, 0x00, 0x00, 0x1F, 0xF8,
  0x00, 0x00, 0x1F, 0xF8, 0x00, 0x00, 0x1F, 0xF8, 0x00, 0x00, 0x1F, 0xF8,
  0x00, 0x00, 0x1F, 0xF8, 0x00, 0x00, 0x1F, 0xF8, 0x00, 0x00, 0x1F, 0xF8,
  0x00, 0x00, 0x1F, 0xF8, 0x00, 0x00, 0x1F, 0xF8, 0x00, 0x00, 0x1F, 0xF8,
  0x00, 0x00, 0x1F, 0xF8, 0x00, 0x00, 0x1F, 0xF8, 0x00, 0x00, 0x1F, 0xF8,
  0x00, 0x00, 0x1F, 0xF8, 0x00, 0x00, 0x1F, 0xF8, 0x00, 0x00, 0x1F, 0xF8,
  0x00, 0x00, 0x1F, 0xF8, 0x00, 0x00, 0x1F, 0xF8, 0x00, 0x00, 0x1F, 0xF8,
  0x00, 0x00, 0x1F, 0xF8, 0x00, 0x00, 0x1F, 0xF8, 0x00, 0x00, 0x1F, 0xF8,
  0x00, 0x00, 0x1F, 0xF8, 0x00, 0x00, 0x1F, 0xF8, 0x00, 0x00, 0x1F, 0xF8,
  0x00, 0x00, 0x1F, 0xF8, 0x00, 0x00, 0x1F, 0xF8, 0x00, 0x00, 0x1F, 0xF8,
  0x00, 0x00, 0x1F, 0xF8, 0x00, 0x00, 0x1F, 0xF8, 0x00, 0x00, 0x1F, 0xF8,
  0x00, 0x00, 0x1F, 0xF8, 0x00, 0x00, 0x1F, 0xF8, 0x00, 0x00, 0x1F, 0xF8,
  0x00, 0x00, 0x1F, 0xF8, 0x00, 0x00, 0x1F, 0xF8, 0x00, 0x00, 0x1F, 0xF8,
  0x00, 0x00, 0x1F, 0xF8, 0x00, 0x00, 0x1F, 0xF8, 0x00, 0x00, 0x1F, 0xF8,
  0x00, 0x00, 0x1F, 0xF8, 0x00, 0x00, 0x1F, 0xF8, 0x00, 0xFF, 0xC0, 0x00,
  0xFF, 0xFF, 0xF0, 0x00, 0x3F, 0xFF, 0xFC, 0x00, 0x0F, 0xFF, 0xFF, 0x00,
  0x03, 0xFF, 0xFF, 0xC0, 0x00, 0xFF, 0xFF, 0xF0, 0x00, 0x3F, 0xFF, 0xFC,
  0x00, 0x0F, 0xFF, 0xFF, 0x00, 0x03, 0xFF, 0xFF, 0xC0, 0x00, 0xFF, 0xFF,
  0xF0, 0x00, 0x3F, 0xFF, 0xFC, 0x00, 0x0F, 0xFF, 0xFF, 0x00, 0x03, 0xFF,
  0xFF, 0xC0, 0x00, 0xFF, 0xFF, 0xF0, 0x00, 0x3F, 0xFF, 0xFC, 0x00, 0x0F,
  0xFF, 0xFF, 0x00, 0x03, 0xFF, 0xFF, 0xC0, 0x00, 0xFF, 0xFF, 0xF0, 0x00,
  0x3F, 0xFF, 0xFC, 0x00, 0x0F, 0xFF, 0xFF, 0x00, 0x03, 0xFF, 0xFF, 0xC0,
  0x00, 0xFF, 0xFF, 0xF0, 0x00, 0x3F, 0xFF, 0xFC, 0x00, 0x0F, 0xFF, 0xFF,
  0x00, 0x03, 0xFF, 0xFF, 0xC0, 0x00, 0xFF, 0xFF, 0xF0, 0x00, 0x3F, 0xFF,
  0xFC, 0x00, 0x0F, 0xFF, 0xFF, 0x00, 0x03, 0xFF, 0xFF, 0xC0, 0x00, 0xFF,
  0xFF, 0xF0, 0x00, 0x3F, 0xFF, 0xFC, 0x00, 0x0F, 0xFF, 0xFF, 0x00, 0x03,
  0xFF, 0xFF, 0xC0, 0x00, 0xFF, 0xFF, 0xF0, 0x00, 0x3F, 0xFF, 0xFC, 0x00,
  0x0F, 0xFF, 0xFF, 0x00, 0x03, 0xFF, 0xFF, 0xC0, 0x00, 0xFF, 0xFF, 0xF0,
  0x00, 0x3F, 0xFF, 0xFC, 0x00, 0x0F, 0xFF, 0xFF, 0x00, 0x03, 0xFF, 0xFF,
  0xC0, 0x00, 0xFF, 0xFF, 0xF0, 0x00, 0x3F, 0xFF, 0xFC, 0x00, 0x0F, 0xFF,
  0xFF, 0x00, 0x03, 0xFF, 0xFF, 0xC0, 0x00, 0xFF, 0xFF, 0xF0, 0x00, 0x3F,
  0xFF, 0xFC, 0x00, 0x0F, 0xFF, 0xFF, 0x00, 0x03, 0xFF, 0xFF, 0xC0, 0x00,
  0xFF, 0xFF, 0xF0, 0x00, 0x3F, 0xFF, 0xFC, 0x00, 0x0F, 0xFF, 0xFF, 0x00,
  0x03, 0xFF, 0xFF, 0xC0, 0x00, 0xFF, 0xFF, 0xF0, 0x00, 0x3F, 0xFF, 0xFC,
  0x00, 0x0F, 0xFF, 0xFF, 0x00, 0x03, 0xFF, 0xFF, 0xC0, 0x00, 0xFF, 0xFF,
  0xF0, 0x00, 0x3F, 0xFF, 0xFF, 0xFF, 0xFF, 0xFF, 0xFF, 0xFF, 0xFF, 0xFF,
  0xFF, 0xFF, 0xFF, 0xFF, 0xFF, 0xFF, 0xFF, 0xFF, 0xFF, 0xFF, 0xFF, 0xFF,
  0xFF, 0xFF, 0xFF, 0xFF, 0xFF, 0x7F, 0xFF, 0xFF, 0xFF, 0x9F, 0xFF, 0xFF,
  0xFF, 0xE1, 0xFF, 0xFF, 0xFF, 0xE0, 0xFF, 0xC0, 0x00, 0xFF, 0xFF, 0xF0,
  0x00, 0x3F, 0xFF, 0xFC, 0x00, 0x0F, 0xFD, 0xFF, 0x80, 0x07, 0xFE, 0x7F,
  0xE0, 0x01, 0xFF, 0x9F, 0xF8, 0x00, 0x7F, 0xE7, 0xFE, 0x00, 0x1F, 0xF9,
  0xFF, 0x80, 0x07, 0xFE, 0x3F, 0xE0, 0x01, 0xFF, 0x0F, 0xF8, 0x00, 0x7F,
  0xC3, 0xFF, 0x00, 0x3F, 0xF0, 0xFF, 0xC0, 0x0F, 0xFC, 0x3F, 0xF0, 0x03,
  0xFF, 0x0F, 0xFC, 0x00, 0xFF, 0xC1, 0xFF, 0x00, 0x3F, 0xE0, 0x7F, 0xC0,
  0x0F, 0xF8, 0x1F, 0xF0, 0x03, 0xFE, 0x07, 0xFE, 0x01, 0xFF, 0x81, 0xFF,
  0x80, 0x7F, 0xE0, 0x7F, 0xE0, 0x1F, 0xF8, 0x0F, 0xF8, 0x07, 0xFC, 0x03,
  0xFE, 0x01, 0xFF, 0x00, 0xFF, 0x80, 0x7F, 0xC0, 0x3F, 0xE0, 0x1F, 0xF0,
  0x0F, 0xFC, 0x0F, 0xFC, 0x01, 0xFF, 0x03, 0xFE, 0x00, 0x7F, 0xC0, 0xFF,
  0x80, 0x1F, 0xF0, 0x3F, 0xE0, 0x07, 0xFC, 0x0F, 0xF8, 0x01, 0xFF, 0x03,
  0xFE, 0x00, 0x7F, 0xE1, 0xFF, 0x80, 0x0F, 0xF8, 0x7F, 0xC0, 0x03, 0xFE,
  0x1F, 0xF0, 0x00, 0xFF, 0x87, 0xFC, 0x00, 0x3F, 0xE1, 0xFF, 0x00, 0x0F,
  0xF8, 0x7F, 0xC0, 0x01, 0xFE, 0x1F, 0xE0, 0x00, 0x7F, 0xCF, 0xF8, 0x00,
  0x1F, 0xF3, 0xFE, 0x00, 0x07, 0xFC, 0xFF, 0x80, 0x01, 0xFF, 0x3F, 0xE0,
  0x00, 0x7F, 0xCF, 0xF8, 0x00, 0x0F, 0xF3, 0xFC, 0x00, 0x03, 0xFC, 0xFF,
  0x00, 0x00, 0xFF, 0xFF, 0xC0, 0x00, 0x3F, 0xFF, 0xF0, 0x00, 0x0F, 0xFF,
  0xFC, 0x00, 0x01, 0xFF, 0xFF, 0x00, 0x00, 0x7F, 0xFF, 0x80, 0x00, 0x1F,
  0xFF, 0xE0, 0x00, 0x07, 0xFF, 0xF8, 0x00, 0x01, 0xFF, 0xFE, 0x00, 0x00,
  0x7F, 0xFF, 0x80, 0x00, 0x0F, 0xFF, 0xC0, 0x00, 0x03, 0xFF, 0xF0, 0x00,
  0x00, 0xFF, 0xFC, 0x00, 0x00, 0x3F, 0xFF, 0x00, 0x00, 0x0F, 0xFF, 0xC0,
  0x00, 0x03, 0xFF, 0xF0, 0x00, 0x00, 0x7F, 0xF8, 0x00, 0x00, 0x1F, 0xFE,
  0x00, 0x00, 0x07, 0xFF, 0x80, 0x00, 0x01, 0xFF, 0xE0, 0x00, 0x00, 0x7F,
  0xF8, 0x00, 0x00, 0x0F, 0xFC, 0x00, 0x00, 0x03, 0xFF, 0x00, 0x00, 0x00,
  0xFF, 0xC0, 0x00, 0xFF, 0xC0, 0x03, 0xFC, 0x00, 0x3F, 0xFF, 0xFC, 0x00,
  0x3F, 0xC0, 0x03, 0xFF, 0xFF, 0xC0, 0x03, 0xFC, 0x00, 0x3F, 0xF7, 0xFC,
  0x00, 0x3F, 0xC0, 0x03, 0xFE, 0x7F, 0xE0, 0x07, 0xFE, 0x00, 0x7F, 0xE7,
  0xFE, 0x00, 0x7F, 0xE0, 0x07, 0xFE, 0x7F, 0xE0, 0x07, 0xFE, 0x00, 0x7F,
  0xE7, 0xFE, 0x00, 0x7F, 0xE0, 0x07, 0xFE, 0x7F, 0xE0, 0x07, 0xFE, 0x00,
  0x7F, 0xE7, 0xFE, 0x00, 0x7F, 0xE0, 0x07, 0xFE, 0x3F, 0xE0, 0x07, 0xFE,
  0x00, 0x7F, 0xC3, 0xFF, 0x00, 0xFF, 0xF0, 0x0F, 0xFC, 0x3F, 0xF0, 0x0F,
  0xFF, 0x00, 0xFF, 0xC3, 0xFF, 0x00, 0xFF, 0xF0, 0x0F, 0xFC, 0x3F, 0xF0,
  0x0F, 0xFF, 0x00, 0xFF, 0xC3, 0xFF, 0x00, 0xFF, 0xF0, 0x0F, 0xFC, 0x3F,
  0xF0, 0x0F, 0xFF, 0x00, 0xFF, 0xC1, 0xFF, 0x00, 0xFF, 0xF0, 0x0F, 0xF8,
  0x1F, 0xF8, 0x1F, 0xFF, 0x81, 0xFF, 0x81, 0xFF, 0x81, 0xFF, 0xF8, 0x1F,
  0xF8, 0x1F, 0xF8, 0x1F, 0xFF, 0x81, 0xFF, 0x81, 0xFF, 0x81, 0xFF, 0xF8,
  0x1F, 0xF8, 0x1F, 0xF8, 0x1F, 0xFF, 0x81, 0xFF, 0x80, 0xFF, 0x81, 0xFF,
  0xF8, 0x1F, 0xF8, 0x0F, 0xF8, 0x1F, 0xFF, 0x81, 0xFF, 0x00, 0xFF, 0xC3,
  0xFF, 0xFC, 0x3F, 0xF0, 0x0F, 0xFC, 0x3F, 0xFF, 0xC3, 0xFF, 0x00, 0xFF,
  0xC3, 0xFF, 0xFC, 0x3F, 0xF0, 0x0F, 0xFC, 0x3F, 0xFF, 0xC3, 0xFF, 0x00,
  0xFF, 0xC3, 0xFD, 0xFC, 0x3F, 0xF0, 0x07, 0xFC, 0x3F, 0x9F, 0xC3, 0xFE,
  0x00, 0x7F, 0xC3, 0xF9, 0xFC, 0x3F, 0xE0, 0x07, 0xFC, 0x7F, 0x9F, 0xC7,
  0xFE, 0x00, 0x7F, 0xE7, 0xF9, 0xFE, 0x7F, 0xE0, 0x07, 0xFE, 0x7F, 0x9F,
  0xE7, 0xFE, 0x00, 0x7F, 0xE7, 0xF9, 0xFE, 0x7F, 0xE0, 0x07, 0xFE, 0x7F,
  0x0F, 0xE7, 0xFE, 0x00, 0x3F, 0xE7, 0xF0, 0xFE, 0x7F, 0xC0, 0x03, 0xFE,
  0x7F, 0x0F, 0xE7, 0xFC, 0x00, 0x3F, 0xE7, 0xF0, 0xFE, 0x7F, 0xC0, 0x03,
  0xFF, 0xFF, 0x0F, 0xFF, 0xFC, 0x00, 0x3F, 0xFF, 0xF0, 0xFF, 0xFF, 0xC0,
  0x03, 0xFF, 0xFF, 0x0F, 0xFF, 0xFC, 0x00, 0x3F, 0xFF, 0xE0, 0x7F, 0xFF,
  0xC0, 0x01, 0xFF, 0xFE, 0x07, 0xFF, 0xF8, 0x00, 0x1F, 0xFF, 0xE0, 0x7F,
  0xFF, 0x80, 0x01, 0xFF, 0xFE, 0x07, 0xFF, 0xF8, 0x00, 0x1F, 0xFF, 0xE0,
  0x7F, 0xFF, 0x80, 0x01, 0xFF, 0xFE, 0x07, 0xFF, 0xF8, 0x00, 0x1F, 0xFF,
  0xE0, 0x7F, 0xFF, 0x80, 0x00, 0xFF, 0xFC, 0x03, 0xFF, 0xF0, 0x00, 0x0F,
  0xFF, 0xC0, 0x3F, 0xFF, 0x00, 0x00, 0xFF, 0xFC, 0x03, 0xFF, 0xF0, 0x00,
  0x0F, 0xFF, 0xC0, 0x3F, 0xFF, 0x00, 0x00, 0xFF, 0xFC, 0x03, 0xFF, 0xF0,
  0x00, 0x0F, 0xFF, 0xC0, 0x3F, 0xFF, 0x00, 0x00, 0xFF, 0xFC, 0x03, 0xFF,
  0xF0, 0x00, 0x07, 0xFF, 0x80, 0x1F, 0xFE, 0x00, 0x00, 0x7F, 0xF8, 0x01,
  0xFF, 0xE0, 0x00, 0x07, 0xFF, 0x80, 0x1F, 0xFE, 0x00, 0x00, 0x7F, 0xF8,
  0x01, 0xFF, 0xE0, 0x00, 0x07, 0xFF, 0x80, 0x1F, 0xFE, 0x00, 0x00, 0x7F,
  0xF8, 0x01, 0xFF, 0xE0, 0x00, 0x07, 0xFF, 0x80, 0x1F, 0xFE, 0x00, 0x00,
  0x3F, 0xF0, 0x00, 0xFF, 0xC0, 0x00, 0x03, 0xFF, 0x00, 0x0F, 0xFC, 0x00,
  0x00, 0x3F, 0xF0, 0x00, 0xFF, 0xC0, 0x00, 0x7F, 0xE0, 0x00, 0x3F, 0xF3,
  0xFF, 0x80, 0x03, 0xFF, 0x8F, 0xFC, 0x00, 0x1F, 0xF8, 0x7F, 0xE0, 0x00,
  0xFF, 0xC1, 0xFF, 0x80, 0x0F, 0xFE, 0x0F, 0xFC, 0x00, 0x7F, 0xE0, 0x7F,
  0xE0, 0x03, 0xFF, 0x01, 0xFF, 0x80, 0x3F, 0xF0, 0x0F, 0xFC, 0x01, 0xFF,
  0x80, 0x7F, 0xE0, 0x0F, 0xFC, 0x01, 0xFF, 0x80, 0xFF, 0xC0, 0x0F, 0xFC,
  0x07, 0xFE, 0x00, 0x7F, 0xE0, 0x3F, 0xF0, 0x01, 0xFF, 0x83, 0xFF, 0x00,
  0x0F, 0xFC, 0x1F, 0xF8, 0x00, 0x3F, 0xE0, 0xFF, 0xC0, 0x01, 0xFF, 0x8F,
  0xFC, 0x00, 0x0F, 0xFC, 0x7F, 0xE0, 0x00, 0x3F, 0xE3, 0xFE, 0x00, 0x01,
  0xFF, 0xBF, 0xF0, 0x00, 0x0F, 0xFD, 0xFF, 0x80, 0x00, 0x3F, 0xEF, 0xF8,
  0x00, 0x01, 0xFF, 0xFF, 0xC0, 0x00, 0x0F, 0xFF, 0xFE, 0x00, 0x00, 0x3F,
  0xFF, 0xE0, 0x00, 0x01, 0xFF, 0xFF, 0x00, 0x00, 0x07, 0xFF, 0xF0, 0x00,
  0x00, 0x3F, 0xFF, 0x80, 0x00, 0x01, 0xFF, 0xFC, 0x00, 0x00, 0x07, 0xFF,
  0xC0, 0x00, 0x00, 0x3F, 0xFE, 0x00, 0x00, 0x01, 0xFF, 0xF0, 0x00, 0x00,
  0x07, 0xFF, 0x00, 0x00, 0x00, 0x7F, 0xFC, 0x00, 0x00, 0x03, 0xFF, 0xE0,
  0x00, 0x00, 0x1F, 0xFF, 0x00, 0x00, 0x01, 0xFF, 0xFC, 0x00, 0x00, 0x0F,
  0xFF, 0xE0, 0x00, 0x00, 0x7F, 0xFF, 0x80, 0x00, 0x07, 0xFF, 0xFC, 0x00,
  0x00, 0x3F, 0xFF, 0xE0, 0x00, 0x03, 0xFF, 0xFF, 0x80, 0x00, 0x1F, 0xFF,
  0xFC, 0x00, 0x00, 0xFF, 0xBF, 0xE0, 0x00, 0x0F, 0xFD, 0xFF, 0x80, 0x00,
  0x7F, 0xEF, 0xFC, 0x00, 0x03, 0xFE, 0x3F, 0xE0, 0x00, 0x3F, 0xF1, 0xFF,
  0x80, 0x01, 0xFF, 0x8F, 0xFC, 0x00, 0x1F, 0xF8, 0x3F, 0xF0, 0x00, 0xFF,
  0xC1, 0xFF, 0x80, 0x07, 0xFE, 0x0F, 0xFC, 0x00, 0x7F, 0xE0, 0x3F, 0xF0,
  0x03, 0xFF, 0x01, 0xFF, 0x80, 0x1F, 0xF8, 0x0F, 0xFC, 0x01, 0xFF, 0x80,
  0x3F, 0xF0, 0x0F, 0xFC, 0x01, 0xFF, 0x80, 0xFF, 0xC0, 0x07, 0xFE, 0x07,
  0xFE, 0x00, 0x3F, 0xF0, 0x3F, 0xF0, 0x01, 0xFF, 0x83, 0xFF, 0x00, 0x07,
  0xFE, 0x1F, 0xF8, 0x00, 0x3F, 0xF0, 0xFF, 0xC0, 0x01, 0xFF, 0x8F, 0xFC,
  0x00, 0x07, 0xFE, 0x7F, 0xE0, 0x00, 0x3F, 0xF7, 0xFF, 0x00, 0x01, 0xFF,
  0xBF, 0xF0, 0x00, 0x07, 0xFE, 0xFF, 0xC0, 0x00, 0x3F, 0xFF, 0xFC, 0x00,
  0x03, 0xFF, 0x7F, 0xE0, 0x00, 0x7F, 0xE7, 0xFE, 0x00, 0x07, 0xFE, 0x7F,
  0xE0, 0x00, 0x7F, 0xE3, 0xFF, 0x00, 0x0F, 0xFC, 0x3F, 0xF0, 0x00, 0xFF,
  0xC3, 0xFF, 0x00, 0x0F, 0xFC, 0x1F, 0xF0, 0x00, 0xFF, 0x81, 0xFF, 0x80,
  0x1F, 0xF8, 0x1F, 0xF8, 0x01, 0xFF, 0x81, 0xFF, 0x80, 0x1F, 0xF8, 0x0F,
  0xF8, 0x01, 0xFF, 0x00, 0xFF, 0xC0, 0x3F, 0xF0, 0x0F, 0xFC, 0x03, 0xFF,
  0x00, 0x7F, 0xC0, 0x3F, 0xE0, 0x07, 0xFE, 0x07, 0xFE, 0x00, 0x7F, 0xE0,
  0x7F, 0xE0, 0x03, 0xFE, 0x07, 0xFC, 0x00, 0x3F, 0xE0, 0x7F, 0xC0, 0x03,
  0xFF, 0x0F, 0xFC, 0x00, 0x1F, 0xF0, 0xFF, 0x80, 0x01, 0xFF, 0x0F, 0xF8,
  0x00, 0x1F, 0xF8, 0xFF, 0x80, 0x01, 0xFF, 0x9F, 0xF8, 0x00, 0x0F, 0xF9,
  0xFF, 0x00, 0x00, 0xFF, 0x9F, 0xF0, 0x00, 0x0F, 0xFF, 0xFF, 0x00, 0x00,
  0x7F, 0xFF, 0xE0, 0x00, 0x07, 0xFF, 0xFE, 0x00, 0x00, 0x7F, 0xFF, 0xE0,
  0x00, 0x03, 0xFF, 0xFC, 0x00, 0x00, 0x3F, 0xFF, 0xC0, 0x00, 0x03, 0xFF,
  0xFC, 0x00, 0x00, 0x1F, 0xFF, 0x80, 0x00, 0x01, 0xFF, 0xF8, 0x00, 0x00,
  0x1F, 0xFF, 0x80, 0x00, 0x00, 0xFF, 0xF0, 0x00, 0x00, 0x0F, 0xFF, 0x00,
  0x00, 0x00, 0xFF, 0xF0, 0x00, 0x00, 0x07, 0xFF, 0x00, 0x00, 0x00, 0x7F,
  0xE0, 0x00, 0x00, 0x07, 0xFE, 0x00, 0x00, 0x00, 0x7F, 0xE0, 0x00, 0x00,
  0x07, 0xFE, 0x00, 0x00, 0x00, 0x7F, 0xE0, 0x00, 0x00, 0x07, 0xFE, 0x00,
  0x00, 0x00, 0x7F, 0xE0, 0x00, 0x00, 0x07, 0xFE, 0x00, 0x00, 0x00, 0x7F,
  0xE0, 0x00, 0x00, 0x07, 0xFE, 0x00, 0x00, 0x00, 0x7F, 0xE0, 0x00, 0x00,
  0x07, 0xFE, 0x00, 0x00, 0x00, 0x7F, 0xE0, 0x00, 0x00, 0x07, 0xFE, 0x00,
  0x00, 0x00, 0x7F, 0xE0, 0x00, 0x00, 0x07, 0xFE, 0x00, 0x00, 0x00, 0x7F,
  0xE0, 0x00, 0x00, 0x07, 0xFE, 0x00, 0x00, 0x00, 0x7F, 0xE0, 0x00, 0x00,
  0x07, 0xFE, 0x00, 0x00, 0x00, 0x7F, 0xE0, 0x00, 0x00, 0x07, 0xFE, 0x00,
  0x00, 0x00, 0x7F, 0xE0, 0x00, 0x00, 0x07, 0xFE, 0x00, 0x00, 0x00, 0x7F,
  0xE0, 0x00, 0x00, 0x07, 0xFE, 0x00, 0x00, 0x3F, 0xFF, 0xFF, 0xFE, 0x7F,
  0xFF, 0xFF, 0xFC, 0xFF, 0xFF, 0xFF, 0xF9, 0xFF, 0xFF, 0xFF, 0xF3, 0xFF,
  0xFF, 0xFF, 0xE7, 0xFF, 0xFF, 0xFF, 0xCF, 0xFF, 0xFF, 0xFF, 0x9F, 0xFF,
  0xFF, 0xFE, 0x3F, 0xFF, 0xFF, 0xFC, 0x00, 0x00, 0x3F, 0xF8, 0x00, 0x00,
  0xFF, 0xE0, 0x00, 0x01, 0xFF, 0xC0, 0x00, 0x03, 0xFF, 0x80, 0x00, 0x0F,
  0xFE, 0x00, 0x00, 0x1F, 0xFC, 0x00, 0x00, 0x3F, 0xF0, 0x00, 0x00, 0xFF,
  0xE0, 0x00, 0x01, 0xFF, 0xC0, 0x00, 0x03, 0xFF, 0x00, 0x00, 0x0F, 0xFE,
  0x00, 0x00, 0x1F, 0xFC, 0x00, 0x00, 0x7F, 0xF0, 0x00, 0x00, 0xFF, 0xE0,
  0x00, 0x01, 0xFF, 0xC0, 0x00, 0x07, 0xFF, 0x00, 0x00, 0x0F, 0xFE, 0x00,
  0x00, 0x1F, 0xF8, 0x00, 0x00, 0x7F, 0xF0, 0x00, 0x00, 0xFF, 0xE0, 0x00,
  0x01, 0xFF, 0x80, 0x00, 0x07, 0xFF, 0x00, 0x00, 0x0F, 0xFE, 0x00, 0x00,
  0x1F, 0xF8, 0x00, 0x00, 0x7F, 0xF0, 0x00, 0x00, 0xFF, 0xE0, 0x00, 0x03,
  0xFF, 0x80, 0x00, 0x07, 0xFF, 0x00, 0x00, 0x0F, 0xFC, 0x00, 0x00, 0x3F,
  0xF8, 0x00, 0x00, 0x7F, 0xF0, 0x00, 0x00, 0xFF, 0xC0, 0x00, 0x03, 0xFF,
  0x80, 0x00, 0x07, 0xFF, 0x00, 0x00, 0x0F, 0xFC, 0x00, 0x00, 0x3F, 0xF8,
  0x00, 0x00, 0x7F, 0xF0, 0x00, 0x01, 0xFF, 0xC0, 0x00, 0x03, 0xFF, 0x80,
  0x00, 0x07, 0xFE, 0x00, 0x00, 0x1F, 0xFC, 0x00, 0x00, 0x3F, 0xF8, 0x00,
  0x00, 0x7F, 0xE0, 0x00, 0x01, 0xFF, 0xC0, 0x00, 0x03, 0xFF, 0x80, 0x00,
  0x07, 0xFE, 0x00, 0x00, 0x1F, 0xFC, 0x00, 0x00, 0x3F, 0xF8, 0x00, 0x00,
  0xFF, 0xE0, 0x00, 0x01, 0xFF, 0xFF, 0xFF, 0xFB, 0xFF, 0xFF, 0xFF, 0xFF,
  0xFF, 0xFF, 0xFF, 0xFF, 0xFF, 0xFF, 0xFF, 0xFF, 0xFF, 0xFF, 0xFF, 0xFF,
  0xFF, 0xFF, 0xFF, 0xFF, 0xFF, 0xFF, 0xFF, 0xFF, 0xFF, 0xFF, 0xFF, 0xFF,
  0xFF, 0xFF, 0xF8, 0x1F, 0xFF, 0xEF, 0xFF, 0xFD, 0xFF, 0xFF, 0xFF, 0xFF,
  0xFF, 0xFF, 0xFF, 0xFF, 0xFF, 0xFF, 0xFF, 0xFF, 0xFF, 0xFF, 0xFF, 0xFF,
  0xFF, 0xF8, 0x03, 0xFF, 0x00, 0x7F, 0xE0, 0x0F, 0xFC, 0x01, 0xFF, 0x80,
  0x3F, 0xF0, 0x07, 0xFE, 0x00, 0xFF, 0xC0, 0x1F, 0xF8, 0x03, 0xFF, 0x00,
  0x7F, 0xE0, 0x0F, 0xFC, 0x01, 0xFF, 0x80, 0x3F, 0xF0, 0x07, 0xFE, 0x00,
  0xFF, 0xC0, 0x1F, 0xF8, 0x03, 0xFF, 0x00, 0x7F, 0xE0, 0x0F, 0xFC, 0x01,
  0xFF, 0x80, 0x3F, 0xF0, 0x07, 0xFE, 0x00, 0xFF, 0xC0, 0x1F, 0xF8, 0x03,
  0xFF, 0x00, 0x7F, 0xE0, 0x0F, 0xFC, 0x01, 0xFF, 0x80, 0x3F, 0xF0, 0x07,
  0xFE, 0x00, 0xFF, 0xC0, 0x1F, 0xF8, 0x03, 0xFF, 0x00, 0x7F, 0xE0, 0x0F,
  0xFC, 0x01, 0xFF, 0x80, 0x3F, 0xF0, 0x07, 0xFE, 0x00, 0xFF, 0xC0, 0x1F,
  0xF8, 0x03, 0xFF, 0x00, 0x7F, 0xE0, 0x0F, 0xFC, 0x01, 0xFF, 0x80, 0x3F,
  0xF0, 0x07, 0xFE, 0x00, 0xFF, 0xC0, 0x1F, 0xF8, 0x03, 0xFF, 0x00, 0x7F,
  0xE0, 0x0F, 0xFC, 0x01, 0xFF, 0x80, 0x3F, 0xF0, 0x07, 0xFE, 0x00, 0xFF,
  0xC0, 0x1F, 0xF8, 0x03, 0xFF, 0x00, 0x7F, 0xE0, 0x0F, 0xFC, 0x01, 0xFF,
  0xFF, 0xFF, 0xFF, 0xFF, 0xFF, 0xFF, 0xFF, 0xFF, 0xFF, 0xFF, 0xFF, 0xFF,
  0xFF, 0xFF, 0xFF, 0xF7, 0xFF, 0xFE, 0x7F, 0xFF, 0xC0, 0xFF, 0xC0, 0x00,
  0x00, 0x0F, 0xFC, 0x00, 0x00, 0x01, 0xFF, 0x80, 0x00, 0x00, 0x3F, 0xF0,
  0x00, 0x00, 0x03, 0xFF, 0x00, 0x00, 0x00, 0x7F, 0xE0, 0x00, 0x00, 0x0F,
  0xFC, 0x00, 0x00, 0x00, 0xFF, 0xC0, 0x00, 0x00, 0x1F, 0xF8, 0x00, 0x00,
  0x01, 0xFF, 0x80, 0x00, 0x00, 0x3F, 0xF0, 0x00, 0x00, 0x07, 0xFE, 0x00,
  0x00, 0x00, 0x7F, 0xE0, 0x00, 0x00, 0x0F, 0xFC, 0x00, 0x00, 0x01, 0xFF,
  0x80, 0x00, 0x00, 0x1F, 0xF8, 0x00, 0x00, 0x03, 0xFF, 0x00, 0x00, 0x00,
  0x3F, 0xF0, 0x00, 0x00, 0x07, 0xFE, 0x00, 0x00, 0x00, 0xFF, 0xC0, 0x00,
  0x00, 0x0F, 0xFC, 0x00, 0x00, 0x01, 0xFF, 0x80, 0x00, 0x00, 0x3F, 0xF0,
  0x00, 0x00, 0x03, 0xFF, 0x00, 0x00, 0x00, 0x7F, 0xE0, 0x00, 0x00, 0x07,
  0xFE, 0x00, 0x00, 0x00, 0xFF, 0xC0, 0x00, 0x00, 0x1F, 0xF8, 0x00, 0x00,
  0x01, 0xFF, 0x80, 0x00, 0x00, 0x3F, 0xF0, 0x00, 0x00, 0x07, 0xFE, 0x00,
  0x00, 0x00, 0x7F, 0xE0, 0x00, 0x00, 0x0F, 0xFC, 0x00, 0x00, 0x01, 0xFF,
  0xC0, 0x00, 0x00, 0x1F, 0xF8, 0x00, 0x00, 0x03, 0xFF, 0x00, 0x00, 0x00,
  0x3F, 0xF0, 0x00, 0x00, 0x07, 0xFE, 0x00, 0x00, 0x00, 0xFF, 0xC0, 0x00,
  0x00, 0x0F, 0xFC, 0x00, 0x00, 0x01, 0xFF, 0x80, 0x00, 0x00, 0x3F, 0xF0,
  0x00, 0x00, 0x03, 0xFF, 0x00, 0x00, 0x00, 0x7F, 0xE0, 0x00, 0x00, 0x07,
  0xFE, 0x00, 0x00, 0x00, 0xFF, 0xC0, 0x00, 0x00, 0x1F, 0xF8, 0x00, 0x00,
  0x01, 0xFF, 0x80, 0x00, 0x00, 0x3F, 0xF0, 0x00, 0x00, 0x07, 0xFE, 0x00,
  0x00, 0x00, 0x7F, 0xE0, 0x00, 0x00, 0x0F, 0xFC, 0x00, 0x00, 0x00, 0xFF,
  0xC0, 0x00, 0x00, 0x1F, 0xF8, 0x00, 0x00, 0x03, 0xFF, 0x00, 0x00, 0x00,
  0x3F, 0xF0, 0x00, 0x00, 0x07, 0xFE, 0x00, 0x00, 0x00, 0xFF, 0xC0, 0x00,
  0x00, 0x0F, 0xFC, 0x00, 0x00, 0x01, 0xFF, 0x80, 0x00, 0x00, 0x1F, 0xF8,
  0x00, 0x00, 0x03, 0xFF, 0x00, 0x00, 0x00, 0x7F, 0xE0, 0x00, 0x00, 0x07,
  0xFE, 0x00, 0x00, 0x00, 0xFF, 0xC0, 0x00, 0x00, 0x1F, 0xF8, 0x00, 0x00,
  0x01, 0xFF, 0x80, 0xFF, 0xFF, 0x1F, 0xFF, 0xFB, 0xFF, 0xFF, 0x7F, 0xFF,
  0xFF, 0xFF, 0xFF, 0xFF, 0xFF, 0xFF, 0xFF, 0xFF, 0xFF, 0xFF, 0xFF, 0xFF,
  0xE0, 0x0F, 0xFC, 0x01, 0xFF, 0x80, 0x3F, 0xF0, 0x07, 0xFE, 0x00, 0xFF,
  0xC0, 0x1F, 0xF8, 0x03, 0xFF, 0x00, 0x7F, 0xE0, 0x0F, 0xFC, 0x01, 0xFF,
  0x80, 0x3F, 0xF0, 0x07, 0xFE, 0x00, 0xFF, 0xC0, 0x1F, 0xF8, 0x03, 0xFF,
  0x00, 0x7F, 0xE0, 0x0F, 0xFC, 0x01, 0xFF, 0x80, 0x3F, 0xF0, 0x07, 0xFE,
  0x00, 0xFF, 0xC0, 0x1F, 0xF8, 0x03, 0xFF, 0x00, 0x7F, 0xE0, 0x0F, 0xFC,
  0x01, 0xFF, 0x80, 0x3F, 0xF0, 0x07, 0xFE, 0x00, 0xFF, 0xC0, 0x1F, 0xF8,
  0x03, 0xFF, 0x00, 0x7F, 0xE0, 0x0F, 0xFC, 0x01, 0xFF, 0x80, 0x3F, 0xF0,
  0x07, 0xFE, 0x00, 0xFF, 0xC0, 0x1F, 0xF8, 0x03, 0xFF, 0x00, 0x7F, 0xE0,
  0x0F, 0xFC, 0x01, 0xFF, 0x80, 0x3F, 0xF0, 0x07, 0xFE, 0x00, 0xFF, 0xC0,
  0x1F, 0xF8, 0x03, 0xFF, 0x00, 0x7F, 0xE0, 0x0F, 0xFC, 0x01, 0xFF, 0x80,
  0x3F, 0xF0, 0x07, 0xFE, 0x00, 0xFF, 0xC0, 0x1F, 0xF8, 0x03, 0xFF, 0x00,
  0x7F, 0xE0, 0x0F, 0xFC, 0x01, 0xFF, 0x80, 0x3F, 0xF0, 0x07, 0xFF, 0xFF,
  0xFF, 0xFF, 0xFF, 0xFF, 0xFF, 0xFF, 0xFF, 0xFF, 0xFF, 0xFF, 0xFF, 0xFF,
  0xFF, 0xFF, 0xFF, 0xFF, 0xFF, 0xFD, 0xFF, 0xFF, 0x00, 0x00, 0x1F, 0xC0,
  0x00, 0x00, 0xFF, 0x80, 0x00, 0x03, 0xFE, 0x00, 0x00, 0x1F, 0xFC, 0x00,
  0x00, 0x7F, 0xF0, 0x00, 0x03, 0xFF, 0xE0, 0x00, 0x0F, 0xFF, 0x80, 0x00,
  0x7F, 0xFF, 0x00, 0x01, 0xFF, 0xFC, 0x00, 0x07, 0xFF, 0xF8, 0x00, 0x3F,
  0xDF, 0xE0, 0x00, 0xFF, 0x7F, 0xC0, 0x07, 0xF8, 0xFF, 0x00, 0x1F, 0xE3,
  0xFE, 0x00, 0xFF, 0x07, 0xF8, 0x03, 0xFC, 0x1F, 0xF0, 0x1F, 0xE0, 0x3F,
  0xC0, 0x7F, 0x80, 0xFF, 0x83, 0xFC, 0x01, 0xFE, 0x0F, 0xF0, 0x07, 0xFC,
  0x7F, 0x80, 0x0F, 0xF1, 0xFE, 0x00, 0x3F, 0xEF, 0xF0, 0x00, 0x7F, 0xBF,
  0xC0, 0x00, 0xFF, 0xFF, 0xFF, 0xFF, 0xFF, 0xFF, 0xFF, 0xFF, 0xFF, 0xFF,
  0xFF, 0xFF, 0xFF, 0xFF, 0xFF, 0xFF, 0xFF, 0xFF, 0xFF, 0xFF, 0xFF, 0xFF,
  0xFF, 0xFF, 0xFF, 0xFF, 0xFF, 0xFF, 0xFF, 0xFF, 0xFF, 0xF8, 0xFF, 0xF8,
  0x07, 0xFF, 0x80, 0x3F, 0xFC, 0x01, 0xFF, 0xE0, 0x07, 0xFE, 0x00, 0x3F,
  0xF0, 0x01, 0xFF, 0x80, 0x0F, 0xF8, 0x00, 0x7F, 0xC0, 0x03, 0xFE, 0x00,
  0x1F, 0xE0, 0x00, 0xFF, 0x1F, 0xFF, 0xFF, 0xC1, 0xFF, 0xFF, 0xFF, 0x8F,
  0xFF, 0xFF, 0xFC, 0xFF, 0xFF, 0xFF, 0xF7, 0xFF, 0xFF, 0xFF, 0xBF, 0xFF,
  0xFF, 0xFD, 0xFF, 0xFF, 0xFF, 0xEF, 0xFF, 0xFF, 0xFF, 0x7F, 0xE0, 0x1F,
  0xFB, 0xFF, 0x00, 0xFF, 0xDF, 0xF8, 0x07, 0xFE, 0xFF, 0xC0, 0x3F, 0xF7,
  0xFE, 0x01, 0xFF, 0x80, 0x00, 0x0F, 0xFC, 0x00, 0x00, 0x7F, 0xE0, 0x00,
  0x03, 0xFF, 0x00, 0x00, 0x1F, 0xF8, 0xFF, 0xFF, 0xFF, 0xDF, 0xFF, 0xFF,
  0xFE, 0xFF, 0xFF, 0xFF, 0xFF, 0xFF, 0xFF, 0xFF, 0xFF, 0xFF, 0xFF, 0xFF,
  0xFF, 0xFF, 0xFF, 0xFF, 0xF8, 0x03, 0xFF, 0xFF, 0xC0, 0x1F, 0xFF, 0xFE,
  0x00, 0xFF, 0xFF, 0xF0, 0x07, 0xFF, 0xFF, 0x80, 0x3F, 0xFF, 0xFC, 0x01,
  0xFF, 0xFF, 0xE0, 0x0F, 0xFF, 0xFF, 0x00, 0x7F, 0xFF, 0xF8, 0x03, 0xFF,
  0xFF, 0xC0, 0x1F, 0xFF, 0xFE, 0x00, 0xFF, 0xFF, 0xF0, 0x07, 0xFF, 0xFF,
  0xFF, 0xFF, 0xFF, 0xFF, 0xFF, 0xFF, 0xFF, 0xFF, 0xFF, 0xFF, 0xFF, 0xFF,
  0xFF, 0xFF, 0xFF, 0xFF, 0xFF, 0x7F, 0xFF, 0xFF, 0xFB, 0xFF, 0xF8, 0xFF,
  0xC7, 0xF0, 0x07, 0xFE, 0xFF, 0xC0, 0x00, 0x07, 0xFE, 0x00, 0x00, 0x3F,
  0xF0, 0x00, 0x01, 0xFF, 0x80, 0x00, 0x0F, 0xFC, 0x00, 0x00, 0x7F, 0xE0,
  0x00, 0x03, 0xFF, 0x00, 0x00, 0x1F, 0xF8, 0x00, 0x00, 0xFF, 0xC0, 0x00,
  0x07, 0xFE, 0x00, 0x00, 0x3F, 0xF0, 0x00, 0x01, 0xFF, 0x80, 0x00, 0x0F,
  0xFC, 0x00, 0x00, 0x7F, 0xE0, 0x00, 0x03, 0xFF, 0x00, 0x00, 0x1F, 0xF8,
  0x00, 0x00, 0xFF, 0xC0, 0x00, 0x07, 0xFE, 0x00, 0x00, 0x3F, 0xF0, 0x00,
  0x01, 0xFF, 0x80, 0x00, 0x0F, 0xFC, 0x00, 0x00, 0x7F, 0xE0, 0x00, 0x03,
  0xFF, 0x00, 0x00, 0x1F, 0xF8, 0x00, 0x00, 0xFF, 0xC0, 0x3F, 0xC7, 0xFE,
  0x3F, 0xFF, 0xBF, 0xFF, 0xFF, 0xFD, 0xFF, 0xFF, 0xFF, 0xFF, 0xFF, 0xFF,
  0xFF, 0xFF, 0xFF, 0xFF, 0xFF, 0xFF, 0xFF, 0xFF, 0xFF, 0xFF, 0xFF, 0xFF,
  0xFF, 0xFF, 0x9F, 0xFF, 0xFF, 0x80, 0xFF, 0xFF, 0xF0, 0x07, 0xFF, 0xFF,
  0x80, 0x3F, 0xFF, 0xFC, 0x01, 0xFF, 0xFF, 0xE0, 0x0F, 0xFF, 0xFF, 0x00,
  0x7F, 0xFF, 0xF8, 0x03, 0xFF, 0xFF, 0xC0, 0x1F, 0xFF, 0xFE, 0x00, 0xFF,
  0xFF, 0xF0, 0x07, 0xFF, 0xFF, 0x80, 0x3F, 0xFF, 0xFC, 0x01, 0xFF, 0xFF,
  0xE0, 0x0F, 0xFF, 0xFF, 0x00, 0x7F, 0xFF, 0xF8, 0x03, 0xFF, 0xFF, 0xC0,
  0x1F, 0xFF, 0xFE, 0x00, 0xFF, 0xFF, 0xF0, 0x07, 0xFF, 0xFF, 0x80, 0x3F,
  0xFF, 0xFC, 0x01, 0xFF, 0xFF, 0xE0, 0x0F, 0xFF, 0xFF, 0x00, 0x7F, 0xFF,
  0xF8, 0x03, 0xFF, 0xFF, 0xC0, 0x1F, 0xFF, 0xFE, 0x00, 0xFF, 0xFF, 0xF0,
  0x0F, 0xFF, 0xFF, 0xFF, 0xFF, 0xFF, 0xFF, 0xFF, 0xFF, 0xFF, 0xFF, 0xFF,
  0xFF, 0xFF, 0xFF, 0xFF, 0xFF, 0xFF, 0xFF, 0xFE, 0xFF, 0xFF, 0xFF, 0xF7,
  0xFF, 0xFF, 0xFF, 0x3F, 0xFF, 0xFF, 0xC0, 0x1F, 0xFF, 0xFF, 0xC3, 0xFF,
  0xFF, 0xFF, 0x9F, 0xFF, 0xFF, 0xFD, 0xFF, 0xFF, 0xFF, 0xFF, 0xFF, 0xFF,
  0xFF, 0xFF, 0xFF, 0xFF, 0xFF, 0xFF, 0xFF, 0xFF, 0xFF, 0xFF, 0xFF, 0xFF,
  0xFF, 0xC0, 0x1F, 0xFF, 0xFE, 0x00, 0xFF, 0xFF, 0xF0, 0x07, 0xFF, 0xFF,
  0x80, 0x3F, 0xFF, 0xFC, 0x01, 0xFF, 0xFF, 0xE0, 0x0F, 0xFF, 0xFF, 0x00,
  0x7F, 0xFF, 0xF8, 0x03, 0xFF, 0xFF, 0xC0, 0x00, 0x07, 0xFE, 0x00, 0x00,
  0x3F, 0xF0, 0x00, 0x01, 0xFF, 0x80, 0x00, 0x0F, 0xFC, 0x00, 0x00, 0x7F,
  0xE0, 0x00, 0x03, 0xFF, 0x00, 0x00, 0x1F, 0xF8, 0x00, 0x00, 0xFF, 0xC0,
  0x00, 0x07, 0xFE, 0x00, 0x00, 0x3F, 0xF0, 0x00, 0x01, 0xFF, 0x80, 0x3F,
  0xFF, 0xFC, 0x01, 0xFF, 0xFF, 0xE0, 0x0F, 0xFF, 0xFF, 0x00, 0x7F, 0xFF,
  0xF8, 0x03, 0xFF, 0xFF, 0xC0, 0x1F, 0xFF, 0xFE, 0x00, 0xFF, 0xFF, 0xF0,
  0x07, 0xFF, 0xFF, 0xFF, 0xFF, 0xFF, 0xFF, 0xFF, 0xFF, 0xFF, 0xFF, 0xFF,
  0xFF, 0xFF, 0xFF, 0xFF, 0xFF, 0xFF, 0xFF, 0xFF, 0x7F, 0xFF, 0xFF, 0xF3,
  0xFF, 0xFF, 0xFF, 0x87, 0xFF, 0xFF, 0xF0, 0x00, 0x00, 0x1F, 0xF8, 0x00,
  0x00, 0xFF, 0xC0, 0x00, 0x07, 0xFE, 0x00, 0x00, 0x3F, 0xF0, 0x00, 0x01,
  0xFF, 0x80, 0x00, 0x0F, 0xFC, 0x00, 0x00, 0x7F, 0xE0, 0x00, 0x03, 0xFF,
  0x00, 0x00, 0x1F, 0xF8, 0x00, 0x00, 0xFF, 0xC0, 0x00, 0x07, 0xFE, 0x00,
  0x00, 0x3F, 0xF0, 0x00, 0x01, 0xFF, 0x80, 0x00, 0x0F, 0xFC, 0x00, 0x00,
  0x7F, 0xE0, 0x00, 0x03, 0xFF, 0x00, 0x00, 0x1F, 0xF8, 0x00, 0x00, 0xFF,
  0xC0, 0x00, 0x07, 0xFE, 0x00, 0x00, 0x3F, 0xF0, 0x00, 0x01, 0xFF, 0x80,
  0x00, 0x0F, 0xFC, 0x00, 0x00, 0x7F, 0xE0, 0x00, 0x03, 0xFF, 0x03, 0xFF,
  0xFF, 0xF8, 0xFF, 0xFF, 0xFF, 0xDF, 0xFF, 0xFF, 0xFF, 0xFF, 0xFF, 0xFF,
  0xFF, 0xFF, 0xFF, 0xFF, 0xFF, 0xFF, 0xFF, 0xFF, 0xFF, 0xFF, 0xFF, 0xFF,
  0xFF, 0xFF, 0xFF, 0xFF, 0xE0, 0x1F, 0xFF, 0xFE, 0x00, 0xFF, 0xFF, 0xF0,
  0x07, 0xFF, 0xFF, 0x80, 0x3F, 0xFF, 0xFC, 0x01, 0xFF, 0xFF, 0xE0, 0x0F,
  0xFF, 0xFF, 0x00, 0x7F, 0xFF, 0xF8, 0x03, 0xFF, 0xFF, 0xC0, 0x1F, 0xFF,
  0xFE, 0x00, 0xFF, 0xFF, 0xF0, 0x07, 0xFF, 0xFF, 0x80, 0x3F, 0xFF, 0xFC,
  0x01, 0xFF, 0xFF, 0xE0, 0x0F, 0xFF, 0xFF, 0x00, 0x7F, 0xFF, 0xF8, 0x03,
  0xFF, 0xFF, 0xC0, 0x1F, 0xFF, 0xFE, 0x00, 0xFF, 0xFF, 0xF0, 0x07, 0xFF,
  0xFF, 0x80, 0x3F, 0xFF, 0xFC, 0x01, 0xFF, 0xFF, 0xE0, 0x0F, 0xFF, 0xFF,
  0x00, 0x7F, 0xFF, 0xF8, 0x03, 0xFF, 0xFF, 0xC0, 0x3F, 0xFF, 0xFE, 0x03,
  0xFF, 0xFF, 0xF8, 0xFF, 0xFF, 0xFF, 0xFF, 0xFF, 0xFF, 0xFF, 0xFF, 0xFF,
  0xFF, 0xFF, 0xFF, 0xFF, 0xFF, 0xFF, 0xFF, 0xEF, 0xFF, 0xFF, 0xFF, 0x7F,
  0xFF, 0xDF, 0xF9, 0xFF, 0xC0, 0xFF, 0xC7, 0xC0, 0x07, 0xFE, 0x1F, 0xFF,
  0xFF, 0xC3, 0xFF, 0xFF, 0xFF, 0x9F, 0xFF, 0xFF, 0xFD, 0xFF, 0xFF, 0xFF,
  0xFF, 0xFF, 0xFF, 0xFF, 0xFF, 0xFF, 0xFF, 0xFF, 0xFF, 0xFF, 0xFF, 0xFF,
  0xFF, 0xFF, 0xFF, 0xFF, 0xC0, 0x1F, 0xFF, 0xFE, 0x00, 0xFF, 0xFF, 0xF0,
  0x07, 0xFF, 0xFF, 0x80, 0x3F, 0xFF, 0xFC, 0x01, 0xFF, 0xFF, 0xE0, 0x0F,
  0xFF, 0xFF, 0x00, 0x7F, 0xFF, 0xF8, 0x03, 0xFF, 0xFF, 0xC0, 0x1F, 0xFF,
  0xFE, 0x00, 0xFF, 0xFF, 0xFF, 0xFF, 0xFF, 0xFF, 0xFF, 0xFF, 0xFF, 0xFF,
  0xFF, 0xFF, 0xFF, 0xFF, 0xFF, 0xFF, 0xFF, 0xFF, 0xFF, 0xDF, 0xFF, 0xFF,
  0xFC, 0xFF, 0xC0, 0x00, 0x07, 0xFE, 0x00, 0x00, 0x3F, 0xF0, 0x00, 0x01,
  0xFF, 0x80, 0x00, 0x0F, 0xFC, 0x00, 0x00, 0x7F, 0xE0, 0x0F, 0xFF, 0xFF,
  0x00, 0x7F, 0xFF, 0xF8, 0x03, 0xFF, 0xFF, 0xC0, 0x1F, 0xFF, 0xFE, 0x00,
  0xFF, 0xFF, 0xF0, 0x07, 0xFF, 0xFF, 0xFF, 0xFF, 0xFF, 0xFF, 0xFF, 0xFF,
  0xFF, 0xFF, 0xFF, 0xFF, 0xFF, 0xFF, 0xFF, 0xFF, 0xFF, 0xFF, 0xFF, 0x7F,
  0xFF, 0xFF, 0xF3, 0xFF, 0xFF, 0xFF, 0x87, 0xFF, 0xFF, 0xF0, 0x01, 0xFF,
  0xF8, 0x3F, 0xFF, 0xC1, 0xFF, 0xFE, 0x1F, 0xFF, 0xF0, 0xFF, 0xFF, 0x87,
  0xFF, 0xFC, 0x3F, 0xFF, 0xE1, 0xFF, 0xFF, 0x0F, 0xFC, 0x00, 0x7F, 0xE0,
  0x03, 0xFF, 0x00, 0x1F, 0xF8, 0x00, 0xFF, 0xC0, 0x07, 0xFE, 0x00, 0x3F,
  0xF0, 0x01, 0xFF, 0x80, 0x0F, 0xFC, 0x00, 0x7F, 0xE0, 0x03, 0xFF, 0x00,
  0x1F, 0xF8, 0x00, 0xFF, 0xC0, 0x07, 0xFE, 0x00, 0x3F, 0xF0, 0x01, 0xFF,
  0x80, 0xFF, 0xFF, 0xF7, 0xFF, 0xFF, 0xBF, 0xFF, 0xFD, 0xFF, 0xFF, 0xEF,
  0xFF, 0xFF, 0x7F, 0xFF, 0xFB, 0xFF, 0xFF, 0xDF, 0xFF, 0xFE, 0x0F, 0xFC,
  0x00, 0x7F, 0xE0, 0x03, 0xFF, 0x00, 0x1F, 0xF8, 0x00, 0xFF, 0xC0, 0x07,
  0xFE, 0x00, 0x3F, 0xF0, 0x01, 0xFF, 0x80, 0x0F, 0xFC, 0x00, 0x7F, 0xE0,
  0x03, 0xFF, 0x00, 0x1F, 0xF8, 0x00, 0xFF, 0xC0, 0x07, 0xFE, 0x00, 0x3F,
  0xF0, 0x01, 0xFF, 0x80, 0x0F, 0xFC, 0x00, 0x7F, 0xE0, 0x03, 0xFF, 0x00,
  0x1F, 0xF8, 0x00, 0xFF, 0xC0, 0x07, 0xFE, 0x00, 0x3F, 0xF0, 0x01, 0xFF,
  0x80, 0x0F, 0xFC, 0x00, 0x7F, 0xE0, 0x03, 0xFF, 0x00, 0x1F, 0xF8, 0x00,
  0xFF, 0xC0, 0x07, 0xFE, 0x00, 0x3F, 0xF0, 0x01, 0xFF, 0x80, 0x0F, 0xFC,
  0x00, 0x7F, 0xE0, 0x03, 0xFF, 0x00, 0x07, 0xF0, 0x1F, 0xF8, 0xFF, 0xFC,
  0xFF, 0xCF, 0xFF, 0xFF, 0xFE, 0xFF, 0xFF, 0xFF, 0xF7, 0xFF, 0xFF, 0xFF,
  0xFF, 0xFF, 0xFF, 0xFF, 0xFF, 0xFF, 0xFF, 0xFF, 0xFF, 0xFF, 0xFF, 0xFF,
  0xE1, 0xFF, 0xFF, 0xFE, 0x01, 0xFF, 0xFF, 0xF0, 0x07, 0xFF, 0xFF, 0x80,
  0x3F, 0xFF, 0xFC, 0x01, 0xFF, 0xFF, 0xE0, 0x0F, 0xFF, 0xFF, 0x00, 0x7F,
  0xFF, 0xF8, 0x03, 0xFF, 0xFF, 0xC0, 0x1F, 0xFF, 0xFE, 0x00, 0xFF, 0xFF,
  0xF0, 0x07, 0xFF, 0xFF, 0x80, 0x3F, 0xFF, 0xFC, 0x01, 0xFF, 0xFF, 0xE0,
  0x0F, 0xFF, 0xFF, 0x00, 0x7F, 0xFF, 0xF8, 0x03, 0xFF, 0xFF, 0xC0, 0x1F,
  0xFF, 0xFE, 0x00, 0xFF, 0xFF, 0xF0, 0x07, 0xFF, 0xFF, 0x80, 0x3F, 0xFF,
  0xFC, 0x01, 0xFF, 0xFF, 0xE0, 0x0F, 0xFF, 0xFF, 0x00, 0x7F, 0xFF, 0xF8,
  0x03, 0xFF, 0xFF, 0xC0, 0x1F, 0xFF, 0xFE, 0x00, 0xFF, 0xFF, 0xF8, 0x07,
  0xFF, 0xFF, 0xFF, 0xFF, 0xFF, 0xFF, 0xFF, 0xFF, 0xFF, 0xFF, 0xFF, 0xFD,
  0xFF, 0xFF, 0xFF, 0xE7, 0xFF, 0xFF, 0xFF, 0x3F, 0xFF, 0xFF, 0xF8, 0x7F,
  0xFF, 0xFF, 0xC0, 0xFF, 0xFF, 0xFE, 0x00, 0x00, 0x3F, 0xF0, 0x00, 0x01,
  0xFF, 0x80, 0x00, 0x0F, 0xFC, 0x00, 0x00, 0x7F, 0xEF, 0xFC, 0x03, 0xFF,
  0x7F, 0xE0, 0x1F, 0xFB, 0xFF, 0x00, 0xFF, 0xDF, 0xF8, 0x07, 0xFE, 0xFF,
  0xFF, 0xFF, 0xF7, 0xFF, 0xFF, 0xFF, 0xBF, 0xFF, 0xFF, 0xFD, 0xFF, 0xFF,
  0xFF, 0xEF, 0xFF, 0xFF, 0xFF, 0x3F, 0xFF, 0xFF, 0xF1, 0xFF, 0xFF, 0xFF,
  0x83, 0xFF, 0xFF, 0xF0, 0xFF, 0xC0, 0x00, 0x07, 0xFE, 0x00, 0x00, 0x3F,
  0xF0, 0x00, 0x01, 0xFF, 0x80, 0x00, 0x0F, 0xFC, 0x00, 0x00, 0x7F, 0xE0,
  0x00, 0x03, 0xFF, 0x00, 0x00, 0x1F, 0xF8, 0x00, 0x00, 0xFF, 0xC0, 0x00,
  0x07, 0xFE, 0x00, 0x00, 0x3F, 0xF0, 0x00, 0x01, 0xFF, 0x80, 0x00, 0x0F,
  0xFC, 0x00, 0x00, 0x7F, 0xE0, 0x00, 0x03, 0xFF, 0x00, 0x00, 0x1F, 0xF8,
  0x00, 0x00, 0xFF, 0xC0, 0x00, 0x07, 0xFE, 0x00, 0x00, 0x3F, 0xF0, 0x00,
  0x01, 0xFF, 0x80, 0x00, 0x0F, 0xFC, 0x00, 0x00, 0x7F, 0xE0, 0x00, 0x03,
  0xFF, 0x00, 0x00, 0x1F, 0xF8, 0x00, 0x00, 0xFF, 0xC0, 0x0F, 0xC7, 0xFE,
  0x1F, 0xFF, 0xBF, 0xFF, 0xFF, 0xFD, 0xFF, 0xFF, 0xFF, 0xFF, 0xFF, 0xFF,
  0xFF, 0xFF, 0xFF, 0xFF, 0xFF, 0xFF, 0xFF, 0xFF, 0xFF, 0xFF, 0xFF, 0xFF,
  0xFF, 0xFF, 0x9F, 0xFF, 0xFF, 0x80, 0xFF, 0xFF, 0xF0, 0x07, 0xFF, 0xFF,
  0x80, 0x3F, 0xFF, 0xFC, 0x01, 0xFF, 0xFF, 0xE0, 0x0F, 0xFF, 0xFF, 0x00,
  0x7F, 0xFF, 0xF8, 0x03, 0xFF, 0xFF, 0xC0, 0x1F, 0xFF, 0xFE, 0x00, 0xFF,
  0xFF, 0xF0, 0x07, 0xFF, 0xFF, 0x80, 0x3F, 0xFF, 0xFC, 0x01, 0xFF, 0xFF,
  0xE0, 0x0F, 0xFF, 0xFF, 0x00, 0x7F, 0xFF, 0xF8, 0x03, 0xFF, 0xFF, 0xC0,
  0x1F, 0xFF, 0xFE, 0x00, 0xFF, 0xFF, 0xF0, 0x07, 0xFF, 0xFF, 0x80, 0x3F,
  0xFF, 0xFC, 0x01, 0xFF, 0xFF, 0xE0, 0x0F, 0xFF, 0xFF, 0x00, 0x7F, 0xFF,
  0xF8, 0x03, 0xFF, 0xFF, 0xC0, 0x1F, 0xFF, 0xFE, 0x00, 0xFF, 0xFF, 0xF0,
  0x07, 0xFF, 0xFF, 0x80, 0x3F, 0xFF, 0xFC, 0x01, 0xFF, 0xFF, 0xE0, 0x0F,
  0xFF, 0xFF, 0x00, 0x7F, 0xFF, 0xF8, 0x03, 0xFF, 0xFF, 0xC0, 0x1F, 0xFF,
  0xFE, 0x00, 0xFF, 0xFF, 0xF0, 0x07, 0xFE, 0xFF, 0xFF, 0xFF, 0xFF, 0xFF,
  0xFF, 0xFF, 0xFF, 0xFF, 0xFF, 0xFF, 0xFF, 0xF0, 0x00, 0x00, 0x00, 0x00,
  0x00, 0x00, 0x00, 0x00, 0x3F, 0xFF, 0xFF, 0xFF, 0xFF, 0xFF, 0xFF, 0xFF,
  0xFF, 0xFF, 0xFF, 0xFF, 0xFF, 0xFF, 0xFF, 0xFF, 0xFF, 0xFF, 0xFF, 0xFF,
  0xFF, 0xFF, 0xFF, 0xFF, 0xFF, 0xFF, 0xFF, 0xFF, 0xFF, 0xFF, 0xFF, 0xFF,
  0xFF, 0xFF, 0xFF, 0xFF, 0xFF, 0xFF, 0xFF, 0xFF, 0xFF, 0xFF, 0xFF, 0xFF,
  0xFF, 0xFF, 0xFF, 0xFF, 0xFF, 0xFF, 0xFF, 0xFF, 0xFF, 0xFF, 0x03, 0xFF,
  0x03, 0xFF, 0x03, 0xFF, 0x03, 0xFF, 0x03, 0xFF, 0x03, 0xFF, 0x03, 0xFF,
  0x03, 0xFF, 0x03, 0xFF, 0x03, 0xFF, 0x00, 0x00, 0x00, 0x00, 0x00, 0x00,
  0x00, 0x00, 0x00, 0x00, 0x00, 0x00, 0x00, 0x00, 0x03, 0xFF, 0x03, 0xFF,
  0x03, 0xFF, 0x03, 0xFF, 0x03, 0xFF, 0x03, 0xFF, 0x03, 0xFF, 0x03, 0xFF,
  0x03, 0xFF, 0x03, 0xFF, 0x03, 0xFF, 0x03, 0xFF, 0x03, 0xFF, 0x03, 0xFF,
  0x03, 0xFF, 0x03, 0xFF, 0x03, 0xFF, 0x03, 0xFF, 0x03, 0xFF, 0x03, 0xFF,
  0x03, 0xFF, 0x03, 0xFF, 0x03, 0xFF, 0x03, 0xFF, 0x03, 0xFF, 0x03, 0xFF,
  0x03, 0xFF, 0x03, 0xFF, 0x03, 0xFF, 0x03, 0xFF, 0x03, 0xFF, 0x03, 0xFF,
  0x03, 0xFF, 0x03, 0xFF, 0x03, 0xFF, 0x03, 0xFF, 0x03, 0xFF, 0x03, 0xFF,
  0x03, 0xFF, 0x03, 0xFF, 0x03, 0xFF, 0x03, 0xFF, 0x03, 0xFF, 0x03, 0xFF,
  0x03, 0xFF, 0x03, 0xFF, 0x03, 0xFF, 0x03, 0xFF, 0x03, 0xFF, 0x03, 0xFF,
  0x03, 0xFF, 0xFF, 0xFF, 0xFF, 0xFF, 0xFF, 0xFF, 0xFF, 0xFF, 0xFF, 0xFF,
  0xFF, 0xFE, 0xFF, 0xFC, 0xFF, 0xF8, 0xFF, 0xC0, 0x00, 0x07, 0xFE, 0x00,
  0x00, 0x3F, 0xF0, 0x00, 0x01, 0xFF, 0x80, 0x00, 0x0F, 0xFC, 0x00, 0x00,
  0x7F, 0xE0, 0x00, 0x03, 0xFF, 0x00, 0x00, 0x1F, 0xF8, 0x00, 0x00, 0xFF,
  0xC0, 0x00, 0x07, 0xFE, 0x00, 0x00, 0x3F, 0xF0, 0x00, 0x01, 0xFF, 0x80,
  0x00, 0x0F, 0xFC, 0x00, 0x00, 0x7F, 0xE0, 0x00, 0x03, 0xFF, 0x00, 0x00,
  0x1F, 0xF8, 0x00, 0x00, 0xFF, 0xC0, 0x00, 0x07, 0xFE, 0x00, 0x00, 0x3F,
  0xF0, 0x00, 0x01, 0xFF, 0x80, 0x00, 0x0F, 0xFC, 0x00, 0x00, 0x7F, 0xE0,
  0x00, 0x03, 0xFF, 0x00, 0x00, 0x1F, 0xF8, 0x00, 0x00, 0xFF, 0xC0, 0x3F,
  0xF7, 0xFE, 0x03, 0xFF, 0x3F, 0xF0, 0x1F, 0xF9, 0xFF, 0x81, 0xFF, 0x8F,
  0xFC, 0x0F, 0xFC, 0x7F, 0xE0, 0xFF, 0xC3, 0xFF, 0x07, 0xFE, 0x1F, 0xF8,
  0x7F, 0xE0, 0xFF, 0xC3, 0xFF, 0x07, 0xFE, 0x3F, 0xF0, 0x3F, 0xF1, 0xFF,
  0x81, 0xFF, 0x9F, 0xF8, 0x0F, 0xFC, 0xFF, 0xC0, 0x7F, 0xEF, 0xFC, 0x03,
  0xFF, 0x7F, 0xE0, 0x1F, 0xFF, 0xFE, 0x00, 0xFF, 0xFF, 0xF0, 0x07, 0xFF,
  0xFF, 0x00, 0x3F, 0xFF, 0xF8, 0x01, 0xFF, 0xFF, 0x80, 0x0F, 0xFF, 0xFC,
  0x00, 0x7F, 0xFF, 0xF0, 0x03, 0xFF, 0xFF, 0x80, 0x1F, 0xFF, 0xFE, 0x00,
  0xFF, 0xDF, 0xF0, 0x07, 0xFE, 0xFF, 0xC0, 0x3F, 0xF3, 0xFE, 0x01, 0xFF,
  0x9F, 0xF8, 0x0F, 0xFC, 0xFF, 0xC0, 0x7F, 0xE3, 0xFF, 0x03, 0xFF, 0x1F,
  0xF8, 0x1F, 0xF8, 0x7F, 0xE0, 0xFF, 0xC3, 0xFF, 0x07, 0xFE, 0x0F, 0xFC,
  0x3F, 0xF0, 0x7F, 0xE1, 0xFF, 0x81, 0xFF, 0x0F, 0xFC, 0x0F, 0xFC, 0x7F,
  0xE0, 0x3F, 0xE3, 0xFF, 0x01, 0xFF, 0x9F, 0xF8, 0x0F, 0xFC, 0xFF, 0xC0,
  0x3F, 0xF7, 0xFE, 0x01, 0xFF, 0xBF, 0xF0, 0x07, 0xFE, 0xFF, 0xFF, 0xFF,
  0xFF, 0xFF, 0xFF, 0xFF, 0xFF, 0xFF, 0xFF, 0xFF, 0xFF, 0xFF, 0xFF, 0xFF,
  0xFF, 0xFF, 0xFF, 0xFF, 0xFF, 0xFF, 0xFF, 0xFF, 0xFF, 0xFF, 0xFF, 0xFF,
  0xFF, 0xFF, 0xFF, 0xFF, 0xFF, 0xFF, 0xFF, 0xFF, 0xFF, 0xFF, 0xFF, 0xFF,
  0xFF, 0xFF, 0xFF, 0xFF, 0xFF, 0xFF, 0xFF, 0xFF, 0xFF, 0xFF, 0xFF, 0xFF,
  0xFF, 0xFF, 0xFF, 0xFF, 0xFF, 0xFF, 0xFF, 0xFF, 0xFF, 0xFF, 0xFF, 0xFF,
  0xFF, 0xFF, 0xFF, 0xFF, 0xFF, 0xFF, 0xFF, 0xFF, 0xFF, 0xFF, 0xFF, 0xFF,
  0xFF, 0xFF, 0xFF, 0xFF, 0xFF, 0xFF, 0xFF, 0xFF, 0xFC, 0xFF, 0xC0, 0x1F,
  0xC0, 0x01, 0xF8, 0xFF, 0xC1, 0xFF, 0xE0, 0x3F, 0xFE, 0xFF, 0xDF, 0xFF,
  0xF3, 0xFF, 0xFE, 0xFF, 0xFF, 0xFF, 0xFF, 0xFF, 0xFF, 0xFF, 0xFF, 0xFF,
  0xFF, 0xFF, 0xFF, 0xFF, 0xFF, 0xFF, 0xFF, 0xFF, 0xFF, 0xFF, 0xFF, 0xFF,
  0xFF, 0xFF, 0xFF, 0xFF, 0xFF, 0xFF, 0xFF, 0xFF, 0xFF, 0xFF, 0xFF, 0x9F,
  0xFF, 0xF3, 0xFF, 0xFF, 0xF8, 0x1F, 0xFF, 0x03, 0xFF, 0xFF, 0xC0, 0x1F,
  0xF8, 0x03, 0xFF, 0xFF, 0xC0, 0x1F, 0xF8, 0x03, 0xFF, 0xFF, 0xC0, 0x1F,
  0xF8, 0x03, 0xFF, 0xFF, 0xC0, 0x1F, 0xF8, 0x03, 0xFF, 0xFF, 0xC0, 0x1F,
  0xF8, 0x03, 0xFF, 0xFF, 0xC0, 0x1F, 0xF8, 0x03, 0xFF, 0xFF, 0xC0, 0x1F,
  0xF8, 0x03, 0xFF, 0xFF, 0xC0, 0x1F, 0xF8, 0x03, 0xFF, 0xFF, 0xC0, 0x1F,
  0xF8, 0x03, 0xFF, 0xFF, 0xC0, 0x1F, 0xF8, 0x03, 0xFF, 0xFF, 0xC0, 0x1F,
  0xF8, 0x03, 0xFF, 0xFF, 0xC0, 0x1F, 0xF8, 0x03, 0xFF, 0xFF, 0xC0, 0x1F,
  0xF8, 0x03, 0xFF, 0xFF, 0xC0, 0x1F, 0xF8, 0x03, 0xFF, 0xFF, 0xC0, 0x1F,
  0xF8, 0x03, 0xFF, 0xFF, 0xC0, 0x1F, 0xF8, 0x03, 0xFF, 0xFF, 0xC0, 0x1F,
  0xF8, 0x03, 0xFF, 0xFF, 0xC0, 0x1F, 0xF8, 0x03, 0xFF, 0xFF, 0xC0, 0x1F,
  0xF8, 0x03, 0xFF, 0xFF, 0xC0, 0x1F, 0xF8, 0x03, 0xFF, 0xFF, 0xC0, 0x1F,
  0xF8, 0x03, 0xFF, 0xFF, 0xC0, 0x1F, 0xF8, 0x03, 0xFF, 0xFF, 0xC0, 0x1F,
  0xF8, 0x03, 0xFF, 0xFF, 0xC0, 0x1F, 0xF8, 0x03, 0xFF, 0xFF, 0xC0, 0x1F,
  0xF8, 0x03, 0xFF, 0xFF, 0xC0, 0x1F, 0xF8, 0x03, 0xFF, 0xFF, 0xC0, 0x1F,
  0xF8, 0x03, 0xFF, 0xFF, 0xC0, 0x1F, 0xF8, 0x03, 0xFF, 0xFF, 0xC0, 0x1F,
  0xF8, 0x03, 0xFF, 0xFF, 0xC0, 0x1F, 0xF8, 0x03, 0xFF, 0xFF, 0xC0, 0x1F,
  0xF8, 0x03, 0xFF, 0xFF, 0xC0, 0x1F, 0xF8, 0x03, 0xFF, 0xFF, 0xC0, 0x1F,
  0xF8, 0x03, 0xFF, 0xFF, 0xC0, 0x1F, 0xC7, 0xFE, 0x1F, 0xFF, 0xBF, 0xFF,
  0xFF, 0xFD, 0xFF, 0xFF, 0xFF, 0xFF, 0xFF, 0xFF, 0xFF, 0xFF, 0xFF, 0xFF,
  0xFF, 0xFF, 0xFF, 0xFF, 0xFF, 0xFF, 0xFF, 0xFF, 0xFF, 0xFF, 0x9F, 0xFF,
  0xFF, 0xE0, 0xFF, 0xFF, 0xF0, 0x07, 0xFF, 0xFF, 0x80, 0x3F, 0xFF, 0xFC,
  0x01, 0xFF, 0xFF, 0xE0, 0x0F, 0xFF, 0xFF, 0x00, 0x7F, 0xFF, 0xF8, 0x03,
  0xFF, 0xFF, 0xC0, 0x1F, 0xFF, 0xFE, 0x00, 0xFF, 0xFF, 0xF0, 0x07, 0xFF,
  0xFF, 0x80, 0x3F, 0xFF, 0xFC, 0x01, 0xFF, 0xFF, 0xE0, 0x0F, 0xFF, 0xFF,
  0x00, 0x7F, 0xFF, 0xF8, 0x03, 0xFF, 0xFF, 0xC0, 0x1F, 0xFF, 0xFE, 0x00,
  0xFF, 0xFF, 0xF0, 0x07, 0xFF, 0xFF, 0x80, 0x3F, 0xFF, 0xFC, 0x01, 0xFF,
  0xFF, 0xE0, 0x0F, 0xFF, 0xFF, 0x00, 0x7F, 0xFF, 0xF8, 0x03, 0xFF, 0xFF,
  0xC0, 0x1F, 0xFF, 0xFE, 0x00, 0xFF, 0xFF, 0xF0, 0x07, 0xFF, 0xFF, 0x80,
  0x3F, 0xFF, 0xFC, 0x01, 0xFF, 0xFF, 0xE0, 0x0F, 0xFF, 0xFF, 0x00, 0x7F,
  0xFF, 0xF8, 0x03, 0xFF, 0xFF, 0xC0, 0x1F, 0xFF, 0xFE, 0x00, 0xFF, 0xFF,
  0xF0, 0x07, 0xFE, 0x1F, 0xFF, 0xFF, 0xC3, 0xFF, 0xFF, 0xFF, 0x9F, 0xFF,
  0xFF, 0xFD, 0xFF, 0xFF, 0xFF, 0xFF, 0xFF, 0xFF, 0xFF, 0xFF, 0xFF, 0xFF,
  0xFF, 0xFF, 0xFF, 0xFF, 0xFF, 0xFF, 0xFF, 0xFF, 0xFF, 0xC0, 0x1F, 0xFF,
  0xFE, 0x00, 0xFF, 0xFF, 0xF0, 0x07, 0xFF, 0xFF, 0x80, 0x3F, 0xFF, 0xFC,
  0x01, 0xFF, 0xFF, 0xE0, 0x0F, 0xFF, 0xFF, 0x00, 0x7F, 0xFF, 0xF8, 0x03,
  0xFF, 0xFF, 0xC0, 0x1F, 0xFF, 0xFE, 0x00, 0xFF, 0xFF, 0xF0, 0x07, 0xFF,
  0xFF, 0x80, 0x3F, 0xFF, 0xFC, 0x01, 0xFF, 0xFF, 0xE0, 0x0F, 0xFF, 0xFF,
  0x00, 0x7F, 0xFF, 0xF8, 0x03, 0xFF, 0xFF, 0xC0, 0x1F, 0xFF, 0xFE, 0x00,
  0xFF, 0xFF, 0xF0, 0x07, 0xFF, 0xFF, 0x80, 0x3F, 0xFF, 0xFC, 0x01, 0xFF,
  0xFF, 0xE0, 0x0F, 0xFF, 0xFF, 0x00, 0x7F, 0xFF, 0xF8, 0x03, 0xFF, 0xFF,
  0xC0, 0x1F, 0xFF, 0xFE, 0x00, 0xFF, 0xFF, 0xF0, 0x07, 0xFF, 0xFF, 0xFF,
  0xFF, 0xFF, 0xFF, 0xFF, 0xFF, 0xFF, 0xFF, 0xFF, 0xFF, 0xFF, 0xFF, 0xFF,
  0xFF, 0xFF, 0xFF, 0xFF, 0x7F, 0xFF, 0xFF, 0xF3, 0xFF, 0xFF, 0xFF, 0x87,
  0xFF, 0xFF, 0xF0, 0xFF, 0xC0, 0x3F, 0xC7, 0xFE, 0x3F, 0xFF, 0xBF, 0xFF,
  0xFF, 0xFD, 0xFF, 0xFF, 0xFF, 0xFF, 0xFF, 0xFF, 0xFF, 0xFF, 0xFF, 0xFF,
  0xFF, 0xFF, 0xFF, 0xFF, 0xFF, 0xFF, 0xFF, 0xFF, 0xFF, 0xFF, 0x9F, 0xFF,
  0xFF, 0x80, 0xFF, 0xFF, 0xF0, 0x07, 0xFF, 0xFF, 0x80, 0x3F, 0xFF, 0xFC,
  0x01, 0xFF, 0xFF, 0xE0, 0x0F, 0xFF, 0xFF, 0x00, 0x7F, 0xFF, 0xF8, 0x03,
  0xFF, 0xFF, 0xC0, 0x1F, 0xFF, 0xFE, 0x00, 0xFF, 0xFF, 0xF0, 0x07, 0xFF,
  0xFF, 0x80, 0x3F, 0xFF, 0xFC, 0x01, 0xFF, 0xFF, 0xE0, 0x0F, 0xFF, 0xFF,
  0x00, 0x7F, 0xFF, 0xF8, 0x03, 0xFF, 0xFF, 0xC0, 0x1F, 0xFF, 0xFE, 0x00,
  0xFF, 0xFF, 0xF0, 0x07, 0xFF, 0xFF, 0x80, 0x3F, 0xFF, 0xFC, 0x01, 0xFF,
  0xFF, 0xE0, 0x0F, 0xFF, 0xFF, 0x00, 0x7F, 0xFF, 0xF8, 0x03, 0xFF, 0xFF,
  0xC0, 0x1F, 0xFF, 0xFE, 0x00, 0xFF, 0xFF, 0xF0, 0x0F, 0xFF, 0xFF, 0xFF,
  0xFF, 0xFF, 0xFF, 0xFF, 0xFF, 0xFF, 0xFF, 0xFF, 0xFB, 0xFF, 0xFF, 0xFF,
  0xDF, 0xFF, 0xFF, 0xFE, 0xFF, 0xFF, 0xFF, 0xE7, 0xFF, 0xFF, 0xFE, 0x3F,
  0xFF, 0xFF, 0x81, 0xFF, 0x80, 0x00, 0x0F, 0xFC, 0x00, 0x00, 0x7F, 0xE0,
  0x00, 0x03, 0xFF, 0x00, 0x00, 0x1F, 0xF8, 0x00, 0x00, 0xFF, 0xC0, 0x00,
  0x07, 0xFE, 0x00, 0x00, 0x3F, 0xF0, 0x00, 0x01, 0xFF, 0x80, 0x00, 0x0F,
  0xFC, 0x00, 0x00, 0x7F, 0xE0, 0x00, 0x03, 0xFF, 0x00, 0x00, 0x1F, 0xF8,
  0x00, 0x00, 0xFF, 0xC0, 0x00, 0x07, 0xFE, 0x00, 0x00, 0x3F, 0xF0, 0x00,
  0x00, 0x1F, 0xC0, 0x1F, 0xF9, 0xFF, 0xF8, 0xFF, 0xDF, 0xFF, 0xFF, 0xFE,
  0xFF, 0xFF, 0xFF, 0xFF, 0xFF, 0xFF, 0xFF, 0xFF, 0xFF, 0xFF, 0xFF, 0xFF,
  0xFF, 0xFF, 0xFF, 0xFF, 0xFF, 0xFF, 0xFF, 0xE1, 0xFF, 0xFF, 0xFE, 0x01,
  0xFF, 0xFF, 0xF0, 0x07, 0xFF, 0xFF, 0x80, 0x3F, 0xFF, 0xFC, 0x01, 0xFF,
  0xFF, 0xE0, 0x0F, 0xFF, 0xFF, 0x00, 0x7F, 0xFF, 0xF8, 0x03, 0xFF, 0xFF,
  0xC0, 0x1F, 0xFF, 0xFE, 0x00, 0xFF, 0xFF, 0xF0, 0x07, 0xFF, 0xFF, 0x80,
  0x3F, 0xFF, 0xFC, 0x01, 0xFF, 0xFF, 0xE0, 0x0F, 0xFF, 0xFF, 0x00, 0x7F,
  0xFF, 0xF8, 0x03, 0xFF, 0xFF, 0xC0, 0x1F, 0xFF, 0xFE, 0x00, 0xFF, 0xFF,
  0xF0, 0x07, 0xFF, 0xFF, 0x80, 0x3F, 0xFF, 0xFC, 0x01, 0xFF, 0xFF, 0xE0,
  0x0F, 0xFF, 0xFF, 0x00, 0x7F, 0xFF, 0xF8, 0x03, 0xFF, 0xFF, 0xC0, 0x1F,
  0xFF, 0xFE, 0x00, 0xFF, 0xFF, 0xF8, 0x07, 0xFF, 0xFF, 0xFF, 0xFF, 0xFF,
  0xFF, 0xFF, 0xFF, 0xFF, 0xFF, 0xFF, 0xFD, 0xFF, 0xFF, 0xFF, 0xEF, 0xFF,
  0xFF, 0xFF, 0x3F, 0xFF, 0xFF, 0xF9, 0xFF, 0xFF, 0xFF, 0xC3, 0xFF, 0xFF,
  0xFE, 0x00, 0x00, 0x3F, 0xF0, 0x00, 0x01, 0xFF, 0x80, 0x00, 0x0F, 0xFC,
  0x00, 0x00, 0x7F, 0xE0, 0x00, 0x03, 0xFF, 0x00, 0x00, 0x1F, 0xF8, 0x00,
  0x00, 0xFF, 0xC0, 0x00, 0x07, 0xFE, 0x00, 0x00, 0x3F, 0xF0, 0x00, 0x01,
  0xFF, 0x80, 0x00, 0x0F, 0xFC, 0x00, 0x00, 0x7F, 0xE0, 0x00, 0x03, 0xFF,
  0x00, 0x00, 0x1F, 0xF8, 0x00, 0x00, 0xFF, 0xC0, 0x00, 0x07, 0xFE, 0xFF,
  0xC0, 0x1F, 0xC7, 0xFE, 0x1F, 0xFF, 0xBF, 0xFF, 0xFF, 0xFD, 0xFF, 0xFF,
  0xFF, 0xFF, 0xFF, 0xFF, 0xFF, 0xFF, 0xFF, 0xFF, 0xFF, 0xFF, 0xFF, 0xFF,
  0xFF, 0xFF, 0xFF, 0xFF, 0xFF, 0xFF, 0x9F, 0xFF, 0xFF, 0xC0, 0xFF, 0xFF,
  0xF0, 0x07, 0xFF, 0xFF, 0x80, 0x3F, 0xFF, 0xFC, 0x01, 0xFF, 0xFF, 0xE0,
  0x0F, 0xFF, 0xFF, 0x00, 0x7F, 0xFF, 0xF8, 0x03, 0xFF, 0xFF, 0xC0, 0x1F,
  0xFF, 0xFE, 0x00, 0xFF, 0xFF, 0xF0, 0x00, 0x01, 0xFF, 0x80, 0x00, 0x0F,
  0xFC, 0x00, 0x00, 0x7F, 0xE0, 0x00, 0x03, 0xFF, 0x00, 0x00, 0x1F, 0xF8,
  0x00, 0x00, 0xFF, 0xC0, 0x00, 0x07, 0xFE, 0x00, 0x00, 0x3F, 0xF0, 0x00,
  0x01, 0xFF, 0x80, 0x00, 0x0F, 0xFC, 0x00, 0x00, 0x7F, 0xE0, 0x00, 0x03,
  0xFF, 0x00, 0x00, 0x1F, 0xF8, 0x00, 0x00, 0xFF, 0xC0, 0x00, 0x07, 0xFE,
  0x00, 0x00, 0x3F, 0xF0, 0x00, 0x01, 0xFF, 0x80, 0x00, 0x0F, 0xFC, 0x00,
  0x00, 0x7F, 0xE0, 0x00, 0x03, 0xFF, 0x00, 0x00, 0x1F, 0xF8, 0x00, 0x00,
  0xFF, 0xC0, 0x00, 0x07, 0xFE, 0x00, 0x00, 0x3F, 0xF0, 0x00, 0x00, 0x1F,
  0xFF, 0xFF, 0xC3, 0xFF, 0xFF, 0xFF, 0x9F, 0xFF, 0xFF, 0xFD, 0xFF, 0xFF,
  0xFF, 0xFF, 0xFF, 0xFF, 0xFF, 0xFF, 0xFF, 0xFF, 0xFF, 0xFF, 0xFF, 0xFF,
  0xFF, 0xFF, 0xFF, 0xFF, 0xFF, 0xC0, 0x1F, 0xFF, 0xFE, 0x00, 0xFF, 0xFF,
  0xF0, 0x07, 0xFF, 0xFF, 0x80, 0x3F, 0xFF, 0xFC, 0x01, 0xFF, 0xFF, 0xE0,
  0x0F, 0xFF, 0xFF, 0xC0, 0x00, 0x1F, 0xFF, 0x80, 0x00, 0xFF, 0xFF, 0x00,
  0x03, 0xFF, 0xFC, 0x00, 0x1F, 0xFF, 0xF8, 0x00, 0x7F, 0xFF, 0xF0, 0x00,
  0xFF, 0xFF, 0xE0, 0x01, 0xFF, 0xFF, 0xC0, 0x03, 0xFF, 0xFF, 0x80, 0x07,
  0xFF, 0xFE, 0x00, 0x0F, 0xFF, 0xF8, 0x00, 0x3F, 0xFF, 0xC0, 0x00, 0x7F,
  0xFE, 0x00, 0x00, 0xFF, 0xFF, 0xFC, 0x01, 0xFF, 0xFF, 0xE0, 0x0F, 0xFF,
  0xFF, 0x00, 0x7F, 0xFF, 0xF8, 0x03, 0xFF, 0xFF, 0xC0, 0x1F, 0xFF, 0xFE,
  0x00, 0xFF, 0xFF, 0xF0, 0x07, 0xFF, 0xFF, 0xFF, 0xFF, 0xFF, 0xFF, 0xFF,
  0xFF, 0xFF, 0xFF, 0xFF, 0xFF, 0xFF, 0xFF, 0xFF, 0xFF, 0xFF, 0xFF, 0xFF,
  0x7F, 0xFF, 0xFF, 0xF3, 0xFF, 0xFF, 0xFF, 0x87, 0xFF, 0xFF, 0xF0, 0x07,
  0xFE, 0x00, 0x1F, 0xF8, 0x00, 0x7F, 0xE0, 0x01, 0xFF, 0x80, 0x07, 0xFE,
  0x00, 0x1F, 0xF8, 0x00, 0x7F, 0xE0, 0x01, 0xFF, 0x80, 0x07, 0xFE, 0x00,
  0x1F, 0xF8, 0x00, 0x7F, 0xE0, 0x01, 0xFF, 0x80, 0xFF, 0xFF, 0xFF, 0xFF,
  0xFF, 0xFF, 0xFF, 0xFF, 0xFF, 0xFF, 0xFF, 0xFF, 0xFF, 0xFF, 0xFF, 0xFF,
  0xFF, 0xFF, 0xFF, 0xFF, 0xFF, 0xFF, 0x07, 0xFE, 0x00, 0x1F, 0xF8, 0x00,
  0x7F, 0xE0, 0x01, 0xFF, 0x80, 0x07, 0xFE, 0x00, 0x1F, 0xF8, 0x00, 0x7F,
  0xE0, 0x01, 0xFF, 0x80, 0x07, 0xFE, 0x00, 0x1F, 0xF8, 0x00, 0x7F, 0xE0,
  0x01, 0xFF, 0x80, 0x07, 0xFE, 0x00, 0x1F, 0xF8, 0x00, 0x7F, 0xE0, 0x01,
  0xFF, 0x80, 0x07, 0xFE, 0x00, 0x1F, 0xF8, 0x00, 0x7F, 0xE0, 0x01, 0xFF,
  0x80, 0x07, 0xFE, 0x00, 0x1F, 0xF8, 0x00, 0x7F, 0xE0, 0x01, 0xFF, 0x80,
  0x07, 0xFE, 0x00, 0x1F, 0xF8, 0x00, 0x7F, 0xE0, 0x01, 0xFF, 0xFF, 0x07,
  0xFF, 0xFC, 0x1F, 0xFF, 0xF0, 0x7F, 0xFF, 0xC1, 0xFF, 0xFF, 0x03, 0xFF,
  0xFC, 0x0F, 0xFF, 0xF0, 0x0F, 0xFF, 0xC0, 0xFF, 0xC0, 0x1F, 0xFF, 0xFE,
  0x00, 0xFF, 0xFF, 0xF0, 0x07, 0xFF, 0xFF, 0x80, 0x3F, 0xFF, 0xFC, 0x01,
  0xFF, 0xFF, 0xE0, 0x0F, 0xFF, 0xFF, 0x00, 0x7F, 0xFF, 0xF8, 0x03, 0xFF,
  0xFF, 0xC0, 0x1F, 0xFF, 0xFE, 0x00, 0xFF, 0xFF, 0xF0, 0x07, 0xFF, 0xFF,
  0x80, 0x3F, 0xFF, 0xFC, 0x01, 0xFF, 0xFF, 0xE0, 0x0F, 0xFF, 0xFF, 0x00,
  0x7F, 0xFF, 0xF8, 0x03, 0xFF, 0xFF, 0xC0, 0x1F, 0xFF, 0xFE, 0x00, 0xFF,
  0xFF, 0xF0, 0x07, 0xFF, 0xFF, 0x80, 0x3F, 0xFF, 0xFC, 0x01, 0xFF, 0xFF,
  0xE0, 0x0F, 0xFF, 0xFF, 0x00, 0x7F, 0xFF, 0xF8, 0x03, 0xFF, 0xFF, 0xC0,
  0x1F, 0xFF, 0xFE, 0x00, 0xFF, 0xFF, 0xF0, 0x07, 0xFF, 0xFF, 0x80, 0x3F,
  0xFF, 0xFC, 0x01, 0xFF, 0xFF, 0xE0, 0x0F, 0xFF, 0xFF, 0x00, 0x7F, 0xFF,
  0xF8, 0x03, 0xFF, 0xFF, 0xC0, 0x1F, 0xFF, 0xFE, 0x03, 0xFF, 0xFF, 0xF3,
  0xFF, 0xFF, 0xFF, 0xFF, 0xFF, 0xFF, 0xFF, 0xFF, 0xFF, 0xFF, 0xFF, 0xFF,
  0xFF, 0xFF, 0xFF, 0xFF, 0xFF, 0xFF, 0xFF, 0xFF, 0x7F, 0xFF, 0xFF, 0xFB,
  0xFF, 0xF8, 0xFF, 0xC7, 0xF8, 0x07, 0xFE, 0xFF, 0xC0, 0x0F, 0xFF, 0xFF,
  0x00, 0x3F, 0xF7, 0xFC, 0x00, 0xFF, 0x9F, 0xF8, 0x07, 0xFE, 0x7F, 0xE0,
  0x1F, 0xF9, 0xFF, 0x80, 0x7F, 0xE3, 0xFE, 0x01, 0xFF, 0x8F, 0xF8, 0x07,
  0xFC, 0x3F, 0xE0, 0x1F, 0xF0, 0xFF, 0xC0, 0xFF, 0xC3, 0xFF, 0x03, 0xFF,
  0x07, 0xFC, 0x0F, 0xF8, 0x1F, 0xF0, 0x3F, 0xE0, 0x7F, 0xC0, 0xFF, 0x81,
  0xFF, 0x87, 0xFE, 0x03, 0xFE, 0x1F, 0xF0, 0x0F, 0xF8, 0x7F, 0xC0, 0x3F,
  0xE1, 0xFF, 0x00, 0xFF, 0x87, 0xFC, 0x01, 0xFE, 0x1F, 0xE0, 0x07, 0xFC,
  0xFF, 0x80, 0x1F, 0xF3, 0xFE, 0x00, 0x7F, 0xCF, 0xF8, 0x01, 0xFF, 0x3F,
  0xE0, 0x03, 0xFC, 0xFF, 0x00, 0x0F, 0xF3, 0xFC, 0x00, 0x3F, 0xFF, 0xF0,
  0x00, 0xFF, 0xFF, 0xC0, 0x01, 0xFF, 0xFE, 0x00, 0x07, 0xFF, 0xF8, 0x00,
  0x1F, 0xFF, 0xE0, 0x00, 0x7F, 0xFF, 0x80, 0x00, 0xFF, 0xFC, 0x00, 0x03,
  0xFF, 0xF0, 0x00, 0x0F, 0xFF, 0xC0, 0x00, 0x3F, 0xFF, 0x00, 0x00, 0xFF,
  0xFC, 0x00, 0x01, 0xFF, 0xE0, 0x00, 0x07, 0xFF, 0x80, 0x00, 0x1F, 0xFE,
  0x00, 0x00, 0x7F, 0xF8, 0x00, 0x00, 0xFF, 0xC0, 0x00, 0x03, 0xFF, 0x00,
  0x00, 0xFF, 0xC0, 0x07, 0xF0, 0x01, 0xFF, 0xFF, 0xE0, 0x03, 0xF8, 0x00,
  0xFF, 0xDF, 0xF0, 0x03, 0xFE, 0x00, 0x7F, 0xCF, 0xFC, 0x01, 0xFF, 0x00,
  0x7F, 0xE7, 0xFE, 0x00, 0xFF, 0x80, 0x3F, 0xF3, 0xFF, 0x00, 0x7F, 0xC0,
  0x1F, 0xF9, 0xFF, 0x80, 0x3F, 0xE0, 0x0F, 0xFC, 0x7F, 0xC0, 0x3F, 0xF8,
  0x07, 0xFC, 0x3F, 0xE0, 0x1F, 0xFC, 0x03, 0xFE, 0x1F, 0xF8, 0x0F, 0xFE,
  0x03, 0xFF, 0x0F, 0xFC, 0x07, 0xFF, 0x01, 0xFF, 0x87, 0xFE, 0x07, 0xFF,
  0xC0, 0xFF, 0xC1, 0xFF, 0x03, 0xFF, 0xE0, 0x7F, 0xC0, 0xFF, 0x81, 0xFF,
  0xF0, 0x3F, 0xE0, 0x7F, 0xC0, 0xFF, 0xF8, 0x1F, 0xF0, 0x3F, 0xE0, 0xFF,
  0xFE, 0x0F, 0xF8, 0x1F, 0xF8, 0x7F, 0xFF, 0x0F, 0xFC, 0x07, 0xFC, 0x3F,
  0xFF, 0x87, 0xFC, 0x03, 0xFE, 0x1F, 0xFF, 0xC3, 0xFE, 0x01, 0xFF, 0x0F,
  0xEF, 0xE1, 0xFF, 0x00, 0xFF, 0x8F, 0xF7, 0xF8, 0xFF, 0x80, 0x7F, 0xC7,
  0xFB, 0xFC, 0x7F, 0xC0, 0x1F, 0xF3, 0xFD, 0xFE, 0x7F, 0xC0, 0x0F, 0xF9,
  0xFC, 0xFF, 0x3F, 0xE0, 0x07, 0xFD, 0xFE, 0x3F, 0xDF, 0xF0, 0x03, 0xFE,
  0xFF, 0x1F, 0xEF, 0xF8, 0x00, 0xFF, 0x7F, 0x8F, 0xF7, 0xF8, 0x00, 0x7F,
  0xBF, 0xC7, 0xFB, 0xFC, 0x00, 0x3F, 0xFF, 0xC1, 0xFF, 0xFE, 0x00, 0x1F,
  0xFF, 0xE0, 0xFF, 0xFF, 0x00, 0x0F, 0xFF, 0xF0, 0x7F, 0xFF, 0x80, 0x03,
  0xFF, 0xF8, 0x3F, 0xFF, 0x80, 0x01, 0xFF, 0xF8, 0x0F, 0xFF, 0xC0, 0x00,
  0xFF, 0xFC, 0x07, 0xFF, 0xE0, 0x00, 0x7F, 0xFE, 0x03, 0xFF, 0xF0, 0x00,
  0x3F, 0xFF, 0x01, 0xFF, 0xF8, 0x00, 0x0F, 0xFF, 0x00, 0xFF, 0xF8, 0x00,
  0x07, 0xFF, 0x80, 0x3F, 0xFC, 0x00, 0x03, 0xFF, 0xC0, 0x1F, 0xFE, 0x00,
  0x01, 0xFF, 0xE0, 0x0F, 0xFF, 0x00, 0x00, 0xFF, 0xF0, 0x07, 0xFF, 0x80,
  0x00, 0x3F, 0xF0, 0x01, 0xFF, 0x80, 0x00, 0x1F, 0xF8, 0x00, 0xFF, 0xC0,
  0x00, 0x7F, 0xE0, 0x03, 0xFF, 0x1F, 0xF8, 0x03, 0xFF, 0x0F, 0xFC, 0x01,
  0xFF, 0x83, 0xFF, 0x00, 0xFF, 0x81, 0xFF, 0x80, 0xFF, 0xC0, 0x7F, 0xE0,
  0x7F, 0xE0, 0x3F, 0xF0, 0x7F, 0xE0, 0x0F, 0xFC, 0x3F, 0xF0, 0x07, 0xFE,
  0x1F, 0xF0, 0x01, 0xFF, 0x9F, 0xF8, 0x00, 0xFF, 0xCF, 0xF8, 0x00, 0x3F,
  0xEF, 0xFC, 0x00, 0x1F, 0xFF, 0xFC, 0x00, 0x07, 0xFF, 0xFE, 0x00, 0x03,
  0xFF, 0xFE, 0x00, 0x00, 0xFF, 0xFF, 0x00, 0x00, 0x7F, 0xFF, 0x00, 0x00,
  0x1F, 0xFF, 0x80, 0x00, 0x0F, 0xFF, 0xC0, 0x00, 0x03, 0xFF, 0xC0, 0x00,
  0x01, 0xFF, 0xE0, 0x00, 0x00, 0xFF, 0xF0, 0x00, 0x00, 0x7F, 0xF8, 0x00,
  0x00, 0x7F, 0xFE, 0x00, 0x00, 0x3F, 0xFF, 0x00, 0x00, 0x3F, 0xFF, 0xC0,
  0x00, 0x1F, 0xFF, 0xE0, 0x00, 0x1F, 0xFF, 0xF8, 0x00, 0x0F, 0xFF, 0xFC,
  0x00, 0x0F, 0xFF, 0xFE, 0x00, 0x07, 0xFF, 0xFF, 0x80, 0x07, 0xFE, 0x7F,
  0xC0, 0x03, 0xFF, 0x3F, 0xF0, 0x01, 0xFF, 0x0F, 0xF8, 0x01, 0xFF, 0x87,
  0xFE, 0x00, 0xFF, 0x81, 0xFF, 0x00, 0xFF, 0xC0, 0xFF, 0xC0, 0x7F, 0xE0,
  0x3F, 0xE0, 0x7F, 0xE0, 0x1F, 0xF8, 0x3F, 0xF0, 0x0F, 0xFC, 0x3F, 0xF0,
  0x03, 0xFF, 0x1F, 0xF8, 0x01, 0xFF, 0x9F, 0xF8, 0x00, 0x7F, 0xE0, 0xFF,
  0xC0, 0x0F, 0xFF, 0xFF, 0x00, 0x3F, 0xF7, 0xFC, 0x00, 0xFF, 0x9F, 0xF8,
  0x07, 0xFE, 0x7F, 0xE0, 0x1F, 0xF9, 0xFF, 0x80, 0x7F, 0xE3, 0xFE, 0x01,
  0xFF, 0x0F, 0xF8, 0x07, 0xFC, 0x3F, 0xE0, 0x1F, 0xF0, 0xFF, 0xC0, 0xFF,
  0xC3, 0xFF, 0x03, 0xFF, 0x07, 0xFC, 0x0F, 0xF8, 0x1F, 0xF0, 0x3F, 0xE0,
  0x7F, 0xC0, 0xFF, 0x81, 0xFF, 0x87, 0xFE, 0x03, 0xFE, 0x1F, 0xF0, 0x0F,
  0xF8, 0x7F, 0xC0, 0x3F, 0xE1, 0xFF, 0x00, 0xFF, 0x87, 0xFC, 0x01, 0xFE,
  0x1F, 0xE0, 0x07, 0xFC, 0xFF, 0x80, 0x1F, 0xF3, 0xFE, 0x00, 0x7F, 0xCF,
  0xF8, 0x01, 0xFF, 0x3F, 0xE0, 0x03, 0xFC, 0xFF, 0x00, 0x0F, 0xF3, 0xFC,
  0x00, 0x3F, 0xFF, 0xF0, 0x00, 0xFF, 0xFF, 0xC0, 0x01, 0xFF, 0xFE, 0x00,
  0x07, 0xFF, 0xF8, 0x00, 0x1F, 0xFF, 0xE0, 0x00, 0x7F, 0xFF, 0x80, 0x00,
  0xFF, 0xFC, 0x00, 0x03, 0xFF, 0xF0, 0x00, 0x0F, 0xFF, 0xC0, 0x00, 0x3F,
  0xFF, 0x00, 0x00, 0xFF, 0xF8, 0x00, 0x01, 0xFF, 0xE0, 0x00, 0x07, 0xFF,
  0x80, 0x00, 0x1F, 0xFE, 0x00, 0x00, 0x7F, 0xF8, 0x00, 0x00, 0xFF, 0xC0,
  0x00, 0x03, 0xFF, 0x00, 0x00, 0x0F, 0xFC, 0x00, 0x00, 0x7F, 0xE0, 0x00,
  0x01, 0xFF, 0x80, 0x00, 0x07, 0xFE, 0x00, 0x00, 0x3F, 0xF0, 0x00, 0x00,
  0xFF, 0xC0, 0x00, 0x03, 0xFF, 0x00, 0x00, 0x1F, 0xF8, 0x00, 0x00, 0x7F,
  0xE0, 0x00, 0x03, 0xFF, 0x00, 0x00, 0x0F, 0xFC, 0x00, 0x00, 0x3F, 0xF0,
  0x00, 0x01, 0xFF, 0x80, 0x00, 0x07, 0xFE, 0x00, 0x00, 0x1F, 0xF8, 0x00,
  0x00, 0xFF, 0xC0, 0x00, 0x00, 0x7F, 0xFF, 0xFF, 0xDF, 0xFF, 0xFF, 0xF7,
  0xFF, 0xFF, 0xFD, 0xFF, 0xFF, 0xFF, 0x7F, 0xFF, 0xFF, 0xDF, 0xFF, 0xFF,
  0xF7, 0xFF, 0xFF, 0xFD, 0xFF, 0xFF, 0xFE, 0x00, 0x03, 0xFF, 0x80, 0x00,
  0xFF, 0xC0, 0x00, 0x7F, 0xF0, 0x00, 0x1F, 0xF8, 0x00, 0x0F, 0xFE, 0x00,
  0x03, 0xFF, 0x00, 0x01, 0xFF, 0xC0, 0x00, 0x7F, 0xE0, 0x00, 0x3F, 0xF8,
  0x00, 0x0F, 0xFC, 0x00, 0x07, 0xFF, 0x00, 0x01, 0xFF, 0x80, 0x00, 0xFF,
  0xE0, 0x00, 0x3F, 0xF0, 0x00, 0x1F, 0xFC, 0x00, 0x07, 0xFE, 0x00, 0x03,
  0xFF, 0x80, 0x00, 0xFF, 0xC0, 0x00, 0x7F, 0xF0, 0x00, 0x1F, 0xF8, 0x00,
  0x0F, 0xFE, 0x00, 0x03, 0xFF, 0x00, 0x01, 0xFF, 0xC0, 0x00, 0x7F, 0xE0,
  0x00, 0x3F, 0xF8, 0x00, 0x0F, 0xFC, 0x00, 0x07, 0xFF, 0x00, 0x01, 0xFF,
  0xFF, 0xFF, 0xFF, 0xFF, 0xFF, 0xFF, 0xFF, 0xFF, 0xFF, 0xFF, 0xFF, 0xFF,
  0xFF, 0xFF, 0xFF, 0xFF, 0xFF, 0xFF, 0xFF, 0xFF, 0xFF, 0xFF, 0xFF, 0xFF,
  0xFC, 0x00, 0x01, 0xFF, 0xE0, 0x01, 0xFF, 0xFC, 0x00, 0x7F, 0xFF, 0x80,
  0x1F, 0xFF, 0xF0, 0x07, 0xFF, 0xFE, 0x00, 0xFF, 0xFF, 0xC0, 0x1F, 0xFF,
  0xF8, 0x07, 0xFF, 0xFF, 0x00, 0xFF, 0xFF, 0xE0, 0x1F, 0xFE, 0x00, 0x03,
  0xFF, 0x80, 0x00, 0x7F, 0xE0, 0x00, 0x0F, 0xFC, 0x00, 0x01, 0xFF, 0x80,
  0x00, 0x3F, 0xF0, 0x00, 0x07, 0xFE, 0x00, 0x00, 0xFF, 0xC0, 0x00, 0x1F,
  0xF8, 0x00, 0x03, 0xFF, 0x00, 0x00, 0x7F, 0xE0, 0x00, 0x0F, 0xFC, 0x00,
  0x01, 0xFF, 0x80, 0x00, 0x3F, 0xF0, 0x00, 0x07, 0xFE, 0x00, 0x00, 0xFF,
  0xC0, 0x00, 0x1F, 0xF8, 0x00, 0x03, 0xFF, 0x00, 0x00, 0x7F, 0xE0, 0x00,
  0x0F, 0xFC, 0x00, 0x03, 0xFF, 0x80, 0x00, 0xFF, 0xF0, 0x00, 0x3F, 0xFC,
  0x00, 0x0F, 0xFF, 0x00, 0x03, 0xFF, 0xC0, 0x00, 0xFF, 0xF0, 0x00, 0x3F,
  0xFC, 0x00, 0x0F, 0xFE, 0x00, 0x01, 0xFF, 0x80, 0x00, 0x3F, 0xF8, 0x00,
  0x03, 0xFF, 0xC0, 0x00, 0x3F, 0xFC, 0x00, 0x03, 0xFF, 0xC0, 0x00, 0x3F,
  0xFC, 0x00, 0x03, 0xFF, 0xC0, 0x00, 0x3F, 0xFC, 0x00, 0x03, 0xFF, 0x80,
  0x00, 0x3F, 0xF0, 0x00, 0x07, 0xFE, 0x00, 0x00, 0xFF, 0xC0, 0x00, 0x1F,
  0xF8, 0x00, 0x03, 0xFF, 0x00, 0x00, 0x7F, 0xE0, 0x00, 0x0F, 0xFC, 0x00,
  0x01, 0xFF, 0x80, 0x00, 0x3F, 0xF0, 0x00, 0x07, 0xFE, 0x00, 0x00, 0xFF,
  0xC0, 0x00, 0x1F, 0xF8, 0x00, 0x03, 0xFF, 0x00, 0x00, 0x7F, 0xE0, 0x00,
  0x0F, 0xFC, 0x00, 0x01, 0xFF, 0x80, 0x00, 0x3F, 0xF0, 0x00, 0x07, 0xFE,
  0x00, 0x00, 0xFF, 0xC0, 0x00, 0x1F, 0xF8, 0x00, 0x03, 0xFF, 0x00, 0x00,
  0x7F, 0xF0, 0x00, 0x0F, 0xFF, 0x00, 0x01, 0xFF, 0xFF, 0xC0, 0x3F, 0xFF,
  0xF8, 0x03, 0xFF, 0xFF, 0x00, 0x7F, 0xFF, 0xE0, 0x0F, 0xFF, 0xFC, 0x00,
  0xFF, 0xFF, 0x80, 0x0F, 0xFF, 0xF0, 0x00, 0xFF, 0xFE, 0x00, 0x03, 0xFF,
  0xC0, 0xFF, 0xFF, 0xFF, 0xFF, 0xFF, 0xFF, 0xFF, 0xFF, 0xFF, 0xFF, 0xFF,
  0xFF, 0xFF, 0xFF, 0xFF, 0xFF, 0xFF, 0xFF, 0xFF, 0xFF, 0xFF, 0xFF, 0xFF,
  0xFF, 0xFF, 0xFF, 0xFF, 0xFF, 0xFF, 0xFF, 0xFF, 0xFF, 0xFF, 0xFF, 0xFF,
  0xFF, 0xFF, 0xFF, 0xFF, 0xFF, 0xFF, 0xFF, 0xFF, 0xFF, 0xFF, 0xFF, 0xFF,
  0xFF, 0xFF, 0xFF, 0xFF, 0xFF, 0xFF, 0xFF, 0xFF, 0xFF, 0xFF, 0xFF, 0xFF,
  0xFF, 0xFF, 0xFF, 0xFF, 0xFF, 0xFF, 0xFF, 0xFF, 0xFF, 0xFF, 0xFF, 0xFF,
  0xFF, 0xFF, 0xFF, 0xFF, 0xFF, 0xFF, 0xFF, 0xFF, 0xFF, 0xFF, 0xFF, 0xFF,
  0xFF, 0xFF, 0xFF, 0xFF, 0xFF, 0xFF, 0xFF, 0xFF, 0xFF, 0xFF, 0xFF, 0xFF,
  0xFF, 0xFF, 0xFF, 0xFF, 0xFF, 0xFF, 0xFF, 0xF0, 0xFF, 0xF0, 0x00, 0x1F,
  0xFF, 0xC0, 0x03, 0xFF, 0xFC, 0x00, 0x7F, 0xFF, 0xC0, 0x0F, 0xFF, 0xFC,
  0x01, 0xFF, 0xFF, 0x80, 0x3F, 0xFF, 0xF0, 0x07, 0xFF, 0xFF, 0x00, 0xFF,
  0xFF, 0xE0, 0x00, 0x3F, 0xFC, 0x00, 0x03, 0xFF, 0x80, 0x00, 0x3F, 0xF0,
  0x00, 0x07, 0xFE, 0x00, 0x00, 0xFF, 0xC0, 0x00, 0x1F, 0xF8, 0x00, 0x03,
  0xFF, 0x00, 0x00, 0x7F, 0xE0, 0x00, 0x0F, 0xFC, 0x00, 0x01, 0xFF, 0x80,
  0x00, 0x3F, 0xF0, 0x00, 0x07, 0xFE, 0x00, 0x00, 0xFF, 0xC0, 0x00, 0x1F,
  0xF8, 0x00, 0x03, 0xFF, 0x00, 0x00, 0x7F, 0xE0, 0x00, 0x0F, 0xFC, 0x00,
  0x01, 0xFF, 0x80, 0x00, 0x3F, 0xF0, 0x00, 0x07, 0xFE, 0x00, 0x00, 0xFF,
  0xE0, 0x00, 0x1F, 0xFE, 0x00, 0x01, 0xFF, 0xE0, 0x00, 0x3F, 0xFE, 0x00,
  0x01, 0xFF, 0xE0, 0x00, 0x1F, 0xFE, 0x00, 0x01, 0xFF, 0xE0, 0x00, 0x0F,
  0xFE, 0x00, 0x00, 0xFF, 0xC0, 0x00, 0x3F, 0xF8, 0x00, 0x1F, 0xFE, 0x00,
  0x07, 0xFF, 0x80, 0x01, 0xFF, 0xE0, 0x00, 0x7F, 0xF8, 0x00, 0x1F, 0xFE,
  0x00, 0x07, 0xFF, 0x80, 0x00, 0xFF, 0xE0, 0x00, 0x1F, 0xF8, 0x00, 0x03,
  0xFF, 0x00, 0x00, 0x7F, 0xE0, 0x00, 0x0F, 0xFC, 0x00, 0x01, 0xFF, 0x80,
  0x00, 0x3F, 0xF0, 0x00, 0x07, 0xFE, 0x00, 0x00, 0xFF, 0xC0, 0x00, 0x1F,
  0xF8, 0x00, 0x03, 0xFF, 0x00, 0x00, 0x7F, 0xE0, 0x00, 0x0F, 0xFC, 0x00,
  0x01, 0xFF, 0x80, 0x00, 0x3F, 0xF0, 0x00, 0x07, 0xFE, 0x00, 0x00, 0xFF,
  0xC0, 0x00, 0x1F, 0xF8, 0x00, 0x03, 0xFF, 0x00, 0x00, 0x7F, 0xE0, 0x00,
  0x0F, 0xFC, 0x00, 0x01, 0xFF, 0x80, 0x00, 0x7F, 0xF0, 0x00, 0x1F, 0xFE,
  0x01, 0xFF, 0xFF, 0xC0, 0x3F, 0xFF, 0xF8, 0x07, 0xFF, 0xFE, 0x00, 0xFF,
  0xFF, 0xC0, 0x1F, 0xFF, 0xF8, 0x03, 0xFF, 0xFE, 0x00, 0x7F, 0xFF, 0x80,
  0x0F, 0xFF, 0xE0, 0x01, 0xFF, 0xE0, 0x00, 0x00, 0x3F, 0x00, 0x01, 0xFF,
  0xBF, 0xE0, 0x00, 0xFF, 0xFF, 0xFE, 0x00, 0x7F, 0xFF, 0xFF, 0xC0, 0x3F,
  0xFF, 0xFF, 0xF8, 0x1F, 0xFF, 0xFF, 0xFF, 0x8F, 0xFF, 0xFF, 0xFF, 0xF7,
  0xFF, 0xFF, 0xFF, 0xFF, 0xFF, 0xFF, 0xFF, 0xFF, 0xFF, 0xFF, 0xEF, 0xFF,
  0xFF, 0xFF, 0xF1, 0xFF, 0xFF, 0xFF, 0xF8, 0x1F, 0xFF, 0xFF, 0xFC, 0x03,
  0xFF, 0xFF, 0xFE, 0x00, 0x7F, 0xFF, 0xFF, 0x00, 0x07, 0xFD, 0xFF, 0x80,
  0x00, 0xFC };

const GFXglyph AGENCYB45pt7bGlyphs[] PROGMEM = {
  {     0,   1,   1,  18,    0,    0 },   // 0x20 ' '
  {     1,  10,  67,  18,    4,  -66 },   // 0x21 '!'
  {    85,  24,  21,  30,    3,  -66 },   // 0x22 '"'
  {   148,  44,  67,  48,    2,  -66 },   // 0x23 '#'
  {   517,  32,  78,  40,    4,  -72 },   // 0x24 '$'
  {   829,  54,  67,  58,    2,  -66 },   // 0x25 '%'
  {  1282,  39,  67,  43,    4,  -66 },   // 0x26 '&'
  {  1609,  10,  21,  16,    3,  -66 },   // 0x27 '''
  {  1636,  20,  76,  26,    4,  -66 },   // 0x28 '('
  {  1826,  21,  76,  27,    2,  -66 },   // 0x29 ')'
  {  2026,  34,  34,  42,    4,  -66 },   // 0x2A '*'
  {  2171,  36,  35,  42,    3,  -46 },   // 0x2B '+'
  {  2329,  12,  18,  17,    2,  -10 },   // 0x2C ','
  {  2356,  21,   9,  29,    4,  -29 },   // 0x2D '-'
  {  2380,  10,  11,  18,    4,  -10 },   // 0x2E '.'
  {  2394,  35,  67,  39,    2,  -66 },   // 0x2F '/'
  {  2688,  33,  67,  41,    4,  -66 },   // 0x30 '0'
  {  2965,  14,  67,  20,    2,  -66 },   // 0x31 '1'
  {  3083,  35,  67,  43,    4,  -66 },   // 0x32 '2'
  {  3377,  33,  67,  41,    4,  -66 },   // 0x33 '3'
  {  3654,  37,  67,  41,    2,  -66 },   // 0x34 '4'
  {  3964,  33,  67,  41,    4,  -66 },   // 0x35 '5'
  {  4241,  33,  67,  41,    4,  -66 },   // 0x36 '6'
  {  4518,  34,  67,  39,    3,  -66 },   // 0x37 '7'
  {  4803,  33,  67,  41,    4,  -66 },   // 0x38 '8'
  {  5080,  33,  67,  41,    4,  -66 },   // 0x39 '9'
  {  5357,  10,  38,  16,    3,  -37 },   // 0x3A ':'
  {  5405,  12,  45,  16,    1,  -37 },   // 0x3B ';'
  {  5473,  25,  41,  32,    3,  -49 },   // 0x3C '<'
  {  5602,  35,  27,  41,    3,  -40 },   // 0x3D '='
  {  5721,  26,  41,  32,    3,  -49 },   // 0x3E '>'
  {  5855,  31,  67,  38,    4,  -66 },   // 0x3F '?'
  {  6115,  44,  67,  51,    3,  -66 },   // 0x40 '@'
  {  6484,  36,  67,  36,    0,  -66 },   // 0x41 'A'
  {  6786,  34,  67,  42,    4,  -66 },   // 0x42 'B'
  {  7071,  34,  67,  42,    4,  -66 },   // 0x43 'C'
  {  7356,  34,  67,  42,    4,  -66 },   // 0x44 'D'
  {  7641,  28,  67,  36,    4,  -66 },   // 0x45 'E'
  {  7876,  27,  67,  31,    4,  -66 },   // 0x46 'F'
  {  8103,  34,  67,  42,    4,  -66 },   // 0x47 'G'
  {  8388,  34,  67,  42,    4,  -66 },   // 0x48 'H'
  {  8673,  10,  67,  18,    4,  -66 },   // 0x49 'I'
  {  8757,  31,  67,  38,    3,  -66 },   // 0x4A 'J'
  {  9017,  34,  67,  38,    4,  -66 },   // 0x4B 'K'
  {  9302,  26,  67,  30,    4,  -66 },   // 0x4C 'L'
  {  9520,  41,  67,  49,    4,  -66 },   // 0x4D 'M'
  {  9864,  34,  67,  42,    4,  -66 },   // 0x4E 'N'
  { 10149,  34,  67,  42,    4,  -66 },   // 0x4F 'O'
  { 10434,  34,  67,  42,    4,  -66 },   // 0x50 'P'
  { 10719,  39,  67,  42,    4,  -66 },   // 0x51 'Q'
  { 11046,  36,  67,  42,    4,  -66 },   // 0x52 'R'
  { 11348,  34,  67,  42,    4,  -66 },   // 0x53 'S'
  { 11633,  32,  67,  32,    0,  -66 },   // 0x54 'T'
  { 11901,  34,  67,  42,    4,  -66 },   // 0x55 'U'
  { 12186,  34,  67,  34,    0,  -66 },   // 0x56 'V'
  { 12471,  52,  67,  52,    0,  -66 },   // 0x57 'W'
  { 12907,  37,  67,  37,    0,  -66 },   // 0x58 'X'
  { 13217,  36,  67,  36,    0,  -66 },   // 0x59 'Y'
  { 13519,  31,  67,  31,    0,  -66 },   // 0x5A 'Z'
  { 13779,  19,  78,  26,    4,  -66 },   // 0x5B '['
  { 13965,  35,  67,  39,    2,  -66 },   // 0x5C '\'
  { 14259,  19,  78,  26,    3,  -66 },   // 0x5D ']'
  { 14445,  30,  24,  37,    4,  -66 },   // 0x5E '^'
  { 14535,  35,   7,  35,    0,   12 },   // 0x5F '_'
  { 14566,  20,  12,  36,   10,  -57 },   // 0x60 '`'
  { 14596,  29,  43,  37,    4,  -42 },   // 0x61 'a'
  { 14752,  29,  67,  37,    4,  -66 },   // 0x62 'b'
  { 14995,  29,  43,  37,    4,  -42 },   // 0x63 'c'
  { 15151,  29,  67,  37,    4,  -66 },   // 0x64 'd'
  { 15394,  29,  43,  37,    4,  -42 },   // 0x65 'e'
  { 15550,  21,  67,  23,    2,  -66 },   // 0x66 'f'
  { 15726,  29,  59,  37,    4,  -42 },   // 0x67 'g'
  { 15940,  29,  67,  37,    4,  -66 },   // 0x68 'h'
  { 16183,  10,  60,  18,    4,  -59 },   // 0x69 'i'
  { 16258,  16,  76,  18,   -2,  -59 },   // 0x6A 'j'
  { 16410,  29,  67,  33,    4,  -66 },   // 0x6B 'k'
  { 16653,  10,  67,  18,    4,  -66 },   // 0x6C 'l'
  { 16737,  48,  43,  56,    4,  -42 },   // 0x6D 'm'
  { 16995,  29,  43,  37,    4,  -42 },   // 0x6E 'n'
  { 17151,  29,  43,  37,    4,  -42 },   // 0x6F 'o'
  { 17307,  29,  59,  37,    4,  -42 },   // 0x70 'p'
  { 17521,  29,  59,  37,    4,  -42 },   // 0x71 'q'
  { 17735,  29,  43,  35,    4,  -42 },   // 0x72 'r'
  { 17891,  29,  43,  37,    4,  -42 },   // 0x73 's'
  { 18047,  22,  55,  25,    1,  -54 },   // 0x74 't'
  { 18199,  29,  43,  37,    4,  -42 },   // 0x75 'u'
  { 18355,  30,  43,  30,    0,  -42 },   // 0x76 'v'
  { 18517,  49,  43,  49,    0,  -42 },   // 0x77 'w'
  { 18781,  33,  43,  33,    0,  -42 },   // 0x78 'x'
  { 18959,  30,  59,  30,    0,  -42 },   // 0x79 'y'
  { 19181,  26,  43,  28,    0,  -42 },   // 0x7A 'z'
  { 19321,  27,  78,  33,    3,  -66 },   // 0x7B '{'
  { 19585,  10,  82,  18,    4,  -66 },   // 0x7C '|'
  { 19688,  27,  78,  33,    3,  -66 },   // 0x7D '}'
  { 19952,  33,  16,  45,    6,  -33 } }; // 0x7E '~'

const GFXfont AGENCYB45pt7b PROGMEM = {
  (uint8_t  *)AGENCYB45pt7bBitmaps,
  (GFXglyph *)AGENCYB45pt7bGlyphs,
  0x20, 0x7E, 106 };

// Approx. 20690 bytes
